REPLAY a2_basis: source checkpoint configuration, transport=linear
device cuda | backbone small_unet | k=16
φ 27.80M + encoder 0.33M + transport 0.4K
training episode combinations 900 | 50000 steps

step      1  L=3.2945  src=1.0977  tgt=1.0984  trans=1.0983  gain=+0.0001  |dz|=0.000  1.5 it/s
step     50  L=1.0747  src=0.3940  tgt=0.3391  trans=0.3415  gain=-0.0024  |dz|=0.006  10.2 it/s
step    100  L=0.4979  src=0.1976  tgt=0.1499  trans=0.1499  gain=+0.0000  |dz|=0.035  10.9 it/s
step    150  L=0.3122  src=0.1444  tgt=0.0835  trans=0.0836  gain=-0.0001  |dz|=0.046  11.2 it/s
step    200  L=0.2504  src=0.0952  tgt=0.0774  trans=0.0769  gain=+0.0004  |dz|=0.049  11.3 it/s
step    250  L=0.2173  src=0.0855  tgt=0.0657  trans=0.0652  gain=+0.0005  |dz|=0.029  11.4 it/s
step    300  L=0.3038  src=0.0942  tgt=0.1042  trans=0.1046  gain=-0.0004  |dz|=0.023  11.5 it/s
step    350  L=0.6561  src=0.1452  tgt=0.2554  trans=0.2548  gain=+0.0006  |dz|=0.041  11.5 it/s
step    400  L=0.4745  src=0.0837  tgt=0.1953  trans=0.1951  gain=+0.0002  |dz|=0.061  11.5 it/s
step    450  L=0.5951  src=0.0804  tgt=0.2586  trans=0.2557  gain=+0.0029  |dz|=0.067  11.6 it/s
step    500  L=0.2730  src=0.0914  tgt=0.0906  trans=0.0907  gain=-0.0001  |dz|=0.027  11.6 it/s
step    550  L=0.1873  src=0.0998  tgt=0.0437  trans=0.0436  gain=+0.0001  |dz|=0.035  11.6 it/s
step    600  L=0.6145  src=0.1152  tgt=0.2514  trans=0.2476  gain=+0.0039  |dz|=0.108  11.6 it/s
step    650  L=0.4966  src=0.1234  tgt=0.1876  trans=0.1854  gain=+0.0022  |dz|=0.116  11.6 it/s
step    700  L=0.5194  src=0.0891  tgt=0.2149  trans=0.2152  gain=-0.0003  |dz|=0.115  11.6 it/s
step    750  L=0.3472  src=0.0633  tgt=0.1423  trans=0.1415  gain=+0.0008  |dz|=0.113  11.6 it/s
step    800  L=0.2226  src=0.1089  tgt=0.0567  trans=0.0568  gain=-0.0001  |dz|=0.048  11.6 it/s
step    850  L=0.1408  src=0.0727  tgt=0.0338  trans=0.0340  gain=-0.0002  |dz|=0.045  11.7 it/s
step    900  L=0.1974  src=0.1129  tgt=0.0419  trans=0.0425  gain=-0.0006  |dz|=0.048  11.7 it/s
step    950  L=0.1016  src=0.0527  tgt=0.0245  trans=0.0243  gain=+0.0002  |dz|=0.050  11.7 it/s
step   1000  L=0.1509  src=0.0748  tgt=0.0379  trans=0.0381  gain=-0.0002  |dz|=0.050  11.7 it/s
step   1050  L=0.1815  src=0.0665  tgt=0.0574  trans=0.0575  gain=-0.0001  |dz|=0.051  11.7 it/s
step   1100  L=0.4871  src=0.0495  tgt=0.2191  trans=0.2184  gain=+0.0007  |dz|=0.095  11.7 it/s
step   1150  L=0.1690  src=0.0753  tgt=0.0467  trans=0.0469  gain=-0.0002  |dz|=0.057  11.7 it/s
step   1200  L=0.2565  src=0.0337  tgt=0.1115  trans=0.1112  gain=+0.0003  |dz|=0.082  11.7 it/s
step   1250  L=0.1351  src=0.0755  tgt=0.0298  trans=0.0298  gain=+0.0000  |dz|=0.050  11.7 it/s
step   1300  L=0.1279  src=0.0723  tgt=0.0277  trans=0.0279  gain=-0.0002  |dz|=0.058  11.7 it/s
step   1350  L=0.1564  src=0.0689  tgt=0.0437  trans=0.0437  gain=+0.0000  |dz|=0.057  11.7 it/s
step   1400  L=0.0998  src=0.0499  tgt=0.0249  trans=0.0249  gain=-0.0000  |dz|=0.056  11.7 it/s
step   1450  L=0.1367  src=0.0762  tgt=0.0303  trans=0.0302  gain=+0.0001  |dz|=0.062  11.7 it/s
step   1500  L=0.1370  src=0.0509  tgt=0.0430  trans=0.0430  gain=-0.0001  |dz|=0.058  11.7 it/s
step   1550  L=0.1456  src=0.0910  tgt=0.0273  trans=0.0273  gain=+0.0000  |dz|=0.069  11.7 it/s
step   1600  L=0.1421  src=0.0562  tgt=0.0429  trans=0.0429  gain=+0.0000  |dz|=0.059  11.7 it/s
step   1650  L=0.2162  src=0.1116  tgt=0.0523  trans=0.0523  gain=+0.0001  |dz|=0.073  11.7 it/s
step   1700  L=0.4922  src=0.0739  tgt=0.2090  trans=0.2092  gain=-0.0002  |dz|=0.080  11.7 it/s
step   1750  L=0.0859  src=0.0380  tgt=0.0239  trans=0.0239  gain=+0.0000  |dz|=0.060  11.7 it/s
step   1800  L=0.1368  src=0.0713  tgt=0.0327  trans=0.0327  gain=-0.0000  |dz|=0.062  11.7 it/s
step   1850  L=0.1467  src=0.0488  tgt=0.0489  trans=0.0489  gain=-0.0000  |dz|=0.065  11.7 it/s
step   1900  L=0.1198  src=0.0559  tgt=0.0319  trans=0.0319  gain=-0.0001  |dz|=0.066  11.7 it/s
step   1950  L=0.5706  src=0.0681  tgt=0.2512  trans=0.2512  gain=+0.0000  |dz|=0.079  11.7 it/s
step   2000  L=0.5461  src=0.0760  tgt=0.2351  trans=0.2349  gain=+0.0002  |dz|=0.081  11.7 it/s
  [diagnostics @ 2000] loss_correct=0.0840  loss_zero=0.1520  loss_shuffled=0.0844  loss_random=0.1545  loss_target_only=0.0839  loss_mean_z=0.0915  r_basis=0.2785  |dz_transport|=0.0546  z_s_vs_enc_rel=0.0412  z_spread_rel=0.0499  gain_vs_zero=0.0680  gain_vs_shuffled=0.0004  gain_vs_target_only=-0.0002  gain_vs_mean_z=0.0075  delta_task=0.0075  z_center_norm=0.5931  task_specific_frac=0.1099
    ⚠ coordinate collapse: relative spacing of z across episodes is only 0.050 (threshold 0.05) -- the encoder emits a near-constant, so gain_vs_zero reflects the basis acting as shared capacity, not task specificity
    ⚠ z_S and z^enc_T are only 0.041 apart relatively -- the encoder is not separating the source set from the target set
step   2050  L=0.1958  src=0.0806  tgt=0.0575  trans=0.0576  gain=-0.0001  |dz|=0.066  11.5 it/s
step   2100  L=0.1929  src=0.0758  tgt=0.0585  trans=0.0586  gain=-0.0001  |dz|=0.067  11.5 it/s
step   2150  L=0.1295  src=0.0819  tgt=0.0238  trans=0.0237  gain=+0.0001  |dz|=0.068  11.5 it/s
step   2200  L=0.1618  src=0.1023  tgt=0.0298  trans=0.0297  gain=+0.0001  |dz|=0.089  11.5 it/s
step   2250  L=0.1373  src=0.0566  tgt=0.0403  trans=0.0403  gain=-0.0000  |dz|=0.068  11.5 it/s
step   2300  L=0.1083  src=0.0535  tgt=0.0274  trans=0.0274  gain=-0.0000  |dz|=0.067  11.5 it/s
step   2350  L=0.1078  src=0.0657  tgt=0.0210  trans=0.0210  gain=+0.0000  |dz|=0.067  11.6 it/s
step   2400  L=0.2782  src=0.0475  tgt=0.1153  trans=0.1154  gain=-0.0000  |dz|=0.081  11.6 it/s
step   2450  L=0.1012  src=0.0547  tgt=0.0233  trans=0.0232  gain=+0.0001  |dz|=0.092  11.6 it/s
step   2500  L=0.1121  src=0.0473  tgt=0.0324  trans=0.0323  gain=+0.0001  |dz|=0.093  11.6 it/s
step   2550  L=0.1027  src=0.0494  tgt=0.0266  trans=0.0266  gain=+0.0000  |dz|=0.093  11.6 it/s
step   2600  L=0.1610  src=0.0970  tgt=0.0320  trans=0.0319  gain=+0.0002  |dz|=0.068  11.6 it/s
step   2650  L=0.1242  src=0.0457  tgt=0.0393  trans=0.0392  gain=+0.0000  |dz|=0.094  11.6 it/s
step   2700  L=0.1079  src=0.0612  tgt=0.0233  trans=0.0233  gain=+0.0000  |dz|=0.070  11.6 it/s
step   2750  L=0.1409  src=0.0670  tgt=0.0370  trans=0.0369  gain=+0.0001  |dz|=0.071  11.6 it/s
step   2800  L=0.1360  src=0.0953  tgt=0.0203  trans=0.0203  gain=+0.0000  |dz|=0.095  11.6 it/s
step   2850  L=0.2976  src=0.0437  tgt=0.1269  trans=0.1269  gain=+0.0000  |dz|=0.084  11.6 it/s
step   2900  L=0.1622  src=0.0628  tgt=0.0497  trans=0.0497  gain=+0.0001  |dz|=0.094  11.6 it/s
step   2950  L=0.4478  src=0.0675  tgt=0.1901  trans=0.1901  gain=-0.0000  |dz|=0.084  11.6 it/s
step   3000  L=0.1334  src=0.0793  tgt=0.0270  trans=0.0271  gain=-0.0001  |dz|=0.097  11.6 it/s
step   3050  L=0.4988  src=0.0381  tgt=0.2303  trans=0.2304  gain=-0.0000  |dz|=0.083  11.6 it/s
step   3100  L=0.1467  src=0.0961  tgt=0.0253  trans=0.0253  gain=-0.0001  |dz|=0.071  11.6 it/s
step   3150  L=0.1163  src=0.0526  tgt=0.0318  trans=0.0319  gain=-0.0000  |dz|=0.072  11.6 it/s
step   3200  L=0.1846  src=0.0777  tgt=0.0534  trans=0.0535  gain=-0.0001  |dz|=0.072  11.6 it/s
step   3250  L=0.1259  src=0.0659  tgt=0.0300  trans=0.0300  gain=-0.0001  |dz|=0.076  11.6 it/s
step   3300  L=0.4055  src=0.0544  tgt=0.1756  trans=0.1755  gain=+0.0001  |dz|=0.082  11.6 it/s
step   3350  L=0.2071  src=0.0347  tgt=0.0862  trans=0.0862  gain=+0.0001  |dz|=0.084  11.6 it/s
step   3400  L=0.1111  src=0.0571  tgt=0.0270  trans=0.0270  gain=+0.0000  |dz|=0.095  11.6 it/s
step   3450  L=0.0914  src=0.0394  tgt=0.0259  trans=0.0260  gain=-0.0002  |dz|=0.077  11.6 it/s
step   3500  L=0.0982  src=0.0529  tgt=0.0226  trans=0.0227  gain=-0.0000  |dz|=0.073  11.6 it/s
step   3550  L=0.4646  src=0.0832  tgt=0.1909  trans=0.1905  gain=+0.0004  |dz|=0.086  11.6 it/s
step   3600  L=0.1009  src=0.0354  tgt=0.0328  trans=0.0327  gain=+0.0001  |dz|=0.095  11.6 it/s
step   3650  L=0.1485  src=0.0745  tgt=0.0370  trans=0.0370  gain=+0.0001  |dz|=0.097  11.6 it/s
step   3700  L=0.3367  src=0.0792  tgt=0.1288  trans=0.1286  gain=+0.0002  |dz|=0.095  11.6 it/s
step   3750  L=0.1007  src=0.0548  tgt=0.0230  trans=0.0230  gain=+0.0000  |dz|=0.098  11.6 it/s
step   3800  L=0.3259  src=0.0744  tgt=0.1256  trans=0.1258  gain=-0.0002  |dz|=0.089  11.6 it/s
step   3850  L=0.1216  src=0.0354  tgt=0.0431  trans=0.0430  gain=+0.0001  |dz|=0.075  11.5 it/s
step   3900  L=0.1697  src=0.0729  tgt=0.0484  trans=0.0484  gain=-0.0001  |dz|=0.075  11.4 it/s
step   3950  L=0.2884  src=0.0382  tgt=0.1249  trans=0.1252  gain=-0.0004  |dz|=0.112  11.4 it/s
step   4000  L=0.1212  src=0.0572  tgt=0.0320  trans=0.0320  gain=-0.0000  |dz|=0.074  11.3 it/s
  [diagnostics @ 4000] loss_correct=0.0672  loss_zero=0.1057  loss_shuffled=0.0675  loss_random=0.1076  loss_target_only=0.0672  loss_mean_z=0.0688  r_basis=0.2508  |dz_transport|=0.0822  z_s_vs_enc_rel=0.1193  z_spread_rel=0.1247  gain_vs_zero=0.0385  gain_vs_shuffled=0.0004  gain_vs_target_only=0.0001  gain_vs_mean_z=0.0017  delta_task=0.0017  z_center_norm=0.3465  task_specific_frac=0.0438
    ⚠ gain_vs_zero=0.0385 looks healthy but only 4.4% of it is task-specific: one shared mean coordinate does just as well, so the basis is a constant offset, not adaptation
step   4050  L=0.1209  src=0.0467  tgt=0.0372  trans=0.0370  gain=+0.0002  |dz|=0.102  11.0 it/s
step   4100  L=0.1304  src=0.0614  tgt=0.0345  trans=0.0344  gain=+0.0001  |dz|=0.102  10.9 it/s
step   4150  L=0.0587  src=0.0303  tgt=0.0142  trans=0.0141  gain=+0.0001  |dz|=0.102  10.8 it/s
step   4200  L=0.3849  src=0.0498  tgt=0.1675  trans=0.1675  gain=+0.0000  |dz|=0.094  10.8 it/s
step   4250  L=0.0894  src=0.0332  tgt=0.0281  trans=0.0281  gain=+0.0000  |dz|=0.102  10.7 it/s
step   4300  L=0.3367  src=0.0447  tgt=0.1460  trans=0.1459  gain=+0.0001  |dz|=0.093  10.6 it/s
step   4350  L=0.1177  src=0.0504  tgt=0.0337  trans=0.0336  gain=+0.0001  |dz|=0.100  10.6 it/s
step   4400  L=0.1236  src=0.0578  tgt=0.0329  trans=0.0329  gain=+0.0001  |dz|=0.102  10.5 it/s
step   4450  L=0.1092  src=0.0579  tgt=0.0257  trans=0.0257  gain=+0.0000  |dz|=0.078  10.5 it/s
step   4500  L=0.1298  src=0.0877  tgt=0.0210  trans=0.0210  gain=-0.0000  |dz|=0.103  10.5 it/s
step   4550  L=0.1742  src=0.0790  tgt=0.0476  trans=0.0475  gain=+0.0001  |dz|=0.103  10.4 it/s
step   4600  L=0.1072  src=0.0449  tgt=0.0311  trans=0.0311  gain=-0.0000  |dz|=0.078  10.4 it/s
step   4650  L=0.2860  src=0.0843  tgt=0.1009  trans=0.1008  gain=+0.0001  |dz|=0.099  10.3 it/s
step   4700  L=0.1353  src=0.0676  tgt=0.0339  trans=0.0338  gain=+0.0001  |dz|=0.078  10.3 it/s
step   4750  L=0.1812  src=0.0442  tgt=0.0685  trans=0.0685  gain=-0.0000  |dz|=0.079  10.2 it/s
step   4800  L=0.4215  src=0.0588  tgt=0.1813  trans=0.1814  gain=-0.0001  |dz|=0.099  10.1 it/s
step   4850  L=0.1427  src=0.0502  tgt=0.0463  trans=0.0463  gain=-0.0000  |dz|=0.080  10.0 it/s
step   4900  L=0.4764  src=0.0649  tgt=0.2059  trans=0.2056  gain=+0.0002  |dz|=0.104  10.0 it/s
step   4950  L=0.1381  src=0.0909  tgt=0.0237  trans=0.0235  gain=+0.0001  |dz|=0.101  9.9 it/s
step   5000  L=0.3485  src=0.0449  tgt=0.1518  trans=0.1517  gain=+0.0001  |dz|=0.106  9.9 it/s
step   5050  L=0.0888  src=0.0510  tgt=0.0189  trans=0.0189  gain=+0.0000  |dz|=0.101  9.8 it/s
step   5100  L=0.0943  src=0.0546  tgt=0.0199  trans=0.0198  gain=+0.0001  |dz|=0.100  9.7 it/s
step   5150  L=0.4536  src=0.0512  tgt=0.2013  trans=0.2011  gain=+0.0002  |dz|=0.103  9.7 it/s
step   5200  L=0.1896  src=0.1153  tgt=0.0373  trans=0.0370  gain=+0.0003  |dz|=0.103  9.6 it/s
step   5250  L=0.4222  src=0.0539  tgt=0.1841  trans=0.1841  gain=-0.0000  |dz|=0.105  9.6 it/s
step   5300  L=0.5594  src=0.0573  tgt=0.2510  trans=0.2510  gain=+0.0000  |dz|=0.102  9.5 it/s
step   5350  L=0.1859  src=0.1050  tgt=0.0404  trans=0.0404  gain=-0.0000  |dz|=0.101  9.5 it/s
step   5400  L=0.1385  src=0.0797  tgt=0.0294  trans=0.0294  gain=-0.0000  |dz|=0.081  9.4 it/s
step   5450  L=0.4524  src=0.0519  tgt=0.2003  trans=0.2002  gain=+0.0000  |dz|=0.104  9.4 it/s
step   5500  L=0.1077  src=0.0632  tgt=0.0222  trans=0.0222  gain=+0.0000  |dz|=0.102  9.3 it/s
step   5550  L=0.1088  src=0.0487  tgt=0.0301  trans=0.0301  gain=-0.0000  |dz|=0.084  9.3 it/s
step   5600  L=0.1340  src=0.0497  tgt=0.0422  trans=0.0422  gain=-0.0000  |dz|=0.084  9.2 it/s
step   5650  L=0.1773  src=0.0862  tgt=0.0455  trans=0.0456  gain=-0.0000  |dz|=0.083  9.2 it/s
step   5700  L=0.1338  src=0.0652  tgt=0.0342  trans=0.0343  gain=-0.0000  |dz|=0.104  9.2 it/s
step   5750  L=0.1400  src=0.0547  tgt=0.0426  trans=0.0427  gain=-0.0001  |dz|=0.103  9.1 it/s
step   5800  L=0.4518  src=0.0895  tgt=0.1812  trans=0.1811  gain=+0.0000  |dz|=0.112  9.1 it/s
step   5850  L=0.0908  src=0.0487  tgt=0.0211  trans=0.0211  gain=+0.0000  |dz|=0.104  9.0 it/s
step   5900  L=0.1199  src=0.0761  tgt=0.0219  trans=0.0219  gain=+0.0000  |dz|=0.102  9.0 it/s
step   5950  L=0.2894  src=0.0599  tgt=0.1147  trans=0.1147  gain=+0.0000  |dz|=0.110  9.0 it/s
step   6000  L=0.1227  src=0.0594  tgt=0.0316  trans=0.0316  gain=-0.0000  |dz|=0.104  8.9 it/s
  [diagnostics @ 6000] loss_correct=0.0866  loss_zero=0.1062  loss_shuffled=0.0869  loss_random=0.1074  loss_target_only=0.0866  loss_mean_z=0.0871  r_basis=0.1702  |dz_transport|=0.0931  z_s_vs_enc_rel=0.2866  z_spread_rel=0.3087  gain_vs_zero=0.0196  gain_vs_shuffled=0.0003  gain_vs_target_only=0.0000  gain_vs_mean_z=0.0005  delta_task=0.0005  z_center_norm=0.2337  task_specific_frac=0.0258
    ⚠ gain_vs_zero=0.0196 looks healthy but only 2.6% of it is task-specific: one shared mean coordinate does just as well, so the basis is a constant offset, not adaptation
step   6050  L=0.3548  src=0.0873  tgt=0.1337  trans=0.1338  gain=-0.0001  |dz|=0.111  8.8 it/s
step   6100  L=0.3920  src=0.0621  tgt=0.1650  trans=0.1649  gain=+0.0001  |dz|=0.112  8.7 it/s
step   6150  L=0.1066  src=0.0465  tgt=0.0300  trans=0.0300  gain=-0.0000  |dz|=0.104  8.7 it/s
step   6200  L=0.0932  src=0.0378  tgt=0.0277  trans=0.0277  gain=-0.0000  |dz|=0.103  8.7 it/s
step   6250  L=0.3994  src=0.0554  tgt=0.1721  trans=0.1720  gain=+0.0001  |dz|=0.112  8.6 it/s
step   6300  L=0.0970  src=0.0535  tgt=0.0218  trans=0.0217  gain=+0.0001  |dz|=0.104  8.6 it/s
step   6350  L=0.6288  src=0.0571  tgt=0.2858  trans=0.2859  gain=-0.0001  |dz|=0.115  8.6 it/s
step   6400  L=0.1473  src=0.0691  tgt=0.0391  trans=0.0391  gain=+0.0001  |dz|=0.087  8.5 it/s
step   6450  L=0.2229  src=0.0851  tgt=0.0689  trans=0.0689  gain=+0.0000  |dz|=0.087  8.5 it/s
step   6500  L=0.3313  src=0.0521  tgt=0.1396  trans=0.1396  gain=+0.0000  |dz|=0.117  8.5 it/s
step   6550  L=0.0954  src=0.0351  tgt=0.0302  trans=0.0301  gain=+0.0001  |dz|=0.086  8.5 it/s
step   6600  L=0.2546  src=0.0613  tgt=0.0966  trans=0.0966  gain=-0.0000  |dz|=0.116  8.4 it/s
step   6650  L=0.1244  src=0.0554  tgt=0.0346  trans=0.0344  gain=+0.0002  |dz|=0.106  8.4 it/s
step   6700  L=0.0744  src=0.0406  tgt=0.0169  trans=0.0169  gain=+0.0000  |dz|=0.087  8.4 it/s
step   6750  L=0.0907  src=0.0419  tgt=0.0244  trans=0.0244  gain=+0.0000  |dz|=0.105  8.4 it/s
step   6800  L=0.1077  src=0.0476  tgt=0.0301  trans=0.0300  gain=+0.0000  |dz|=0.106  8.4 it/s
step   6850  L=0.1449  src=0.0482  tgt=0.0484  trans=0.0483  gain=+0.0001  |dz|=0.084  8.4 it/s
step   6900  L=0.1543  src=0.0687  tgt=0.0428  trans=0.0428  gain=+0.0001  |dz|=0.085  8.3 it/s
step   6950  L=0.1358  src=0.0724  tgt=0.0317  trans=0.0317  gain=+0.0000  |dz|=0.107  8.3 it/s
step   7000  L=0.1423  src=0.0780  tgt=0.0322  trans=0.0320  gain=+0.0002  |dz|=0.111  8.3 it/s
step   7050  L=0.1366  src=0.0695  tgt=0.0336  trans=0.0335  gain=+0.0001  |dz|=0.088  8.3 it/s
step   7100  L=0.1228  src=0.0633  tgt=0.0298  trans=0.0297  gain=+0.0001  |dz|=0.089  8.3 it/s
step   7150  L=0.1114  src=0.0387  tgt=0.0364  trans=0.0364  gain=-0.0000  |dz|=0.111  8.2 it/s
step   7200  L=0.0848  src=0.0462  tgt=0.0193  trans=0.0193  gain=+0.0000  |dz|=0.110  8.2 it/s
step   7250  L=0.0623  src=0.0289  tgt=0.0167  trans=0.0167  gain=+0.0000  |dz|=0.089  8.2 it/s
step   7300  L=0.1149  src=0.0580  tgt=0.0285  trans=0.0285  gain=-0.0000  |dz|=0.090  8.2 it/s
step   7350  L=0.4619  src=0.0661  tgt=0.1979  trans=0.1979  gain=+0.0000  |dz|=0.156  8.2 it/s
step   7400  L=0.1223  src=0.0773  tgt=0.0225  trans=0.0225  gain=+0.0000  |dz|=0.112  8.1 it/s
step   7450  L=0.0941  src=0.0380  tgt=0.0280  trans=0.0280  gain=-0.0000  |dz|=0.111  8.1 it/s
step   7500  L=0.1374  src=0.0632  tgt=0.0371  trans=0.0371  gain=+0.0000  |dz|=0.113  8.1 it/s
step   7550  L=0.1320  src=0.0619  tgt=0.0350  trans=0.0350  gain=+0.0000  |dz|=0.090  8.1 it/s
step   7600  L=0.3602  src=0.0540  tgt=0.1531  trans=0.1531  gain=+0.0000  |dz|=0.160  8.1 it/s
step   7650  L=0.1020  src=0.0379  tgt=0.0321  trans=0.0321  gain=+0.0000  |dz|=0.111  8.1 it/s
step   7700  L=0.3207  src=0.0524  tgt=0.1341  trans=0.1342  gain=-0.0001  |dz|=0.156  8.1 it/s
step   7750  L=0.1398  src=0.0680  tgt=0.0359  trans=0.0359  gain=+0.0000  |dz|=0.112  8.0 it/s
step   7800  L=0.1391  src=0.0804  tgt=0.0294  trans=0.0293  gain=+0.0001  |dz|=0.088  8.0 it/s
step   7850  L=0.1021  src=0.0571  tgt=0.0226  trans=0.0225  gain=+0.0001  |dz|=0.113  8.0 it/s
step   7900  L=0.3994  src=0.0787  tgt=0.1604  trans=0.1602  gain=+0.0002  |dz|=0.155  8.0 it/s
step   7950  L=0.1675  src=0.0443  tgt=0.0616  trans=0.0616  gain=-0.0000  |dz|=0.088  8.0 it/s
step   8000  L=0.4400  src=0.0536  tgt=0.1932  trans=0.1932  gain=+0.0001  |dz|=0.154  8.0 it/s
  [diagnostics @ 8000] loss_correct=0.0966  loss_zero=0.1054  loss_shuffled=0.0971  loss_random=0.1062  loss_target_only=0.0966  loss_mean_z=0.0970  r_basis=0.1097  |dz_transport|=0.1181  z_s_vs_enc_rel=0.6100  z_spread_rel=0.5645  gain_vs_zero=0.0088  gain_vs_shuffled=0.0005  gain_vs_target_only=0.0000  gain_vs_mean_z=0.0004  delta_task=0.0004  z_center_norm=0.1588  task_specific_frac=0.0451
    ⚠ gain_vs_zero=0.0088 looks healthy but only 4.5% of it is task-specific: one shared mean coordinate does just as well, so the basis is a constant offset, not adaptation
step   8050  L=0.3556  src=0.0321  tgt=0.1618  trans=0.1617  gain=+0.0001  |dz|=0.155  7.9 it/s
step   8100  L=0.5012  src=0.0569  tgt=0.2221  trans=0.2221  gain=+0.0000  |dz|=0.155  7.8 it/s
step   8150  L=0.1311  src=0.0786  tgt=0.0263  trans=0.0262  gain=+0.0000  |dz|=0.090  7.8 it/s
step   8200  L=0.1579  src=0.0540  tgt=0.0520  trans=0.0519  gain=+0.0001  |dz|=0.089  7.8 it/s
step   8250  L=0.1061  src=0.0661  tgt=0.0201  trans=0.0199  gain=+0.0002  |dz|=0.091  7.8 it/s
step   8300  L=0.4509  src=0.0507  tgt=0.2002  trans=0.2001  gain=+0.0001  |dz|=0.155  7.8 it/s
step   8350  L=0.3795  src=0.0540  tgt=0.1627  trans=0.1628  gain=-0.0000  |dz|=0.153  7.8 it/s
step   8400  L=0.1019  src=0.0591  tgt=0.0214  trans=0.0214  gain=+0.0000  |dz|=0.113  7.8 it/s
step   8450  L=0.1047  src=0.0563  tgt=0.0243  trans=0.0242  gain=+0.0001  |dz|=0.090  7.7 it/s
step   8500  L=0.1212  src=0.0575  tgt=0.0318  trans=0.0318  gain=+0.0000  |dz|=0.089  7.7 it/s
step   8550  L=0.1293  src=0.0805  tgt=0.0244  trans=0.0244  gain=+0.0001  |dz|=0.090  7.7 it/s
step   8600  L=0.0992  src=0.0395  tgt=0.0299  trans=0.0298  gain=+0.0000  |dz|=0.112  7.7 it/s
step   8650  L=0.4477  src=0.0749  tgt=0.1864  trans=0.1864  gain=-0.0000  |dz|=0.152  7.7 it/s
step   8700  L=0.1217  src=0.0579  tgt=0.0320  trans=0.0319  gain=+0.0000  |dz|=0.113  7.7 it/s
step   8750  L=0.1077  src=0.0694  tgt=0.0192  trans=0.0191  gain=+0.0002  |dz|=0.114  7.7 it/s
step   8800  L=0.2447  src=0.0462  tgt=0.0993  trans=0.0993  gain=-0.0000  |dz|=0.146  7.7 it/s
step   8850  L=0.4295  src=0.0607  tgt=0.1844  trans=0.1844  gain=-0.0000  |dz|=0.147  7.6 it/s
step   8900  L=0.0894  src=0.0455  tgt=0.0219  trans=0.0219  gain=+0.0001  |dz|=0.087  7.6 it/s
step   8950  L=0.4666  src=0.0475  tgt=0.2095  trans=0.2095  gain=-0.0000  |dz|=0.144  7.6 it/s
step   9000  L=0.1046  src=0.0641  tgt=0.0203  trans=0.0202  gain=+0.0001  |dz|=0.087  7.6 it/s
step   9050  L=0.0666  src=0.0414  tgt=0.0126  trans=0.0126  gain=-0.0000  |dz|=0.084  7.6 it/s
step   9100  L=0.3956  src=0.0428  tgt=0.1764  trans=0.1765  gain=-0.0001  |dz|=0.146  7.6 it/s
step   9150  L=0.0782  src=0.0436  tgt=0.0173  trans=0.0173  gain=-0.0000  |dz|=0.083  7.6 it/s
step   9200  L=0.3592  src=0.0556  tgt=0.1518  trans=0.1518  gain=+0.0000  |dz|=0.149  7.6 it/s
step   9250  L=0.1065  src=0.0766  tgt=0.0150  trans=0.0150  gain=+0.0000  |dz|=0.088  7.6 it/s
step   9300  L=0.2304  src=0.0653  tgt=0.0826  trans=0.0825  gain=+0.0000  |dz|=0.150  7.6 it/s
step   9350  L=0.0883  src=0.0525  tgt=0.0179  trans=0.0179  gain=+0.0000  |dz|=0.087  7.5 it/s
step   9400  L=0.3125  src=0.0384  tgt=0.1369  trans=0.1372  gain=-0.0003  |dz|=0.164  7.5 it/s
step   9450  L=0.2272  src=0.0546  tgt=0.0864  trans=0.0861  gain=+0.0003  |dz|=0.166  7.5 it/s
step   9500  L=0.1467  src=0.0772  tgt=0.0347  trans=0.0347  gain=-0.0000  |dz|=0.086  7.5 it/s
step   9550  L=0.0934  src=0.0483  tgt=0.0226  trans=0.0226  gain=+0.0000  |dz|=0.086  7.5 it/s
step   9600  L=0.1276  src=0.0513  tgt=0.0381  trans=0.0382  gain=-0.0000  |dz|=0.087  7.5 it/s
step   9650  L=0.1311  src=0.0655  tgt=0.0329  trans=0.0328  gain=+0.0001  |dz|=0.116  7.5 it/s
step   9700  L=0.5740  src=0.0643  tgt=0.2549  trans=0.2547  gain=+0.0002  |dz|=0.169  7.5 it/s
step   9750  L=0.4297  src=0.0517  tgt=0.1890  trans=0.1890  gain=+0.0000  |dz|=0.165  7.5 it/s
step   9800  L=0.5036  src=0.0679  tgt=0.2179  trans=0.2179  gain=+0.0000  |dz|=0.162  7.5 it/s
step   9850  L=0.0976  src=0.0509  tgt=0.0233  trans=0.0233  gain=-0.0000  |dz|=0.118  7.5 it/s
step   9900  L=0.0760  src=0.0491  tgt=0.0135  trans=0.0134  gain=+0.0001  |dz|=0.083  7.4 it/s
step   9950  L=0.0717  src=0.0232  tgt=0.0242  trans=0.0242  gain=-0.0000  |dz|=0.087  7.4 it/s
step  10000  L=0.4868  src=0.0750  tgt=0.2059  trans=0.2059  gain=+0.0000  |dz|=0.152  7.4 it/s
  [diagnostics @ 10000] loss_correct=0.0862  loss_zero=0.0909  loss_shuffled=0.0869  loss_random=0.0913  loss_target_only=0.0863  loss_mean_z=0.0869  r_basis=0.0763  |dz_transport|=0.1244  z_s_vs_enc_rel=0.8184  z_spread_rel=0.7306  gain_vs_zero=0.0047  gain_vs_shuffled=0.0007  gain_vs_target_only=0.0000  gain_vs_mean_z=0.0007  delta_task=0.0007  z_center_norm=0.1112  task_specific_frac=0.1453
  saved C:\T1D Meta Learning\code\python\meta-diffusion\experiments\linear_transport_replacement_2026-09-24\work\checkpoints\a2_basis_step10000.pt
step  10050  L=0.1367  src=0.0607  tgt=0.0380  trans=0.0380  gain=+0.0000  |dz|=0.086  7.4 it/s
step  10100  L=0.1180  src=0.0456  tgt=0.0362  trans=0.0361  gain=+0.0001  |dz|=0.084  7.4 it/s
step  10150  L=0.3218  src=0.0593  tgt=0.1313  trans=0.1312  gain=+0.0001  |dz|=0.149  7.3 it/s
step  10200  L=0.0529  src=0.0208  tgt=0.0160  trans=0.0161  gain=-0.0001  |dz|=0.114  7.3 it/s
step  10250  L=0.4057  src=0.1003  tgt=0.1527  trans=0.1527  gain=+0.0000  |dz|=0.146  7.3 it/s
step  10300  L=0.1390  src=0.0715  tgt=0.0337  trans=0.0338  gain=-0.0000  |dz|=0.118  7.3 it/s
step  10350  L=0.4734  src=0.0614  tgt=0.2061  trans=0.2059  gain=+0.0001  |dz|=0.149  7.3 it/s
step  10400  L=0.1325  src=0.0665  tgt=0.0328  trans=0.0332  gain=-0.0003  |dz|=0.117  7.3 it/s
step  10450  L=0.3896  src=0.0760  tgt=0.1568  trans=0.1568  gain=-0.0001  |dz|=0.153  7.3 it/s
step  10500  L=0.1146  src=0.0584  tgt=0.0281  trans=0.0281  gain=-0.0000  |dz|=0.088  7.3 it/s
step  10550  L=0.1334  src=0.0706  tgt=0.0314  trans=0.0314  gain=-0.0000  |dz|=0.086  7.3 it/s
step  10600  L=0.0786  src=0.0359  tgt=0.0214  trans=0.0213  gain=+0.0000  |dz|=0.087  7.3 it/s
step  10650  L=0.1524  src=0.0919  tgt=0.0303  trans=0.0302  gain=+0.0000  |dz|=0.120  7.3 it/s
step  10700  L=0.1093  src=0.0498  tgt=0.0297  trans=0.0297  gain=+0.0000  |dz|=0.086  7.3 it/s
step  10750  L=0.1312  src=0.0666  tgt=0.0323  trans=0.0323  gain=+0.0000  |dz|=0.118  7.3 it/s
step  10800  L=0.3266  src=0.0455  tgt=0.1407  trans=0.1403  gain=+0.0004  |dz|=0.146  7.3 it/s
step  10850  L=0.0866  src=0.0235  tgt=0.0316  trans=0.0316  gain=+0.0000  |dz|=0.087  7.2 it/s
step  10900  L=0.1770  src=0.0916  tgt=0.0427  trans=0.0427  gain=+0.0000  |dz|=0.086  7.2 it/s
step  10950  L=0.3522  src=0.0835  tgt=0.1343  trans=0.1343  gain=+0.0000  |dz|=0.140  7.2 it/s
step  11000  L=0.1672  src=0.0966  tgt=0.0353  trans=0.0353  gain=+0.0000  |dz|=0.086  7.2 it/s
step  11050  L=0.1060  src=0.0512  tgt=0.0275  trans=0.0273  gain=+0.0001  |dz|=0.086  7.2 it/s
step  11100  L=0.4131  src=0.0249  tgt=0.1941  trans=0.1941  gain=+0.0001  |dz|=0.139  7.2 it/s
step  11150  L=0.1291  src=0.0797  tgt=0.0247  trans=0.0247  gain=+0.0000  |dz|=0.118  7.2 it/s
step  11200  L=0.0925  src=0.0423  tgt=0.0251  trans=0.0251  gain=-0.0001  |dz|=0.075  7.2 it/s
step  11250  L=0.4247  src=0.0358  tgt=0.1945  trans=0.1944  gain=+0.0000  |dz|=0.133  7.2 it/s
step  11300  L=0.4847  src=0.0381  tgt=0.2234  trans=0.2232  gain=+0.0001  |dz|=0.132  7.2 it/s
step  11350  L=0.1334  src=0.0763  tgt=0.0286  trans=0.0285  gain=+0.0001  |dz|=0.118  7.2 it/s
step  11400  L=0.4603  src=0.0678  tgt=0.1963  trans=0.1962  gain=+0.0001  |dz|=0.146  7.2 it/s
step  11450  L=0.4820  src=0.0912  tgt=0.1954  trans=0.1953  gain=+0.0001  |dz|=0.145  7.2 it/s
step  11500  L=0.1777  src=0.0564  tgt=0.0606  trans=0.0606  gain=+0.0000  |dz|=0.078  7.2 it/s
step  11550  L=0.1358  src=0.0598  tgt=0.0381  trans=0.0380  gain=+0.0001  |dz|=0.079  7.2 it/s
step  11600  L=0.2832  src=0.0469  tgt=0.1182  trans=0.1182  gain=+0.0001  |dz|=0.140  7.2 it/s
step  11650  L=0.2819  src=0.0567  tgt=0.1126  trans=0.1126  gain=+0.0000  |dz|=0.134  7.2 it/s
step  11700  L=0.4463  src=0.0744  tgt=0.1860  trans=0.1859  gain=+0.0000  |dz|=0.133  7.1 it/s
step  11750  L=0.0848  src=0.0438  tgt=0.0205  trans=0.0204  gain=+0.0001  |dz|=0.081  7.1 it/s
step  11800  L=0.1071  src=0.0621  tgt=0.0226  trans=0.0224  gain=+0.0002  |dz|=0.111  7.1 it/s
step  11850  L=0.0863  src=0.0470  tgt=0.0197  trans=0.0196  gain=+0.0001  |dz|=0.075  7.1 it/s
step  11900  L=0.2763  src=0.0327  tgt=0.1218  trans=0.1218  gain=+0.0000  |dz|=0.137  7.1 it/s
step  11950  L=0.4558  src=0.0384  tgt=0.2087  trans=0.2087  gain=+0.0000  |dz|=0.139  7.1 it/s
step  12000  L=0.0921  src=0.0604  tgt=0.0159  trans=0.0159  gain=-0.0000  |dz|=0.108  7.1 it/s
  [diagnostics @ 12000] loss_correct=0.0480  loss_zero=0.0514  loss_shuffled=0.0486  loss_random=0.0518  loss_target_only=0.0480  loss_mean_z=0.0484  r_basis=0.0616  |dz_transport|=0.1050  z_s_vs_enc_rel=0.8383  z_spread_rel=0.6361  gain_vs_zero=0.0034  gain_vs_shuffled=0.0006  gain_vs_target_only=0.0000  gain_vs_mean_z=0.0004  delta_task=0.0004  z_center_norm=0.0769  task_specific_frac=0.1193
step  12050  L=0.0750  src=0.0418  tgt=0.0166  trans=0.0166  gain=+0.0000  |dz|=0.107  7.1 it/s
step  12100  L=0.1112  src=0.0756  tgt=0.0178  trans=0.0178  gain=+0.0001  |dz|=0.075  7.1 it/s
step  12150  L=0.1239  src=0.0463  tgt=0.0388  trans=0.0388  gain=+0.0001  |dz|=0.079  7.1 it/s
step  12200  L=0.5913  src=0.0453  tgt=0.2730  trans=0.2730  gain=+0.0000  |dz|=0.129  7.1 it/s
step  12250  L=0.1335  src=0.0592  tgt=0.0371  trans=0.0371  gain=-0.0000  |dz|=0.112  7.1 it/s
step  12300  L=0.5062  src=0.0885  tgt=0.2089  trans=0.2088  gain=+0.0000  |dz|=0.130  7.0 it/s
step  12350  L=0.1051  src=0.0607  tgt=0.0222  trans=0.0222  gain=+0.0000  |dz|=0.108  7.0 it/s
step  12400  L=0.1070  src=0.0757  tgt=0.0156  trans=0.0156  gain=+0.0000  |dz|=0.110  7.0 it/s
step  12450  L=0.1469  src=0.0538  tgt=0.0466  trans=0.0466  gain=+0.0000  |dz|=0.108  7.0 it/s
step  12500  L=0.0939  src=0.0618  tgt=0.0160  trans=0.0160  gain=+0.0000  |dz|=0.074  7.0 it/s
step  12550  L=0.2041  src=0.0446  tgt=0.0797  trans=0.0797  gain=+0.0000  |dz|=0.138  7.0 it/s
step  12600  L=0.1427  src=0.0935  tgt=0.0246  trans=0.0246  gain=-0.0001  |dz|=0.072  7.0 it/s
step  12650  L=0.1504  src=0.1062  tgt=0.0221  trans=0.0220  gain=+0.0001  |dz|=0.074  7.0 it/s
step  12700  L=0.0858  src=0.0412  tgt=0.0224  trans=0.0223  gain=+0.0001  |dz|=0.072  7.0 it/s
step  12750  L=0.1125  src=0.0692  tgt=0.0216  trans=0.0217  gain=-0.0001  |dz|=0.073  7.0 it/s
step  12800  L=0.1307  src=0.0936  tgt=0.0186  trans=0.0186  gain=+0.0000  |dz|=0.104  7.0 it/s
step  12850  L=0.3768  src=0.0363  tgt=0.1703  trans=0.1702  gain=+0.0001  |dz|=0.128  7.0 it/s
step  12900  L=0.1124  src=0.0379  tgt=0.0372  trans=0.0373  gain=-0.0000  |dz|=0.103  7.0 it/s
step  12950  L=0.1116  src=0.0562  tgt=0.0277  trans=0.0277  gain=+0.0000  |dz|=0.108  7.0 it/s
step  13000  L=0.1262  src=0.0761  tgt=0.0250  trans=0.0251  gain=-0.0001  |dz|=0.074  7.0 it/s
step  13050  L=0.0951  src=0.0500  tgt=0.0225  trans=0.0226  gain=-0.0000  |dz|=0.072  7.0 it/s
step  13100  L=0.1331  src=0.0916  tgt=0.0208  trans=0.0208  gain=-0.0000  |dz|=0.110  7.0 it/s
step  13150  L=0.2696  src=0.0462  tgt=0.1117  trans=0.1117  gain=-0.0001  |dz|=0.125  7.0 it/s
step  13200  L=0.4154  src=0.0521  tgt=0.1815  trans=0.1817  gain=-0.0002  |dz|=0.123  7.0 it/s
step  13250  L=0.3982  src=0.0864  tgt=0.1558  trans=0.1559  gain=-0.0001  |dz|=0.130  7.0 it/s
step  13300  L=0.3751  src=0.0814  tgt=0.1469  trans=0.1468  gain=+0.0000  |dz|=0.130  7.0 it/s
step  13350  L=0.0763  src=0.0367  tgt=0.0198  trans=0.0198  gain=+0.0000  |dz|=0.110  7.0 it/s
step  13400  L=0.1321  src=0.0570  tgt=0.0376  trans=0.0375  gain=+0.0000  |dz|=0.112  7.0 it/s
step  13450  L=0.1073  src=0.0568  tgt=0.0253  trans=0.0253  gain=+0.0000  |dz|=0.110  6.9 it/s
step  13500  L=0.1248  src=0.0593  tgt=0.0327  trans=0.0327  gain=-0.0000  |dz|=0.068  6.9 it/s
step  13550  L=0.1494  src=0.0852  tgt=0.0321  trans=0.0321  gain=-0.0000  |dz|=0.066  6.9 it/s
step  13600  L=0.0659  src=0.0288  tgt=0.0186  trans=0.0185  gain=+0.0001  |dz|=0.064  6.9 it/s
step  13650  L=0.5273  src=0.0858  tgt=0.2208  trans=0.2207  gain=+0.0001  |dz|=0.110  6.9 it/s
step  13700  L=0.0851  src=0.0369  tgt=0.0241  trans=0.0241  gain=+0.0000  |dz|=0.109  6.9 it/s
step  13750  L=0.4426  src=0.1181  tgt=0.1623  trans=0.1622  gain=+0.0001  |dz|=0.113  6.9 it/s
step  13800  L=0.2885  src=0.0397  tgt=0.1245  trans=0.1243  gain=+0.0001  |dz|=0.111  6.9 it/s
step  13850  L=0.1001  src=0.0378  tgt=0.0311  trans=0.0312  gain=-0.0000  |dz|=0.068  6.9 it/s
step  13900  L=0.2007  src=0.0813  tgt=0.0597  trans=0.0597  gain=+0.0001  |dz|=0.108  6.9 it/s
step  13950  L=0.0927  src=0.0406  tgt=0.0261  trans=0.0260  gain=+0.0001  |dz|=0.069  6.9 it/s
step  14000  L=0.1158  src=0.0473  tgt=0.0343  trans=0.0341  gain=+0.0001  |dz|=0.110  6.9 it/s
  [diagnostics @ 14000] loss_correct=0.0758  loss_zero=0.0773  loss_shuffled=0.0771  loss_random=0.0777  loss_target_only=0.0758  loss_mean_z=0.0764  r_basis=0.0387  |dz_transport|=0.1024  z_s_vs_enc_rel=1.1047  z_spread_rel=0.9648  gain_vs_zero=0.0015  gain_vs_shuffled=0.0014  gain_vs_target_only=0.0000  gain_vs_mean_z=0.0006  delta_task=0.0006  z_center_norm=0.0621  task_specific_frac=0.3925
step  14050  L=0.0781  src=0.0306  tgt=0.0237  trans=0.0237  gain=+0.0000  |dz|=0.067  6.9 it/s
step  14100  L=0.0837  src=0.0453  tgt=0.0193  trans=0.0192  gain=+0.0001  |dz|=0.115  6.9 it/s
step  14150  L=0.1401  src=0.0777  tgt=0.0312  trans=0.0312  gain=+0.0000  |dz|=0.061  6.9 it/s
step  14200  L=0.4009  src=0.0514  tgt=0.1748  trans=0.1747  gain=+0.0001  |dz|=0.125  6.9 it/s
step  14250  L=0.1072  src=0.0515  tgt=0.0279  trans=0.0278  gain=+0.0000  |dz|=0.055  6.9 it/s
step  14300  L=0.3725  src=0.0358  tgt=0.1684  trans=0.1683  gain=+0.0001  |dz|=0.146  6.9 it/s
step  14350  L=0.0878  src=0.0363  tgt=0.0258  trans=0.0257  gain=+0.0000  |dz|=0.105  6.9 it/s
step  14400  L=0.3066  src=0.0463  tgt=0.1301  trans=0.1302  gain=-0.0001  |dz|=0.184  6.9 it/s
step  14450  L=0.1191  src=0.0633  tgt=0.0279  trans=0.0279  gain=+0.0000  |dz|=0.063  6.9 it/s
step  14500  L=0.2782  src=0.0317  tgt=0.1232  trans=0.1233  gain=-0.0000  |dz|=0.164  6.9 it/s
step  14550  L=0.0838  src=0.0438  tgt=0.0200  trans=0.0200  gain=+0.0000  |dz|=0.059  6.9 it/s
step  14600  L=0.2710  src=0.0381  tgt=0.1165  trans=0.1165  gain=+0.0000  |dz|=0.156  6.9 it/s
step  14650  L=0.4061  src=0.0590  tgt=0.1735  trans=0.1736  gain=-0.0000  |dz|=0.154  6.9 it/s
step  14700  L=0.1004  src=0.0480  tgt=0.0262  trans=0.0262  gain=+0.0000  |dz|=0.108  6.9 it/s
step  14750  L=0.0916  src=0.0455  tgt=0.0230  trans=0.0230  gain=-0.0000  |dz|=0.106  6.9 it/s
step  14800  L=0.1389  src=0.0460  tgt=0.0465  trans=0.0465  gain=-0.0000  |dz|=0.060  6.8 it/s
step  14850  L=0.0682  src=0.0280  tgt=0.0201  trans=0.0201  gain=+0.0000  |dz|=0.108  6.8 it/s
step  14900  L=0.4270  src=0.0634  tgt=0.1820  trans=0.1815  gain=+0.0005  |dz|=0.159  6.8 it/s
step  14950  L=0.1312  src=0.0716  tgt=0.0298  trans=0.0298  gain=+0.0000  |dz|=0.057  6.8 it/s
step  15000  L=0.1033  src=0.0504  tgt=0.0264  trans=0.0265  gain=-0.0000  |dz|=0.107  6.8 it/s
step  15050  L=0.1237  src=0.0679  tgt=0.0279  trans=0.0279  gain=-0.0000  |dz|=0.110  6.8 it/s
step  15100  L=0.0953  src=0.0533  tgt=0.0210  trans=0.0210  gain=+0.0001  |dz|=0.109  6.8 it/s
step  15150  L=0.0665  src=0.0305  tgt=0.0180  trans=0.0180  gain=-0.0000  |dz|=0.099  6.8 it/s
step  15200  L=0.0646  src=0.0368  tgt=0.0139  trans=0.0138  gain=+0.0000  |dz|=0.052  6.8 it/s
step  15250  L=0.1590  src=0.0730  tgt=0.0431  trans=0.0430  gain=+0.0001  |dz|=0.055  6.8 it/s
step  15300  L=0.0958  src=0.0362  tgt=0.0298  trans=0.0298  gain=-0.0000  |dz|=0.106  6.8 it/s
step  15350  L=0.0486  src=0.0243  tgt=0.0122  trans=0.0122  gain=+0.0000  |dz|=0.100  6.8 it/s
step  15400  L=0.1125  src=0.0440  tgt=0.0342  trans=0.0342  gain=-0.0000  |dz|=0.054  6.8 it/s
step  15450  L=0.2239  src=0.0569  tgt=0.0835  trans=0.0835  gain=-0.0000  |dz|=0.134  6.8 it/s
step  15500  L=0.1008  src=0.0639  tgt=0.0185  trans=0.0185  gain=-0.0000  |dz|=0.055  6.8 it/s
step  15550  L=0.1040  src=0.0530  tgt=0.0255  trans=0.0255  gain=+0.0001  |dz|=0.106  6.8 it/s
step  15600  L=0.0530  src=0.0333  tgt=0.0099  trans=0.0099  gain=+0.0000  |dz|=0.050  6.8 it/s
step  15650  L=0.4343  src=0.0437  tgt=0.1953  trans=0.1953  gain=-0.0000  |dz|=0.124  6.8 it/s
step  15700  L=0.0769  src=0.0360  tgt=0.0205  trans=0.0204  gain=+0.0001  |dz|=0.099  6.8 it/s
step  15750  L=0.0846  src=0.0408  tgt=0.0219  trans=0.0219  gain=+0.0000  |dz|=0.101  6.8 it/s
step  15800  L=0.4745  src=0.0594  tgt=0.2076  trans=0.2075  gain=+0.0000  |dz|=0.119  6.8 it/s
step  15850  L=0.5202  src=0.0479  tgt=0.2361  trans=0.2361  gain=+0.0000  |dz|=0.117  6.8 it/s
step  15900  L=0.1092  src=0.0442  tgt=0.0325  trans=0.0324  gain=+0.0001  |dz|=0.102  6.8 it/s
step  15950  L=0.1270  src=0.0544  tgt=0.0363  trans=0.0363  gain=-0.0000  |dz|=0.055  6.8 it/s
step  16000  L=0.1029  src=0.0697  tgt=0.0166  trans=0.0166  gain=+0.0000  |dz|=0.056  6.8 it/s
  [diagnostics @ 16000] loss_correct=0.0710  loss_zero=0.0725  loss_shuffled=0.0734  loss_random=0.0728  loss_target_only=0.0710  loss_mean_z=0.0720  r_basis=0.0356  |dz_transport|=0.1030  z_s_vs_enc_rel=1.2696  z_spread_rel=1.0236  gain_vs_zero=0.0014  gain_vs_shuffled=0.0024  gain_vs_target_only=0.0000  gain_vs_mean_z=0.0009  delta_task=0.0009  z_center_norm=0.0515  task_specific_frac=0.6584
step  16050  L=0.0876  src=0.0430  tgt=0.0223  trans=0.0223  gain=+0.0000  |dz|=0.102  6.8 it/s
step  16100  L=0.1088  src=0.0537  tgt=0.0276  trans=0.0275  gain=+0.0001  |dz|=0.053  6.8 it/s
step  16150  L=0.2120  src=0.0464  tgt=0.0828  trans=0.0828  gain=+0.0000  |dz|=0.117  6.8 it/s
step  16200  L=0.1488  src=0.0860  tgt=0.0314  trans=0.0314  gain=-0.0000  |dz|=0.058  6.8 it/s
step  16250  L=0.3380  src=0.0393  tgt=0.1494  trans=0.1493  gain=+0.0001  |dz|=0.115  6.7 it/s
step  16300  L=0.1068  src=0.0566  tgt=0.0251  trans=0.0251  gain=-0.0000  |dz|=0.053  6.7 it/s
step  16350  L=0.0830  src=0.0384  tgt=0.0223  trans=0.0222  gain=+0.0000  |dz|=0.052  6.7 it/s
step  16400  L=0.0867  src=0.0277  tgt=0.0295  trans=0.0295  gain=+0.0000  |dz|=0.101  6.7 it/s
step  16450  L=0.1084  src=0.0602  tgt=0.0241  trans=0.0240  gain=+0.0001  |dz|=0.051  6.7 it/s
step  16500  L=0.1484  src=0.0635  tgt=0.0424  trans=0.0425  gain=-0.0000  |dz|=0.104  6.7 it/s
step  16550  L=0.1273  src=0.0848  tgt=0.0212  trans=0.0213  gain=-0.0000  |dz|=0.054  6.7 it/s
step  16600  L=0.5031  src=0.0581  tgt=0.2225  trans=0.2225  gain=-0.0001  |dz|=0.124  6.7 it/s
step  16650  L=0.1473  src=0.0687  tgt=0.0393  trans=0.0393  gain=+0.0000  |dz|=0.102  6.7 it/s
step  16700  L=0.1201  src=0.0542  tgt=0.0330  trans=0.0329  gain=+0.0000  |dz|=0.054  6.7 it/s
step  16750  L=0.2472  src=0.0447  tgt=0.1013  trans=0.1013  gain=-0.0000  |dz|=0.116  6.7 it/s
step  16800  L=0.0989  src=0.0374  tgt=0.0308  trans=0.0307  gain=+0.0001  |dz|=0.097  6.7 it/s
step  16850  L=0.1531  src=0.0873  tgt=0.0329  trans=0.0329  gain=+0.0000  |dz|=0.055  6.7 it/s
step  16900  L=0.3051  src=0.0636  tgt=0.1207  trans=0.1208  gain=-0.0000  |dz|=0.115  6.7 it/s
step  16950  L=0.1013  src=0.0521  tgt=0.0246  trans=0.0246  gain=+0.0001  |dz|=0.101  6.7 it/s
step  17000  L=0.3286  src=0.0290  tgt=0.1498  trans=0.1497  gain=+0.0001  |dz|=0.113  6.7 it/s
step  17050  L=0.3616  src=0.0797  tgt=0.1409  trans=0.1410  gain=-0.0001  |dz|=0.113  6.7 it/s
step  17100  L=0.1352  src=0.0819  tgt=0.0267  trans=0.0267  gain=-0.0000  |dz|=0.049  6.7 it/s
step  17150  L=0.1379  src=0.0718  tgt=0.0331  trans=0.0330  gain=+0.0000  |dz|=0.051  6.7 it/s
step  17200  L=0.3001  src=0.0802  tgt=0.1100  trans=0.1099  gain=+0.0001  |dz|=0.117  6.7 it/s
step  17250  L=0.1744  src=0.0815  tgt=0.0465  trans=0.0465  gain=+0.0000  |dz|=0.051  6.7 it/s
step  17300  L=0.0812  src=0.0373  tgt=0.0220  trans=0.0219  gain=+0.0000  |dz|=0.090  6.7 it/s
step  17350  L=0.0957  src=0.0605  tgt=0.0176  trans=0.0176  gain=-0.0001  |dz|=0.093  6.7 it/s
step  17400  L=0.1218  src=0.0770  tgt=0.0224  trans=0.0224  gain=+0.0000  |dz|=0.053  6.7 it/s
step  17450  L=0.1412  src=0.0714  tgt=0.0349  trans=0.0349  gain=-0.0000  |dz|=0.056  6.7 it/s
step  17500  L=0.0910  src=0.0356  tgt=0.0277  trans=0.0277  gain=+0.0000  |dz|=0.096  6.7 it/s
step  17550  L=0.1157  src=0.0591  tgt=0.0283  trans=0.0283  gain=-0.0000  |dz|=0.048  6.7 it/s
step  17600  L=0.1418  src=0.0812  tgt=0.0303  trans=0.0303  gain=-0.0000  |dz|=0.091  6.7 it/s
step  17650  L=0.3124  src=0.0508  tgt=0.1308  trans=0.1308  gain=+0.0000  |dz|=0.109  6.7 it/s
step  17700  L=0.1046  src=0.0730  tgt=0.0158  trans=0.0158  gain=-0.0000  |dz|=0.048  6.7 it/s
step  17750  L=0.0952  src=0.0484  tgt=0.0234  trans=0.0234  gain=+0.0000  |dz|=0.047  6.7 it/s
step  17800  L=0.0601  src=0.0328  tgt=0.0137  trans=0.0137  gain=+0.0000  |dz|=0.046  6.7 it/s
step  17850  L=0.1377  src=0.0722  tgt=0.0328  trans=0.0327  gain=+0.0001  |dz|=0.089  6.7 it/s
step  17900  L=0.1038  src=0.0676  tgt=0.0181  trans=0.0180  gain=+0.0000  |dz|=0.050  6.7 it/s
step  17950  L=0.4337  src=0.0383  tgt=0.1977  trans=0.1977  gain=+0.0000  |dz|=0.116  6.7 it/s
step  18000  L=0.3634  src=0.0521  tgt=0.1557  trans=0.1556  gain=+0.0000  |dz|=0.121  6.7 it/s
  [diagnostics @ 18000] loss_correct=0.0901  loss_zero=0.0912  loss_shuffled=0.0918  loss_random=0.0914  loss_target_only=0.0901  loss_mean_z=0.0911  r_basis=0.0322  |dz_transport|=0.0916  z_s_vs_enc_rel=1.3604  z_spread_rel=1.1255  gain_vs_zero=0.0011  gain_vs_shuffled=0.0017  gain_vs_target_only=0.0000  gain_vs_mean_z=0.0010  delta_task=0.0010  z_center_norm=0.0412  task_specific_frac=0.9350
step  18050  L=0.2965  src=0.0402  tgt=0.1282  trans=0.1282  gain=+0.0000  |dz|=0.118  6.6 it/s
step  18100  L=0.1100  src=0.0440  tgt=0.0330  trans=0.0330  gain=+0.0001  |dz|=0.046  6.6 it/s
step  18150  L=0.0923  src=0.0427  tgt=0.0248  trans=0.0248  gain=+0.0000  |dz|=0.048  6.6 it/s
step  18200  L=0.5990  src=0.0300  tgt=0.2845  trans=0.2845  gain=+0.0000  |dz|=0.115  6.6 it/s
step  18250  L=0.1010  src=0.0498  tgt=0.0256  trans=0.0256  gain=+0.0000  |dz|=0.089  6.6 it/s
step  18300  L=0.1041  src=0.0530  tgt=0.0256  trans=0.0256  gain=-0.0000  |dz|=0.049  6.6 it/s
step  18350  L=0.2974  src=0.0458  tgt=0.1258  trans=0.1258  gain=+0.0000  |dz|=0.111  6.6 it/s
step  18400  L=0.4113  src=0.1039  tgt=0.1537  trans=0.1537  gain=+0.0000  |dz|=0.112  6.6 it/s
step  18450  L=0.1234  src=0.0500  tgt=0.0367  trans=0.0367  gain=+0.0000  |dz|=0.089  6.6 it/s
step  18500  L=0.1254  src=0.0690  tgt=0.0282  trans=0.0282  gain=+0.0000  |dz|=0.042  6.6 it/s
step  18550  L=0.1052  src=0.0503  tgt=0.0275  trans=0.0274  gain=+0.0001  |dz|=0.088  6.6 it/s
step  18600  L=0.1148  src=0.0533  tgt=0.0308  trans=0.0307  gain=+0.0000  |dz|=0.047  6.6 it/s
step  18650  L=0.6562  src=0.0524  tgt=0.3019  trans=0.3019  gain=+0.0000  |dz|=0.118  6.6 it/s
step  18700  L=0.1127  src=0.0631  tgt=0.0248  trans=0.0248  gain=-0.0000  |dz|=0.080  6.6 it/s
step  18750  L=0.0868  src=0.0492  tgt=0.0188  trans=0.0187  gain=+0.0001  |dz|=0.084  6.6 it/s
step  18800  L=0.1034  src=0.0682  tgt=0.0176  trans=0.0176  gain=+0.0001  |dz|=0.048  6.6 it/s
step  18850  L=0.3263  src=0.0582  tgt=0.1340  trans=0.1340  gain=+0.0000  |dz|=0.114  6.6 it/s
step  18900  L=0.1217  src=0.0705  tgt=0.0256  trans=0.0256  gain=+0.0000  |dz|=0.049  6.6 it/s
step  18950  L=0.4339  src=0.0910  tgt=0.1715  trans=0.1714  gain=+0.0001  |dz|=0.124  6.6 it/s
step  19000  L=0.3187  src=0.0301  tgt=0.1443  trans=0.1443  gain=+0.0000  |dz|=0.122  6.6 it/s
step  19050  L=0.2701  src=0.0422  tgt=0.1140  trans=0.1139  gain=+0.0001  |dz|=0.119  6.6 it/s
step  19100  L=0.0939  src=0.0402  tgt=0.0268  trans=0.0268  gain=+0.0000  |dz|=0.088  6.6 it/s
step  19150  L=0.1137  src=0.0621  tgt=0.0258  trans=0.0258  gain=+0.0000  |dz|=0.045  6.6 it/s
step  19200  L=0.1122  src=0.0451  tgt=0.0335  trans=0.0336  gain=-0.0000  |dz|=0.047  6.6 it/s
step  19250  L=0.4778  src=0.0354  tgt=0.2212  trans=0.2212  gain=-0.0000  |dz|=0.111  6.6 it/s
step  19300  L=0.1370  src=0.0670  tgt=0.0351  trans=0.0350  gain=+0.0001  |dz|=0.084  6.6 it/s
step  19350  L=0.3671  src=0.0658  tgt=0.1506  trans=0.1506  gain=-0.0000  |dz|=0.109  6.6 it/s
step  19400  L=0.1295  src=0.0656  tgt=0.0319  trans=0.0320  gain=-0.0000  |dz|=0.082  6.6 it/s
step  19450  L=0.3566  src=0.0577  tgt=0.1495  trans=0.1494  gain=+0.0000  |dz|=0.109  6.6 it/s
step  19500  L=0.1402  src=0.0447  tgt=0.0477  trans=0.0477  gain=-0.0000  |dz|=0.048  6.6 it/s
step  19550  L=0.2580  src=0.0314  tgt=0.1133  trans=0.1133  gain=+0.0000  |dz|=0.111  6.6 it/s
step  19600  L=0.1127  src=0.0481  tgt=0.0323  trans=0.0323  gain=-0.0001  |dz|=0.047  6.6 it/s
step  19650  L=0.5365  src=0.0416  tgt=0.2475  trans=0.2474  gain=+0.0001  |dz|=0.112  6.6 it/s
step  19700  L=0.3706  src=0.0672  tgt=0.1517  trans=0.1517  gain=+0.0000  |dz|=0.111  6.6 it/s
step  19750  L=0.4395  src=0.0625  tgt=0.1885  trans=0.1885  gain=+0.0000  |dz|=0.110  6.6 it/s
step  19800  L=0.2929  src=0.0483  tgt=0.1223  trans=0.1223  gain=-0.0000  |dz|=0.110  6.6 it/s
step  19850  L=0.1011  src=0.0376  tgt=0.0318  trans=0.0318  gain=-0.0000  |dz|=0.041  6.6 it/s
step  19900  L=0.1313  src=0.0720  tgt=0.0297  trans=0.0297  gain=+0.0000  |dz|=0.044  6.6 it/s
step  19950  L=0.3149  src=0.0327  tgt=0.1411  trans=0.1412  gain=-0.0001  |dz|=0.105  6.6 it/s
step  20000  L=0.1311  src=0.0685  tgt=0.0313  trans=0.0313  gain=+0.0000  |dz|=0.083  6.6 it/s
  [diagnostics @ 20000] loss_correct=0.0940  loss_zero=0.0949  loss_shuffled=0.0965  loss_random=0.0951  loss_target_only=0.0940  loss_mean_z=0.0951  r_basis=0.0296  |dz_transport|=0.0912  z_s_vs_enc_rel=1.5466  z_spread_rel=1.1666  gain_vs_zero=0.0009  gain_vs_shuffled=0.0025  gain_vs_target_only=0.0000  gain_vs_mean_z=0.0012  delta_task=0.0012  z_center_norm=0.0360  task_specific_frac=1.2568
  saved C:\T1D Meta Learning\code\python\meta-diffusion\experiments\linear_transport_replacement_2026-09-24\work\checkpoints\a2_basis_step20000.pt
step  20050  L=0.1336  src=0.0603  tgt=0.0367  trans=0.0366  gain=+0.0000  |dz|=0.084  6.6 it/s
step  20100  L=0.0876  src=0.0391  tgt=0.0242  trans=0.0242  gain=-0.0000  |dz|=0.080  6.6 it/s
step  20150  L=0.0958  src=0.0340  tgt=0.0309  trans=0.0309  gain=+0.0000  |dz|=0.040  6.6 it/s
step  20200  L=0.1356  src=0.0640  tgt=0.0358  trans=0.0358  gain=+0.0000  |dz|=0.083  6.6 it/s
step  20250  L=0.4553  src=0.0718  tgt=0.1917  trans=0.1918  gain=-0.0001  |dz|=0.118  6.6 it/s
step  20300  L=0.1620  src=0.0556  tgt=0.0533  trans=0.0532  gain=+0.0001  |dz|=0.045  6.6 it/s
step  20350  L=0.3392  src=0.0388  tgt=0.1503  trans=0.1502  gain=+0.0001  |dz|=0.115  6.6 it/s
step  20400  L=0.0938  src=0.0481  tgt=0.0229  trans=0.0228  gain=+0.0001  |dz|=0.083  6.6 it/s
step  20450  L=0.2904  src=0.0483  tgt=0.1211  trans=0.1210  gain=+0.0000  |dz|=0.111  6.6 it/s
step  20500  L=0.3440  src=0.0562  tgt=0.1439  trans=0.1439  gain=-0.0000  |dz|=0.109  6.6 it/s
step  20550  L=0.3627  src=0.0444  tgt=0.1592  trans=0.1591  gain=+0.0001  |dz|=0.107  6.6 it/s
step  20600  L=0.3963  src=0.0501  tgt=0.1731  trans=0.1731  gain=+0.0000  |dz|=0.106  6.6 it/s
step  20650  L=0.1265  src=0.0575  tgt=0.0345  trans=0.0345  gain=+0.0000  |dz|=0.042  6.6 it/s
step  20700  L=0.0767  src=0.0292  tgt=0.0238  trans=0.0237  gain=+0.0000  |dz|=0.043  6.6 it/s
step  20750  L=0.3528  src=0.0461  tgt=0.1534  trans=0.1534  gain=-0.0000  |dz|=0.104  6.6 it/s
step  20800  L=0.3833  src=0.0809  tgt=0.1512  trans=0.1512  gain=-0.0000  |dz|=0.102  6.6 it/s
step  20850  L=0.0921  src=0.0460  tgt=0.0230  trans=0.0230  gain=+0.0000  |dz|=0.081  6.6 it/s
step  20900  L=0.1291  src=0.0789  tgt=0.0252  trans=0.0251  gain=+0.0000  |dz|=0.042  6.5 it/s
step  20950  L=0.3812  src=0.0473  tgt=0.1670  trans=0.1669  gain=+0.0000  |dz|=0.104  6.5 it/s
step  21000  L=0.3596  src=0.0483  tgt=0.1556  trans=0.1556  gain=+0.0000  |dz|=0.104  6.5 it/s
step  21050  L=0.0804  src=0.0226  tgt=0.0289  trans=0.0289  gain=-0.0000  |dz|=0.081  6.5 it/s
step  21100  L=0.1167  src=0.0698  tgt=0.0235  trans=0.0234  gain=+0.0001  |dz|=0.079  6.5 it/s
step  21150  L=0.3012  src=0.0386  tgt=0.1313  trans=0.1312  gain=+0.0001  |dz|=0.107  6.5 it/s
step  21200  L=0.0996  src=0.0404  tgt=0.0296  trans=0.0296  gain=-0.0000  |dz|=0.081  6.5 it/s
step  21250  L=0.4356  src=0.0558  tgt=0.1899  trans=0.1899  gain=+0.0000  |dz|=0.109  6.5 it/s
step  21300  L=0.3601  src=0.0421  tgt=0.1589  trans=0.1590  gain=-0.0001  |dz|=0.110  6.5 it/s
step  21350  L=0.1175  src=0.0655  tgt=0.0260  trans=0.0260  gain=-0.0000  |dz|=0.077  6.5 it/s
step  21400  L=0.1168  src=0.0586  tgt=0.0291  trans=0.0291  gain=+0.0000  |dz|=0.077  6.5 it/s
step  21450  L=0.1027  src=0.0345  tgt=0.0341  trans=0.0341  gain=-0.0000  |dz|=0.077  6.5 it/s
step  21500  L=0.0682  src=0.0472  tgt=0.0105  trans=0.0105  gain=+0.0000  |dz|=0.035  6.5 it/s
step  21550  L=0.1147  src=0.0488  tgt=0.0330  trans=0.0330  gain=+0.0000  |dz|=0.081  6.5 it/s
step  21600  L=0.4952  src=0.0635  tgt=0.2159  trans=0.2159  gain=-0.0000  |dz|=0.109  6.5 it/s
step  21650  L=0.1550  src=0.0702  tgt=0.0424  trans=0.0424  gain=+0.0000  |dz|=0.045  6.5 it/s
step  21700  L=0.4135  src=0.0743  tgt=0.1696  trans=0.1696  gain=+0.0000  |dz|=0.104  6.5 it/s
step  21750  L=0.1185  src=0.0490  tgt=0.0348  trans=0.0347  gain=+0.0001  |dz|=0.041  6.5 it/s
step  21800  L=0.1304  src=0.0737  tgt=0.0284  trans=0.0284  gain=+0.0000  |dz|=0.075  6.5 it/s
step  21850  L=0.0915  src=0.0560  tgt=0.0178  trans=0.0177  gain=+0.0000  |dz|=0.040  6.5 it/s
step  21900  L=0.1118  src=0.0481  tgt=0.0319  trans=0.0318  gain=+0.0001  |dz|=0.074  6.5 it/s
step  21950  L=0.1151  src=0.0479  tgt=0.0336  trans=0.0336  gain=+0.0000  |dz|=0.076  6.5 it/s
step  22000  L=0.6656  src=0.0585  tgt=0.3035  trans=0.3036  gain=-0.0001  |dz|=0.129  6.5 it/s
  [diagnostics @ 22000] loss_correct=0.0841  loss_zero=0.0851  loss_shuffled=0.0862  loss_random=0.0853  loss_target_only=0.0841  loss_mean_z=0.0852  r_basis=0.0302  |dz_transport|=0.0784  z_s_vs_enc_rel=1.3598  z_spread_rel=1.1512  gain_vs_zero=0.0010  gain_vs_shuffled=0.0021  gain_vs_target_only=0.0000  gain_vs_mean_z=0.0011  delta_task=0.0011  z_center_norm=0.0319  task_specific_frac=1.0876
step  22050  L=0.1208  src=0.0582  tgt=0.0313  trans=0.0313  gain=+0.0000  |dz|=0.084  6.5 it/s
step  22100  L=0.2932  src=0.0674  tgt=0.1129  trans=0.1129  gain=+0.0000  |dz|=0.123  6.5 it/s
step  22150  L=0.3813  src=0.0361  tgt=0.1725  trans=0.1727  gain=-0.0001  |dz|=0.121  6.5 it/s
step  22200  L=0.0728  src=0.0387  tgt=0.0171  trans=0.0170  gain=+0.0001  |dz|=0.078  6.5 it/s
step  22250  L=0.1198  src=0.0555  tgt=0.0321  trans=0.0321  gain=-0.0000  |dz|=0.045  6.5 it/s
step  22300  L=0.1057  src=0.0604  tgt=0.0226  trans=0.0226  gain=-0.0000  |dz|=0.083  6.5 it/s
step  22350  L=0.0842  src=0.0345  tgt=0.0249  trans=0.0248  gain=+0.0000  |dz|=0.081  6.5 it/s
step  22400  L=0.0918  src=0.0425  tgt=0.0246  trans=0.0246  gain=+0.0000  |dz|=0.079  6.5 it/s
step  22450  L=0.1177  src=0.0412  tgt=0.0383  trans=0.0382  gain=+0.0001  |dz|=0.083  6.5 it/s
step  22500  L=0.4712  src=0.0668  tgt=0.2022  trans=0.2022  gain=+0.0000  |dz|=0.111  6.5 it/s
step  22550  L=0.1021  src=0.0673  tgt=0.0174  trans=0.0174  gain=+0.0001  |dz|=0.081  6.5 it/s
step  22600  L=0.1274  src=0.0563  tgt=0.0355  trans=0.0355  gain=-0.0000  |dz|=0.086  6.5 it/s
step  22650  L=0.4087  src=0.0383  tgt=0.1852  trans=0.1852  gain=-0.0000  |dz|=0.115  6.5 it/s
step  22700  L=0.0902  src=0.0611  tgt=0.0146  trans=0.0145  gain=+0.0000  |dz|=0.083  6.5 it/s
step  22750  L=0.0813  src=0.0525  tgt=0.0144  trans=0.0144  gain=+0.0001  |dz|=0.080  6.5 it/s
step  22800  L=0.1134  src=0.0627  tgt=0.0254  trans=0.0254  gain=+0.0001  |dz|=0.078  6.5 it/s
step  22850  L=0.4722  src=0.0523  tgt=0.2099  trans=0.2099  gain=+0.0000  |dz|=0.109  6.5 it/s
step  22900  L=0.5245  src=0.0568  tgt=0.2338  trans=0.2338  gain=+0.0000  |dz|=0.111  6.5 it/s
step  22950  L=0.2962  src=0.0596  tgt=0.1183  trans=0.1183  gain=-0.0001  |dz|=0.109  6.5 it/s
step  23000  L=0.0731  src=0.0400  tgt=0.0166  trans=0.0166  gain=+0.0000  |dz|=0.039  6.5 it/s
step  23050  L=0.1107  src=0.0510  tgt=0.0298  trans=0.0298  gain=-0.0000  |dz|=0.077  6.5 it/s
step  23100  L=0.0877  src=0.0406  tgt=0.0236  trans=0.0236  gain=+0.0000  |dz|=0.078  6.5 it/s
step  23150  L=0.3625  src=0.0678  tgt=0.1474  trans=0.1473  gain=+0.0002  |dz|=0.104  6.5 it/s
step  23200  L=0.1415  src=0.0854  tgt=0.0280  trans=0.0281  gain=-0.0000  |dz|=0.075  6.5 it/s
step  23250  L=0.1022  src=0.0373  tgt=0.0325  trans=0.0324  gain=+0.0001  |dz|=0.082  6.5 it/s
step  23300  L=0.1106  src=0.0493  tgt=0.0307  trans=0.0307  gain=+0.0000  |dz|=0.041  6.5 it/s
step  23350  L=0.2134  src=0.0797  tgt=0.0668  trans=0.0668  gain=-0.0000  |dz|=0.044  6.5 it/s
step  23400  L=0.3390  src=0.0859  tgt=0.1266  trans=0.1266  gain=-0.0000  |dz|=0.120  6.5 it/s
step  23450  L=0.0943  src=0.0226  tgt=0.0359  trans=0.0358  gain=+0.0001  |dz|=0.074  6.5 it/s
step  23500  L=0.5037  src=0.0617  tgt=0.2210  trans=0.2210  gain=-0.0000  |dz|=0.113  6.5 it/s
step  23550  L=0.4619  src=0.0624  tgt=0.1997  trans=0.1997  gain=+0.0000  |dz|=0.110  6.5 it/s
step  23600  L=0.1361  src=0.0629  tgt=0.0366  trans=0.0366  gain=+0.0000  |dz|=0.048  6.5 it/s
step  23650  L=0.4325  src=0.0937  tgt=0.1694  trans=0.1693  gain=+0.0001  |dz|=0.114  6.5 it/s
step  23700  L=0.4466  src=0.0432  tgt=0.2018  trans=0.2016  gain=+0.0002  |dz|=0.111  6.5 it/s
step  23750  L=0.3948  src=0.0457  tgt=0.1746  trans=0.1746  gain=+0.0000  |dz|=0.112  6.5 it/s
step  23800  L=0.1018  src=0.0589  tgt=0.0215  trans=0.0214  gain=+0.0000  |dz|=0.080  6.5 it/s
step  23850  L=0.0956  src=0.0542  tgt=0.0207  trans=0.0207  gain=+0.0000  |dz|=0.078  6.5 it/s
step  23900  L=0.1131  src=0.0516  tgt=0.0308  trans=0.0307  gain=+0.0001  |dz|=0.041  6.5 it/s
step  23950  L=0.5009  src=0.0951  tgt=0.2029  trans=0.2028  gain=+0.0001  |dz|=0.109  6.5 it/s
step  24000  L=0.4441  src=0.0859  tgt=0.1792  trans=0.1791  gain=+0.0000  |dz|=0.108  6.5 it/s
  [diagnostics @ 24000] loss_correct=0.0742  loss_zero=0.0753  loss_shuffled=0.0768  loss_random=0.0756  loss_target_only=0.0742  loss_mean_z=0.0754  r_basis=0.0317  |dz_transport|=0.0835  z_s_vs_enc_rel=1.4318  z_spread_rel=1.1346  gain_vs_zero=0.0011  gain_vs_shuffled=0.0026  gain_vs_target_only=0.0000  gain_vs_mean_z=0.0012  delta_task=0.0012  z_center_norm=0.0317  task_specific_frac=1.0506
step  24050  L=0.2989  src=0.0439  tgt=0.1276  trans=0.1275  gain=+0.0000  |dz|=0.108  6.5 it/s
step  24100  L=0.2962  src=0.0407  tgt=0.1277  trans=0.1277  gain=+0.0000  |dz|=0.108  6.5 it/s
step  24150  L=0.3617  src=0.0485  tgt=0.1566  trans=0.1566  gain=-0.0000  |dz|=0.107  6.5 it/s
step  24200  L=0.3265  src=0.0599  tgt=0.1333  trans=0.1333  gain=-0.0000  |dz|=0.107  6.5 it/s
step  24250  L=0.1246  src=0.0567  tgt=0.0339  trans=0.0339  gain=-0.0000  |dz|=0.041  6.5 it/s
step  24300  L=0.4192  src=0.0456  tgt=0.1868  trans=0.1868  gain=+0.0000  |dz|=0.106  6.5 it/s
step  24350  L=0.4476  src=0.0433  tgt=0.2022  trans=0.2022  gain=-0.0000  |dz|=0.104  6.5 it/s
step  24400  L=0.1299  src=0.0598  tgt=0.0350  trans=0.0351  gain=-0.0000  |dz|=0.080  6.5 it/s
step  24450  L=0.1295  src=0.0592  tgt=0.0351  trans=0.0351  gain=-0.0000  |dz|=0.043  6.5 it/s
step  24500  L=0.1380  src=0.0553  tgt=0.0414  trans=0.0414  gain=+0.0000  |dz|=0.042  6.5 it/s
step  24550  L=0.0924  src=0.0519  tgt=0.0202  trans=0.0202  gain=+0.0000  |dz|=0.078  6.5 it/s
step  24600  L=0.0926  src=0.0380  tgt=0.0273  trans=0.0272  gain=+0.0001  |dz|=0.040  6.5 it/s
step  24650  L=0.4454  src=0.0377  tgt=0.2039  trans=0.2038  gain=+0.0001  |dz|=0.107  6.5 it/s
step  24700  L=0.3914  src=0.0464  tgt=0.1725  trans=0.1725  gain=-0.0000  |dz|=0.107  6.5 it/s
step  24750  L=0.1049  src=0.0709  tgt=0.0170  trans=0.0170  gain=+0.0000  |dz|=0.077  6.4 it/s
step  24800  L=0.4034  src=0.0603  tgt=0.1716  trans=0.1716  gain=-0.0000  |dz|=0.107  6.4 it/s
step  24850  L=0.2241  src=0.0794  tgt=0.0724  trans=0.0723  gain=+0.0000  |dz|=0.042  6.4 it/s
step  24900  L=0.0979  src=0.0453  tgt=0.0263  trans=0.0263  gain=+0.0000  |dz|=0.077  6.4 it/s
step  24950  L=0.1412  src=0.0884  tgt=0.0264  trans=0.0264  gain=+0.0000  |dz|=0.075  6.4 it/s
step  25000  L=0.5766  src=0.0548  tgt=0.2609  trans=0.2609  gain=+0.0000  |dz|=0.115  6.4 it/s
step  25050  L=0.3623  src=0.0440  tgt=0.1591  trans=0.1591  gain=+0.0000  |dz|=0.112  6.4 it/s
step  25100  L=0.1044  src=0.0363  tgt=0.0341  trans=0.0340  gain=+0.0001  |dz|=0.042  6.4 it/s
step  25150  L=0.1074  src=0.0557  tgt=0.0259  trans=0.0258  gain=+0.0000  |dz|=0.040  6.4 it/s
step  25200  L=0.0992  src=0.0605  tgt=0.0193  trans=0.0193  gain=+0.0000  |dz|=0.077  6.4 it/s
step  25250  L=0.0885  src=0.0410  tgt=0.0238  trans=0.0237  gain=+0.0000  |dz|=0.039  6.4 it/s
step  25300  L=0.1116  src=0.0496  tgt=0.0310  trans=0.0310  gain=+0.0000  |dz|=0.078  6.4 it/s
step  25350  L=0.0904  src=0.0578  tgt=0.0163  trans=0.0163  gain=-0.0000  |dz|=0.079  6.4 it/s
step  25400  L=0.3197  src=0.0401  tgt=0.1398  trans=0.1398  gain=-0.0000  |dz|=0.110  6.4 it/s
step  25450  L=0.0883  src=0.0517  tgt=0.0183  trans=0.0183  gain=+0.0000  |dz|=0.043  6.4 it/s
step  25500  L=0.0632  src=0.0299  tgt=0.0167  trans=0.0166  gain=+0.0000  |dz|=0.069  6.4 it/s
step  25550  L=0.3210  src=0.0481  tgt=0.1365  trans=0.1364  gain=+0.0001  |dz|=0.106  6.4 it/s
step  25600  L=0.0999  src=0.0577  tgt=0.0211  trans=0.0211  gain=-0.0000  |dz|=0.076  6.4 it/s
step  25650  L=0.1072  src=0.0534  tgt=0.0269  trans=0.0269  gain=+0.0000  |dz|=0.041  6.4 it/s
step  25700  L=0.5119  src=0.1055  tgt=0.2032  trans=0.2032  gain=+0.0000  |dz|=0.106  6.4 it/s
step  25750  L=0.6271  src=0.0732  tgt=0.2770  trans=0.2769  gain=+0.0000  |dz|=0.106  6.4 it/s
step  25800  L=0.2234  src=0.0731  tgt=0.0752  trans=0.0751  gain=+0.0001  |dz|=0.045  6.4 it/s
step  25850  L=0.1063  src=0.0504  tgt=0.0280  trans=0.0279  gain=+0.0001  |dz|=0.041  6.4 it/s
step  25900  L=0.2853  src=0.0505  tgt=0.1174  trans=0.1174  gain=-0.0000  |dz|=0.112  6.4 it/s
step  25950  L=0.0872  src=0.0333  tgt=0.0270  trans=0.0269  gain=+0.0001  |dz|=0.075  6.4 it/s
step  26000  L=0.0704  src=0.0335  tgt=0.0185  trans=0.0183  gain=+0.0002  |dz|=0.043  6.4 it/s
  [diagnostics @ 26000] loss_correct=0.0748  loss_zero=0.0759  loss_shuffled=0.0770  loss_random=0.0763  loss_target_only=0.0748  loss_mean_z=0.0760  r_basis=0.0319  |dz_transport|=0.0784  z_s_vs_enc_rel=1.3170  z_spread_rel=1.1176  gain_vs_zero=0.0012  gain_vs_shuffled=0.0023  gain_vs_target_only=0.0001  gain_vs_mean_z=0.0012  delta_task=0.0012  z_center_norm=0.0285  task_specific_frac=1.0573
step  26050  L=0.1000  src=0.0484  tgt=0.0258  trans=0.0258  gain=+0.0000  |dz|=0.072  6.4 it/s
step  26100  L=0.3564  src=0.0679  tgt=0.1443  trans=0.1442  gain=+0.0001  |dz|=0.109  6.4 it/s
step  26150  L=0.1111  src=0.0571  tgt=0.0270  trans=0.0269  gain=+0.0000  |dz|=0.074  6.4 it/s
step  26200  L=0.0846  src=0.0323  tgt=0.0261  trans=0.0261  gain=-0.0000  |dz|=0.074  6.4 it/s
step  26250  L=0.3280  src=0.0533  tgt=0.1374  trans=0.1372  gain=+0.0002  |dz|=0.106  6.4 it/s
step  26300  L=0.3421  src=0.0327  tgt=0.1547  trans=0.1547  gain=+0.0000  |dz|=0.106  6.4 it/s
step  26350  L=0.1648  src=0.1067  tgt=0.0290  trans=0.0291  gain=-0.0000  |dz|=0.076  6.4 it/s
step  26400  L=0.0954  src=0.0421  tgt=0.0267  trans=0.0266  gain=+0.0001  |dz|=0.073  6.4 it/s
step  26450  L=0.0991  src=0.0423  tgt=0.0285  trans=0.0284  gain=+0.0001  |dz|=0.072  6.4 it/s
step  26500  L=0.0858  src=0.0398  tgt=0.0230  trans=0.0231  gain=-0.0000  |dz|=0.041  6.4 it/s
step  26550  L=0.1228  src=0.0429  tgt=0.0400  trans=0.0400  gain=+0.0000  |dz|=0.042  6.4 it/s
step  26600  L=0.5702  src=0.0412  tgt=0.2645  trans=0.2645  gain=+0.0000  |dz|=0.109  6.4 it/s
step  26650  L=0.1195  src=0.0609  tgt=0.0293  trans=0.0293  gain=-0.0000  |dz|=0.043  6.4 it/s
step  26700  L=0.0904  src=0.0565  tgt=0.0170  trans=0.0170  gain=-0.0000  |dz|=0.040  6.4 it/s
step  26750  L=0.0943  src=0.0674  tgt=0.0135  trans=0.0135  gain=+0.0000  |dz|=0.040  6.4 it/s
step  26800  L=0.4507  src=0.0604  tgt=0.1951  trans=0.1952  gain=-0.0000  |dz|=0.108  6.4 it/s
step  26850  L=0.3685  src=0.0691  tgt=0.1498  trans=0.1497  gain=+0.0001  |dz|=0.108  6.4 it/s
step  26900  L=0.0846  src=0.0527  tgt=0.0160  trans=0.0159  gain=+0.0000  |dz|=0.072  6.4 it/s
step  26950  L=0.5773  src=0.0455  tgt=0.2659  trans=0.2659  gain=+0.0000  |dz|=0.108  6.4 it/s
step  27000  L=0.1084  src=0.0498  tgt=0.0293  trans=0.0293  gain=-0.0000  |dz|=0.041  6.4 it/s
step  27050  L=0.5292  src=0.0607  tgt=0.2342  trans=0.2342  gain=-0.0000  |dz|=0.108  6.4 it/s
step  27100  L=0.4011  src=0.0690  tgt=0.1660  trans=0.1660  gain=+0.0001  |dz|=0.106  6.4 it/s
step  27150  L=0.0694  src=0.0334  tgt=0.0180  trans=0.0180  gain=+0.0000  |dz|=0.077  6.4 it/s
step  27200  L=0.0897  src=0.0361  tgt=0.0268  trans=0.0268  gain=-0.0000  |dz|=0.076  6.4 it/s
step  27250  L=0.1099  src=0.0557  tgt=0.0271  trans=0.0270  gain=+0.0000  |dz|=0.077  6.4 it/s
step  27300  L=0.0639  src=0.0280  tgt=0.0179  trans=0.0179  gain=-0.0000  |dz|=0.037  6.4 it/s
step  27350  L=0.1291  src=0.0635  tgt=0.0328  trans=0.0328  gain=+0.0000  |dz|=0.038  6.4 it/s
step  27400  L=0.0976  src=0.0554  tgt=0.0211  trans=0.0211  gain=-0.0000  |dz|=0.077  6.5 it/s
step  27450  L=0.1155  src=0.0707  tgt=0.0224  trans=0.0224  gain=-0.0000  |dz|=0.078  6.5 it/s
step  27500  L=0.4114  src=0.0517  tgt=0.1799  trans=0.1799  gain=+0.0000  |dz|=0.108  6.5 it/s
step  27550  L=0.1020  src=0.0578  tgt=0.0221  trans=0.0221  gain=+0.0000  |dz|=0.079  6.5 it/s
step  27600  L=0.1014  src=0.0668  tgt=0.0173  trans=0.0172  gain=+0.0001  |dz|=0.074  6.5 it/s
step  27650  L=0.1555  src=0.0758  tgt=0.0399  trans=0.0398  gain=+0.0001  |dz|=0.042  6.5 it/s
step  27700  L=0.0887  src=0.0504  tgt=0.0192  trans=0.0191  gain=+0.0000  |dz|=0.045  6.5 it/s
step  27750  L=0.0916  src=0.0484  tgt=0.0216  trans=0.0216  gain=+0.0000  |dz|=0.040  6.5 it/s
step  27800  L=0.0516  src=0.0213  tgt=0.0151  trans=0.0151  gain=+0.0000  |dz|=0.041  6.5 it/s
step  27850  L=0.1194  src=0.0431  tgt=0.0382  trans=0.0381  gain=+0.0001  |dz|=0.044  6.5 it/s
step  27900  L=0.1528  src=0.1029  tgt=0.0249  trans=0.0249  gain=-0.0000  |dz|=0.074  6.5 it/s
step  27950  L=0.1204  src=0.0689  tgt=0.0258  trans=0.0257  gain=+0.0001  |dz|=0.048  6.5 it/s
step  28000  L=0.0939  src=0.0552  tgt=0.0194  trans=0.0193  gain=+0.0000  |dz|=0.074  6.5 it/s
  [diagnostics @ 28000] loss_correct=0.0592  loss_zero=0.0603  loss_shuffled=0.0606  loss_random=0.0607  loss_target_only=0.0592  loss_mean_z=0.0602  r_basis=0.0324  |dz_transport|=0.0715  z_s_vs_enc_rel=1.2681  z_spread_rel=1.0346  gain_vs_zero=0.0011  gain_vs_shuffled=0.0015  gain_vs_target_only=0.0000  gain_vs_mean_z=0.0010  delta_task=0.0010  z_center_norm=0.0308  task_specific_frac=0.8837
step  28050  L=0.0927  src=0.0500  tgt=0.0213  trans=0.0213  gain=-0.0000  |dz|=0.040  6.5 it/s
step  28100  L=0.1127  src=0.0726  tgt=0.0200  trans=0.0200  gain=-0.0000  |dz|=0.045  6.5 it/s
step  28150  L=0.1500  src=0.0902  tgt=0.0299  trans=0.0299  gain=+0.0000  |dz|=0.076  6.5 it/s
step  28200  L=0.1056  src=0.0528  tgt=0.0264  trans=0.0264  gain=+0.0000  |dz|=0.075  6.5 it/s
step  28250  L=0.3930  src=0.0647  tgt=0.1641  trans=0.1641  gain=+0.0000  |dz|=0.112  6.5 it/s
step  28300  L=0.4263  src=0.0499  tgt=0.1882  trans=0.1882  gain=+0.0000  |dz|=0.112  6.5 it/s
step  28350  L=0.7346  src=0.0387  tgt=0.3479  trans=0.3479  gain=-0.0000  |dz|=0.112  6.5 it/s
step  28400  L=0.4131  src=0.0531  tgt=0.1800  trans=0.1800  gain=+0.0000  |dz|=0.112  6.6 it/s
step  28450  L=0.5494  src=0.0741  tgt=0.2377  trans=0.2377  gain=-0.0000  |dz|=0.109  6.6 it/s
step  28500  L=0.1005  src=0.0581  tgt=0.0212  trans=0.0212  gain=+0.0000  |dz|=0.040  6.6 it/s
step  28550  L=0.1452  src=0.0764  tgt=0.0344  trans=0.0344  gain=+0.0000  |dz|=0.045  6.6 it/s
step  28600  L=0.3299  src=0.0296  tgt=0.1502  trans=0.1501  gain=+0.0001  |dz|=0.107  6.6 it/s
step  28650  L=0.4853  src=0.0961  tgt=0.1946  trans=0.1946  gain=+0.0000  |dz|=0.109  6.6 it/s
step  28700  L=0.0818  src=0.0507  tgt=0.0155  trans=0.0156  gain=-0.0000  |dz|=0.040  6.6 it/s
step  28750  L=0.1012  src=0.0526  tgt=0.0243  trans=0.0243  gain=-0.0000  |dz|=0.077  6.6 it/s
step  28800  L=0.2610  src=0.0305  tgt=0.1152  trans=0.1152  gain=-0.0000  |dz|=0.110  6.6 it/s
step  28850  L=0.1113  src=0.0489  tgt=0.0312  trans=0.0312  gain=+0.0000  |dz|=0.073  6.6 it/s
step  28900  L=0.1169  src=0.0525  tgt=0.0322  trans=0.0322  gain=+0.0001  |dz|=0.070  6.6 it/s
step  28950  L=0.3051  src=0.0297  tgt=0.1377  trans=0.1377  gain=+0.0000  |dz|=0.111  6.6 it/s
step  29000  L=0.3967  src=0.0723  tgt=0.1622  trans=0.1622  gain=-0.0000  |dz|=0.111  6.6 it/s
step  29050  L=0.0907  src=0.0566  tgt=0.0170  trans=0.0170  gain=+0.0000  |dz|=0.040  6.6 it/s
step  29100  L=0.0662  src=0.0302  tgt=0.0181  trans=0.0180  gain=+0.0001  |dz|=0.039  6.6 it/s
step  29150  L=0.0740  src=0.0467  tgt=0.0136  trans=0.0136  gain=-0.0000  |dz|=0.072  6.6 it/s
step  29200  L=0.0915  src=0.0470  tgt=0.0222  trans=0.0222  gain=+0.0000  |dz|=0.039  6.6 it/s
step  29250  L=0.0978  src=0.0511  tgt=0.0233  trans=0.0233  gain=+0.0000  |dz|=0.040  6.6 it/s
step  29300  L=0.0896  src=0.0506  tgt=0.0195  trans=0.0195  gain=+0.0000  |dz|=0.075  6.6 it/s
step  29350  L=0.2477  src=0.0496  tgt=0.0991  trans=0.0991  gain=+0.0000  |dz|=0.115  6.6 it/s
step  29400  L=0.2339  src=0.0380  tgt=0.0979  trans=0.0980  gain=-0.0000  |dz|=0.114  6.7 it/s
step  29450  L=0.1427  src=0.0754  tgt=0.0336  trans=0.0336  gain=-0.0000  |dz|=0.072  6.7 it/s
step  29500  L=0.1102  src=0.0538  tgt=0.0283  trans=0.0281  gain=+0.0001  |dz|=0.075  6.7 it/s
step  29550  L=0.4051  src=0.0369  tgt=0.1841  trans=0.1841  gain=-0.0000  |dz|=0.110  6.7 it/s
step  29600  L=0.1097  src=0.0535  tgt=0.0281  trans=0.0281  gain=+0.0000  |dz|=0.043  6.7 it/s
step  29650  L=0.1344  src=0.0690  tgt=0.0327  trans=0.0327  gain=+0.0000  |dz|=0.076  6.7 it/s
step  29700  L=0.3164  src=0.0507  tgt=0.1329  trans=0.1328  gain=+0.0000  |dz|=0.113  6.7 it/s
step  29750  L=0.1328  src=0.0838  tgt=0.0245  trans=0.0244  gain=+0.0001  |dz|=0.075  6.7 it/s
step  29800  L=0.3333  src=0.0549  tgt=0.1392  trans=0.1392  gain=+0.0000  |dz|=0.113  6.7 it/s
step  29850  L=0.1256  src=0.0813  tgt=0.0222  trans=0.0222  gain=+0.0000  |dz|=0.048  6.7 it/s
step  29900  L=0.3580  src=0.0677  tgt=0.1451  trans=0.1451  gain=+0.0000  |dz|=0.111  6.7 it/s
step  29950  L=0.1215  src=0.0606  tgt=0.0305  trans=0.0304  gain=+0.0000  |dz|=0.047  6.7 it/s
step  30000  L=0.0999  src=0.0494  tgt=0.0253  trans=0.0252  gain=+0.0001  |dz|=0.048  6.7 it/s
  [diagnostics @ 30000] loss_correct=0.0800  loss_zero=0.0813  loss_shuffled=0.0826  loss_random=0.0817  loss_target_only=0.0801  loss_mean_z=0.0815  r_basis=0.0344  |dz_transport|=0.0847  z_s_vs_enc_rel=1.5708  z_spread_rel=1.1331  gain_vs_zero=0.0013  gain_vs_shuffled=0.0026  gain_vs_target_only=0.0000  gain_vs_mean_z=0.0015  delta_task=0.0015  z_center_norm=0.0276  task_specific_frac=1.1318
  saved C:\T1D Meta Learning\code\python\meta-diffusion\experiments\linear_transport_replacement_2026-09-24\work\checkpoints\a2_basis_step30000.pt
step  30050  L=0.1174  src=0.0522  tgt=0.0326  trans=0.0326  gain=-0.0000  |dz|=0.045  6.7 it/s
step  30100  L=0.1458  src=0.0727  tgt=0.0365  trans=0.0365  gain=+0.0000  |dz|=0.080  6.7 it/s
step  30150  L=0.1977  src=0.0398  tgt=0.0789  trans=0.0790  gain=-0.0000  |dz|=0.128  6.7 it/s
step  30200  L=0.1774  src=0.0715  tgt=0.0530  trans=0.0530  gain=+0.0000  |dz|=0.046  6.7 it/s
step  30250  L=0.1011  src=0.0393  tgt=0.0309  trans=0.0309  gain=+0.0000  |dz|=0.044  6.7 it/s
step  30300  L=0.1169  src=0.0534  tgt=0.0318  trans=0.0318  gain=+0.0000  |dz|=0.045  6.7 it/s
step  30350  L=0.1212  src=0.0654  tgt=0.0279  trans=0.0279  gain=+0.0000  |dz|=0.075  6.7 it/s
step  30400  L=0.0959  src=0.0473  tgt=0.0243  trans=0.0243  gain=-0.0000  |dz|=0.045  6.7 it/s
step  30450  L=0.0767  src=0.0394  tgt=0.0187  trans=0.0186  gain=+0.0001  |dz|=0.071  6.7 it/s
step  30500  L=0.2727  src=0.0475  tgt=0.1126  trans=0.1126  gain=+0.0000  |dz|=0.121  6.8 it/s
step  30550  L=0.4531  src=0.0430  tgt=0.2051  trans=0.2051  gain=-0.0000  |dz|=0.119  6.8 it/s
step  30600  L=0.1353  src=0.0801  tgt=0.0276  trans=0.0276  gain=+0.0000  |dz|=0.077  6.8 it/s
step  30650  L=0.1127  src=0.0643  tgt=0.0242  trans=0.0241  gain=+0.0000  |dz|=0.077  6.8 it/s
step  30700  L=0.1809  src=0.0540  tgt=0.0634  trans=0.0635  gain=-0.0000  |dz|=0.044  6.8 it/s
step  30750  L=0.0813  src=0.0337  tgt=0.0238  trans=0.0238  gain=-0.0000  |dz|=0.073  6.8 it/s
step  30800  L=0.2373  src=0.0458  tgt=0.0957  trans=0.0957  gain=+0.0000  |dz|=0.117  6.8 it/s
step  30850  L=0.1075  src=0.0525  tgt=0.0275  trans=0.0274  gain=+0.0001  |dz|=0.042  6.8 it/s
step  30900  L=0.0852  src=0.0396  tgt=0.0228  trans=0.0227  gain=+0.0001  |dz|=0.075  6.8 it/s
step  30950  L=0.0837  src=0.0309  tgt=0.0264  trans=0.0264  gain=+0.0000  |dz|=0.074  6.8 it/s
step  31000  L=0.0913  src=0.0418  tgt=0.0248  trans=0.0247  gain=+0.0001  |dz|=0.042  6.8 it/s
step  31050  L=0.0947  src=0.0452  tgt=0.0247  trans=0.0247  gain=+0.0001  |dz|=0.072  6.8 it/s
step  31100  L=0.1176  src=0.0691  tgt=0.0243  trans=0.0242  gain=+0.0002  |dz|=0.073  6.8 it/s
step  31150  L=0.1057  src=0.0571  tgt=0.0243  trans=0.0243  gain=+0.0000  |dz|=0.071  6.8 it/s
step  31200  L=0.3606  src=0.1119  tgt=0.1243  trans=0.1243  gain=+0.0000  |dz|=0.113  6.8 it/s
step  31250  L=0.1378  src=0.0553  tgt=0.0412  trans=0.0412  gain=-0.0000  |dz|=0.041  6.8 it/s
step  31300  L=0.1667  src=0.0379  tgt=0.0645  trans=0.0644  gain=+0.0001  |dz|=0.045  6.8 it/s
step  31350  L=0.2611  src=0.0604  tgt=0.1004  trans=0.1004  gain=-0.0000  |dz|=0.114  6.8 it/s
step  31400  L=0.1270  src=0.0467  tgt=0.0402  trans=0.0401  gain=+0.0000  |dz|=0.045  6.8 it/s
step  31450  L=0.0872  src=0.0582  tgt=0.0146  trans=0.0145  gain=+0.0002  |dz|=0.074  6.8 it/s
step  31500  L=0.0884  src=0.0535  tgt=0.0175  trans=0.0175  gain=-0.0000  |dz|=0.073  6.8 it/s
step  31550  L=0.1484  src=0.0709  tgt=0.0388  trans=0.0388  gain=-0.0000  |dz|=0.042  6.8 it/s
step  31600  L=0.0776  src=0.0474  tgt=0.0151  trans=0.0151  gain=+0.0000  |dz|=0.075  6.9 it/s
step  31650  L=0.0636  src=0.0195  tgt=0.0220  trans=0.0220  gain=+0.0000  |dz|=0.074  6.9 it/s
step  31700  L=0.0605  src=0.0225  tgt=0.0190  trans=0.0190  gain=-0.0000  |dz|=0.037  6.9 it/s
step  31750  L=0.1024  src=0.0549  tgt=0.0238  trans=0.0237  gain=+0.0000  |dz|=0.044  6.9 it/s
step  31800  L=0.1463  src=0.0765  tgt=0.0349  trans=0.0349  gain=-0.0000  |dz|=0.079  6.9 it/s
step  31850  L=0.1625  src=0.0699  tgt=0.0464  trans=0.0463  gain=+0.0001  |dz|=0.043  6.9 it/s
step  31900  L=0.0770  src=0.0410  tgt=0.0180  trans=0.0180  gain=-0.0000  |dz|=0.076  6.9 it/s
step  31950  L=0.1172  src=0.0758  tgt=0.0208  trans=0.0207  gain=+0.0001  |dz|=0.075  6.9 it/s
step  32000  L=0.0634  src=0.0289  tgt=0.0173  trans=0.0173  gain=+0.0000  |dz|=0.074  6.9 it/s
  [diagnostics @ 32000] loss_correct=0.0777  loss_zero=0.0791  loss_shuffled=0.0808  loss_random=0.0795  loss_target_only=0.0777  loss_mean_z=0.0792  r_basis=0.0346  |dz_transport|=0.0839  z_s_vs_enc_rel=1.4868  z_spread_rel=1.1700  gain_vs_zero=0.0014  gain_vs_shuffled=0.0031  gain_vs_target_only=0.0000  gain_vs_mean_z=0.0015  delta_task=0.0015  z_center_norm=0.0253  task_specific_frac=1.1006
step  32050  L=0.1009  src=0.0545  tgt=0.0232  trans=0.0232  gain=-0.0001  |dz|=0.073  6.9 it/s
step  32100  L=0.3585  src=0.0283  tgt=0.1651  trans=0.1651  gain=+0.0001  |dz|=0.113  6.9 it/s
step  32150  L=0.0965  src=0.0360  tgt=0.0303  trans=0.0302  gain=+0.0000  |dz|=0.043  6.9 it/s
step  32200  L=0.3981  src=0.0911  tgt=0.1536  trans=0.1535  gain=+0.0001  |dz|=0.115  6.9 it/s
step  32250  L=0.1058  src=0.0559  tgt=0.0250  trans=0.0249  gain=+0.0000  |dz|=0.040  6.9 it/s
step  32300  L=0.3903  src=0.0561  tgt=0.1671  trans=0.1671  gain=+0.0000  |dz|=0.113  6.9 it/s
step  32350  L=0.0941  src=0.0417  tgt=0.0262  trans=0.0261  gain=+0.0000  |dz|=0.040  6.9 it/s
step  32400  L=0.3166  src=0.0507  tgt=0.1329  trans=0.1329  gain=+0.0000  |dz|=0.112  6.9 it/s
step  32450  L=0.1172  src=0.0625  tgt=0.0274  trans=0.0274  gain=-0.0000  |dz|=0.041  6.9 it/s
step  32500  L=0.1122  src=0.0663  tgt=0.0229  trans=0.0229  gain=-0.0000  |dz|=0.077  6.9 it/s
step  32550  L=0.3598  src=0.0441  tgt=0.1578  trans=0.1578  gain=+0.0000  |dz|=0.112  6.9 it/s
step  32600  L=0.1112  src=0.0390  tgt=0.0361  trans=0.0361  gain=+0.0000  |dz|=0.043  6.9 it/s
step  32650  L=0.1078  src=0.0444  tgt=0.0317  trans=0.0317  gain=+0.0000  |dz|=0.077  6.9 it/s
step  32700  L=0.0949  src=0.0397  tgt=0.0276  trans=0.0276  gain=-0.0000  |dz|=0.043  6.9 it/s
step  32750  L=0.3678  src=0.0595  tgt=0.1542  trans=0.1542  gain=-0.0000  |dz|=0.126  6.9 it/s
step  32800  L=0.1346  src=0.0598  tgt=0.0374  trans=0.0374  gain=-0.0000  |dz|=0.044  7.0 it/s
step  32850  L=0.2087  src=0.0202  tgt=0.0943  trans=0.0943  gain=-0.0000  |dz|=0.122  7.0 it/s
step  32900  L=0.3065  src=0.0442  tgt=0.1311  trans=0.1311  gain=+0.0000  |dz|=0.125  7.0 it/s
step  32950  L=0.1727  src=0.0935  tgt=0.0396  trans=0.0396  gain=+0.0001  |dz|=0.044  7.0 it/s
step  33000  L=0.1134  src=0.0411  tgt=0.0361  trans=0.0362  gain=-0.0001  |dz|=0.040  7.0 it/s
step  33050  L=0.0847  src=0.0422  tgt=0.0212  trans=0.0212  gain=-0.0000  |dz|=0.076  7.0 it/s
step  33100  L=0.3333  src=0.0560  tgt=0.1387  trans=0.1387  gain=+0.0000  |dz|=0.121  7.0 it/s
step  33150  L=0.1088  src=0.0548  tgt=0.0270  trans=0.0270  gain=+0.0000  |dz|=0.077  7.0 it/s
step  33200  L=0.1261  src=0.0683  tgt=0.0289  trans=0.0289  gain=+0.0000  |dz|=0.076  7.0 it/s
step  33250  L=0.1427  src=0.0668  tgt=0.0380  trans=0.0380  gain=+0.0000  |dz|=0.075  7.0 it/s
step  33300  L=0.4181  src=0.0509  tgt=0.1836  trans=0.1836  gain=+0.0000  |dz|=0.118  7.0 it/s
step  33350  L=0.3913  src=0.0815  tgt=0.1549  trans=0.1549  gain=+0.0000  |dz|=0.116  7.0 it/s
step  33400  L=0.1225  src=0.0736  tgt=0.0245  trans=0.0245  gain=+0.0000  |dz|=0.078  7.0 it/s
step  33450  L=0.3135  src=0.0501  tgt=0.1317  trans=0.1317  gain=+0.0001  |dz|=0.117  7.0 it/s
step  33500  L=0.4181  src=0.0483  tgt=0.1849  trans=0.1849  gain=+0.0000  |dz|=0.116  7.0 it/s
step  33550  L=0.0625  src=0.0260  tgt=0.0183  trans=0.0183  gain=+0.0000  |dz|=0.078  7.0 it/s
step  33600  L=0.3882  src=0.0712  tgt=0.1586  trans=0.1585  gain=+0.0001  |dz|=0.119  7.0 it/s
step  33650  L=0.5051  src=0.0686  tgt=0.2183  trans=0.2182  gain=+0.0001  |dz|=0.117  7.0 it/s
step  33700  L=0.1373  src=0.0752  tgt=0.0311  trans=0.0310  gain=+0.0000  |dz|=0.078  7.0 it/s
step  33750  L=0.1074  src=0.0435  tgt=0.0319  trans=0.0319  gain=+0.0000  |dz|=0.045  7.0 it/s
step  33800  L=0.0908  src=0.0412  tgt=0.0248  trans=0.0248  gain=-0.0000  |dz|=0.040  7.0 it/s
step  33850  L=0.3369  src=0.0660  tgt=0.1354  trans=0.1355  gain=-0.0000  |dz|=0.117  7.0 it/s
step  33900  L=0.3847  src=0.0573  tgt=0.1637  trans=0.1636  gain=+0.0000  |dz|=0.117  7.0 it/s
step  33950  L=0.0638  src=0.0271  tgt=0.0184  trans=0.0184  gain=+0.0000  |dz|=0.069  7.1 it/s
step  34000  L=0.2700  src=0.0396  tgt=0.1153  trans=0.1152  gain=+0.0000  |dz|=0.115  7.1 it/s
  [diagnostics @ 34000] loss_correct=0.0795  loss_zero=0.0808  loss_shuffled=0.0825  loss_random=0.0812  loss_target_only=0.0795  loss_mean_z=0.0809  r_basis=0.0342  |dz_transport|=0.0787  z_s_vs_enc_rel=1.3908  z_spread_rel=1.2182  gain_vs_zero=0.0013  gain_vs_shuffled=0.0030  gain_vs_target_only=0.0000  gain_vs_mean_z=0.0014  delta_task=0.0014  z_center_norm=0.0272  task_specific_frac=1.0948
step  34050  L=0.2756  src=0.0526  tgt=0.1115  trans=0.1115  gain=-0.0000  |dz|=0.115  7.1 it/s
step  34100  L=0.1289  src=0.0757  tgt=0.0266  trans=0.0266  gain=+0.0000  |dz|=0.044  7.1 it/s
step  34150  L=0.1677  src=0.0743  tgt=0.0467  trans=0.0468  gain=-0.0000  |dz|=0.043  7.1 it/s
step  34200  L=0.4572  src=0.0838  tgt=0.1867  trans=0.1867  gain=+0.0000  |dz|=0.114  7.1 it/s
step  34250  L=0.1232  src=0.0744  tgt=0.0244  trans=0.0244  gain=+0.0000  |dz|=0.075  7.1 it/s
step  34300  L=0.0923  src=0.0440  tgt=0.0242  trans=0.0242  gain=+0.0000  |dz|=0.042  7.1 it/s
step  34350  L=0.1041  src=0.0489  tgt=0.0276  trans=0.0276  gain=+0.0000  |dz|=0.042  7.1 it/s
step  34400  L=0.1225  src=0.0653  tgt=0.0286  trans=0.0286  gain=+0.0000  |dz|=0.079  7.1 it/s
step  34450  L=0.0742  src=0.0346  tgt=0.0198  trans=0.0198  gain=+0.0000  |dz|=0.039  7.1 it/s
step  34500  L=0.0723  src=0.0264  tgt=0.0229  trans=0.0229  gain=-0.0000  |dz|=0.075  7.1 it/s
step  34550  L=0.0878  src=0.0382  tgt=0.0248  trans=0.0248  gain=+0.0000  |dz|=0.035  7.1 it/s
step  34600  L=0.0684  src=0.0333  tgt=0.0176  trans=0.0175  gain=+0.0001  |dz|=0.044  7.1 it/s
step  34650  L=0.3752  src=0.0271  tgt=0.1740  trans=0.1740  gain=+0.0000  |dz|=0.117  7.1 it/s
step  34700  L=0.1022  src=0.0600  tgt=0.0211  trans=0.0211  gain=+0.0000  |dz|=0.047  7.1 it/s
step  34750  L=0.3476  src=0.0424  tgt=0.1526  trans=0.1525  gain=+0.0001  |dz|=0.129  7.1 it/s
step  34800  L=0.0925  src=0.0311  tgt=0.0307  trans=0.0307  gain=-0.0000  |dz|=0.044  7.1 it/s
step  34850  L=0.1003  src=0.0533  tgt=0.0235  trans=0.0235  gain=+0.0001  |dz|=0.043  7.1 it/s
step  34900  L=0.3325  src=0.0366  tgt=0.1480  trans=0.1480  gain=+0.0000  |dz|=0.122  7.1 it/s
step  34950  L=0.1491  src=0.0694  tgt=0.0398  trans=0.0398  gain=-0.0000  |dz|=0.078  7.1 it/s
step  35000  L=0.1545  src=0.0920  tgt=0.0312  trans=0.0312  gain=-0.0000  |dz|=0.075  7.1 it/s
step  35050  L=0.3014  src=0.0629  tgt=0.1193  trans=0.1192  gain=+0.0000  |dz|=0.122  7.1 it/s
step  35100  L=0.1203  src=0.0577  tgt=0.0313  trans=0.0313  gain=+0.0000  |dz|=0.041  7.1 it/s
step  35150  L=0.0740  src=0.0389  tgt=0.0176  trans=0.0175  gain=+0.0001  |dz|=0.042  7.1 it/s
step  35200  L=0.3521  src=0.0497  tgt=0.1512  trans=0.1512  gain=-0.0000  |dz|=0.118  7.1 it/s
step  35250  L=0.0737  src=0.0244  tgt=0.0246  trans=0.0247  gain=-0.0000  |dz|=0.073  7.2 it/s
step  35300  L=0.0940  src=0.0485  tgt=0.0228  trans=0.0227  gain=+0.0001  |dz|=0.047  7.2 it/s
step  35350  L=0.1148  src=0.0605  tgt=0.0271  trans=0.0271  gain=+0.0000  |dz|=0.042  7.2 it/s
step  35400  L=0.3767  src=0.0552  tgt=0.1608  trans=0.1607  gain=+0.0000  |dz|=0.119  7.2 it/s
step  35450  L=0.1024  src=0.0500  tgt=0.0262  trans=0.0262  gain=-0.0001  |dz|=0.077  7.2 it/s
step  35500  L=0.4741  src=0.0472  tgt=0.2135  trans=0.2135  gain=-0.0000  |dz|=0.120  7.2 it/s
step  35550  L=0.1424  src=0.0430  tgt=0.0497  trans=0.0497  gain=+0.0000  |dz|=0.044  7.2 it/s
step  35600  L=0.1349  src=0.0562  tgt=0.0394  trans=0.0393  gain=+0.0000  |dz|=0.045  7.2 it/s
step  35650  L=0.2743  src=0.0467  tgt=0.1138  trans=0.1138  gain=+0.0000  |dz|=0.119  7.2 it/s
step  35700  L=0.4221  src=0.0381  tgt=0.1920  trans=0.1920  gain=+0.0000  |dz|=0.118  7.2 it/s
step  35750  L=0.4845  src=0.0812  tgt=0.2017  trans=0.2016  gain=+0.0001  |dz|=0.117  7.2 it/s
step  35800  L=0.1642  src=0.0664  tgt=0.0489  trans=0.0489  gain=+0.0000  |dz|=0.047  7.2 it/s
step  35850  L=0.0585  src=0.0305  tgt=0.0140  trans=0.0140  gain=+0.0000  |dz|=0.076  7.2 it/s
step  35900  L=0.2020  src=0.0849  tgt=0.0586  trans=0.0585  gain=+0.0001  |dz|=0.048  7.2 it/s
step  35950  L=0.0741  src=0.0387  tgt=0.0177  trans=0.0177  gain=+0.0000  |dz|=0.080  7.2 it/s
step  36000  L=0.2040  src=0.0337  tgt=0.0852  trans=0.0851  gain=+0.0000  |dz|=0.117  7.2 it/s
  [diagnostics @ 36000] loss_correct=0.0890  loss_zero=0.0903  loss_shuffled=0.0907  loss_random=0.0907  loss_target_only=0.0891  loss_mean_z=0.0906  r_basis=0.0351  |dz_transport|=0.0816  z_s_vs_enc_rel=1.3733  z_spread_rel=1.2240  gain_vs_zero=0.0013  gain_vs_shuffled=0.0017  gain_vs_target_only=0.0000  gain_vs_mean_z=0.0016  delta_task=0.0016  z_center_norm=0.0273  task_specific_frac=1.1815
step  36050  L=0.1273  src=0.0657  tgt=0.0308  trans=0.0308  gain=+0.0000  |dz|=0.047  7.2 it/s
step  36100  L=0.1003  src=0.0551  tgt=0.0227  trans=0.0226  gain=+0.0001  |dz|=0.042  7.2 it/s
step  36150  L=0.5285  src=0.0426  tgt=0.2430  trans=0.2429  gain=+0.0000  |dz|=0.114  7.2 it/s
step  36200  L=0.0990  src=0.0587  tgt=0.0202  trans=0.0202  gain=-0.0000  |dz|=0.043  7.2 it/s
step  36250  L=0.0661  src=0.0317  tgt=0.0172  trans=0.0172  gain=+0.0000  |dz|=0.041  7.2 it/s
step  36300  L=0.1030  src=0.0565  tgt=0.0232  trans=0.0232  gain=+0.0001  |dz|=0.079  7.2 it/s
step  36350  L=0.1370  src=0.0764  tgt=0.0304  trans=0.0303  gain=+0.0001  |dz|=0.076  7.2 it/s
step  36400  L=0.0534  src=0.0258  tgt=0.0138  trans=0.0138  gain=+0.0000  |dz|=0.037  7.2 it/s
step  36450  L=0.3619  src=0.0665  tgt=0.1477  trans=0.1477  gain=-0.0000  |dz|=0.127  7.2 it/s
step  36500  L=0.0662  src=0.0398  tgt=0.0132  trans=0.0132  gain=-0.0000  |dz|=0.040  7.2 it/s
step  36550  L=0.1126  src=0.0680  tgt=0.0223  trans=0.0223  gain=+0.0000  |dz|=0.077  7.2 it/s
step  36600  L=0.0899  src=0.0308  tgt=0.0296  trans=0.0295  gain=+0.0000  |dz|=0.043  7.3 it/s
step  36650  L=0.1072  src=0.0555  tgt=0.0258  trans=0.0258  gain=+0.0000  |dz|=0.081  7.3 it/s
step  36700  L=0.4558  src=0.0381  tgt=0.2089  trans=0.2088  gain=+0.0000  |dz|=0.123  7.3 it/s
step  36750  L=0.1251  src=0.0208  tgt=0.0521  trans=0.0522  gain=-0.0001  |dz|=0.046  7.3 it/s
step  36800  L=0.1120  src=0.0617  tgt=0.0251  trans=0.0252  gain=-0.0000  |dz|=0.078  7.3 it/s
step  36850  L=0.0997  src=0.0568  tgt=0.0215  trans=0.0215  gain=+0.0000  |dz|=0.077  7.3 it/s
step  36900  L=0.1203  src=0.0623  tgt=0.0290  trans=0.0290  gain=-0.0000  |dz|=0.044  7.3 it/s
step  36950  L=0.3734  src=0.0497  tgt=0.1618  trans=0.1618  gain=-0.0000  |dz|=0.119  7.3 it/s
step  37000  L=0.1202  src=0.0670  tgt=0.0266  trans=0.0266  gain=-0.0000  |dz|=0.046  7.3 it/s
step  37050  L=0.0867  src=0.0492  tgt=0.0188  trans=0.0188  gain=-0.0000  |dz|=0.079  7.3 it/s
step  37100  L=0.0665  src=0.0311  tgt=0.0177  trans=0.0177  gain=-0.0000  |dz|=0.044  7.3 it/s
step  37150  L=0.0783  src=0.0441  tgt=0.0171  trans=0.0171  gain=-0.0000  |dz|=0.074  7.3 it/s
step  37200  L=0.1441  src=0.0731  tgt=0.0355  trans=0.0354  gain=+0.0001  |dz|=0.077  7.3 it/s
step  37250  L=0.4216  src=0.0620  tgt=0.1798  trans=0.1798  gain=-0.0000  |dz|=0.116  7.3 it/s
step  37300  L=0.0923  src=0.0552  tgt=0.0186  trans=0.0185  gain=+0.0000  |dz|=0.077  7.3 it/s
step  37350  L=0.1069  src=0.0473  tgt=0.0298  trans=0.0298  gain=-0.0000  |dz|=0.079  7.3 it/s
step  37400  L=0.1075  src=0.0573  tgt=0.0251  trans=0.0251  gain=+0.0000  |dz|=0.077  7.3 it/s
step  37450  L=0.0772  src=0.0410  tgt=0.0181  trans=0.0181  gain=-0.0000  |dz|=0.075  7.3 it/s
step  37500  L=0.1266  src=0.0558  tgt=0.0354  trans=0.0354  gain=+0.0000  |dz|=0.042  7.3 it/s
step  37550  L=0.0809  src=0.0392  tgt=0.0208  trans=0.0209  gain=-0.0000  |dz|=0.038  7.3 it/s
step  37600  L=0.0933  src=0.0461  tgt=0.0236  trans=0.0236  gain=+0.0000  |dz|=0.042  7.3 it/s
step  37650  L=0.3791  src=0.0404  tgt=0.1694  trans=0.1694  gain=+0.0000  |dz|=0.118  7.3 it/s
step  37700  L=0.0684  src=0.0401  tgt=0.0142  trans=0.0142  gain=-0.0000  |dz|=0.042  7.3 it/s
step  37750  L=0.0588  src=0.0251  tgt=0.0168  trans=0.0168  gain=+0.0000  |dz|=0.070  7.3 it/s
step  37800  L=0.0711  src=0.0430  tgt=0.0141  trans=0.0141  gain=+0.0000  |dz|=0.076  7.3 it/s
step  37850  L=0.3253  src=0.0465  tgt=0.1394  trans=0.1394  gain=+0.0000  |dz|=0.121  7.3 it/s
step  37900  L=0.4258  src=0.0520  tgt=0.1869  trans=0.1869  gain=+0.0000  |dz|=0.118  7.3 it/s
step  37950  L=0.1608  src=0.0602  tgt=0.0503  trans=0.0503  gain=+0.0000  |dz|=0.044  7.4 it/s
step  38000  L=0.1248  src=0.0724  tgt=0.0262  trans=0.0262  gain=+0.0001  |dz|=0.079  7.4 it/s
  [diagnostics @ 38000] loss_correct=0.0845  loss_zero=0.0857  loss_shuffled=0.0882  loss_random=0.0862  loss_target_only=0.0845  loss_mean_z=0.0860  r_basis=0.0338  |dz_transport|=0.0838  z_s_vs_enc_rel=1.4152  z_spread_rel=1.2329  gain_vs_zero=0.0013  gain_vs_shuffled=0.0037  gain_vs_target_only=0.0000  gain_vs_mean_z=0.0015  delta_task=0.0015  z_center_norm=0.0296  task_specific_frac=1.1746
step  38050  L=0.1221  src=0.0758  tgt=0.0231  trans=0.0232  gain=-0.0001  |dz|=0.080  7.4 it/s
step  38100  L=0.0645  src=0.0423  tgt=0.0111  trans=0.0111  gain=+0.0001  |dz|=0.070  7.4 it/s
step  38150  L=0.0954  src=0.0423  tgt=0.0266  trans=0.0265  gain=+0.0001  |dz|=0.077  7.4 it/s
step  38200  L=0.0952  src=0.0473  tgt=0.0240  trans=0.0240  gain=-0.0000  |dz|=0.077  7.4 it/s
step  38250  L=0.1294  src=0.0591  tgt=0.0352  trans=0.0351  gain=+0.0000  |dz|=0.045  7.4 it/s
step  38300  L=0.1387  src=0.0701  tgt=0.0343  trans=0.0343  gain=+0.0000  |dz|=0.078  7.4 it/s
step  38350  L=0.1131  src=0.0471  tgt=0.0330  trans=0.0330  gain=+0.0000  |dz|=0.079  7.4 it/s
step  38400  L=0.1236  src=0.0461  tgt=0.0388  trans=0.0387  gain=+0.0000  |dz|=0.045  7.4 it/s
step  38450  L=0.5531  src=0.0586  tgt=0.2473  trans=0.2472  gain=+0.0000  |dz|=0.118  7.4 it/s
step  38500  L=0.1104  src=0.0654  tgt=0.0225  trans=0.0225  gain=+0.0000  |dz|=0.075  7.4 it/s
step  38550  L=0.1321  src=0.0679  tgt=0.0321  trans=0.0321  gain=-0.0000  |dz|=0.043  7.4 it/s
step  38600  L=0.0887  src=0.0416  tgt=0.0236  trans=0.0236  gain=+0.0000  |dz|=0.077  7.4 it/s
step  38650  L=0.0913  src=0.0511  tgt=0.0201  trans=0.0201  gain=-0.0000  |dz|=0.076  7.4 it/s
step  38700  L=0.1254  src=0.0529  tgt=0.0364  trans=0.0361  gain=+0.0002  |dz|=0.080  7.4 it/s
step  38750  L=0.1213  src=0.0928  tgt=0.0143  trans=0.0142  gain=+0.0000  |dz|=0.045  7.4 it/s
step  38800  L=0.0902  src=0.0230  tgt=0.0337  trans=0.0336  gain=+0.0001  |dz|=0.043  7.4 it/s
step  38850  L=0.1249  src=0.0512  tgt=0.0368  trans=0.0368  gain=+0.0000  |dz|=0.044  7.4 it/s
step  38900  L=0.1252  src=0.0310  tgt=0.0471  trans=0.0471  gain=-0.0000  |dz|=0.047  7.4 it/s
step  38950  L=0.1023  src=0.0593  tgt=0.0215  trans=0.0215  gain=+0.0000  |dz|=0.074  7.4 it/s
step  39000  L=0.2648  src=0.0548  tgt=0.1050  trans=0.1050  gain=+0.0001  |dz|=0.117  7.4 it/s
step  39050  L=0.0839  src=0.0494  tgt=0.0172  trans=0.0172  gain=-0.0000  |dz|=0.078  7.4 it/s
step  39100  L=0.1115  src=0.0584  tgt=0.0266  trans=0.0265  gain=+0.0000  |dz|=0.050  7.4 it/s
step  39150  L=0.2905  src=0.0274  tgt=0.1316  trans=0.1315  gain=+0.0001  |dz|=0.129  7.4 it/s
step  39200  L=0.1038  src=0.0261  tgt=0.0389  trans=0.0388  gain=+0.0000  |dz|=0.044  7.4 it/s
step  39250  L=0.1146  src=0.0599  tgt=0.0274  trans=0.0274  gain=-0.0000  |dz|=0.080  7.4 it/s
step  39300  L=0.1081  src=0.0583  tgt=0.0249  trans=0.0249  gain=+0.0000  |dz|=0.079  7.4 it/s
step  39350  L=0.1028  src=0.0463  tgt=0.0283  trans=0.0282  gain=+0.0001  |dz|=0.048  7.4 it/s
step  39400  L=0.1114  src=0.0524  tgt=0.0295  trans=0.0295  gain=-0.0000  |dz|=0.078  7.5 it/s
step  39450  L=0.0680  src=0.0310  tgt=0.0185  trans=0.0185  gain=+0.0000  |dz|=0.073  7.5 it/s
step  39500  L=0.0912  src=0.0437  tgt=0.0238  trans=0.0237  gain=+0.0000  |dz|=0.045  7.5 it/s
step  39550  L=0.0888  src=0.0480  tgt=0.0204  trans=0.0204  gain=+0.0000  |dz|=0.081  7.5 it/s
step  39600  L=0.0971  src=0.0498  tgt=0.0237  trans=0.0237  gain=-0.0000  |dz|=0.044  7.5 it/s
step  39650  L=0.0983  src=0.0360  tgt=0.0311  trans=0.0312  gain=-0.0000  |dz|=0.045  7.5 it/s
step  39700  L=0.1081  src=0.0525  tgt=0.0278  trans=0.0278  gain=-0.0000  |dz|=0.080  7.5 it/s
step  39750  L=0.1232  src=0.0650  tgt=0.0291  trans=0.0291  gain=+0.0000  |dz|=0.045  7.5 it/s
step  39800  L=0.1158  src=0.0619  tgt=0.0270  trans=0.0270  gain=-0.0000  |dz|=0.082  7.5 it/s
step  39850  L=0.0635  src=0.0299  tgt=0.0168  trans=0.0168  gain=+0.0000  |dz|=0.073  7.5 it/s
step  39900  L=0.1206  src=0.0459  tgt=0.0374  trans=0.0373  gain=+0.0000  |dz|=0.046  7.5 it/s
step  39950  L=0.1334  src=0.0609  tgt=0.0362  trans=0.0362  gain=+0.0000  |dz|=0.081  7.5 it/s
step  40000  L=0.3600  src=0.0660  tgt=0.1470  trans=0.1470  gain=+0.0000  |dz|=0.123  7.5 it/s
  [diagnostics @ 40000] loss_correct=0.0691  loss_zero=0.0703  loss_shuffled=0.0716  loss_random=0.0707  loss_target_only=0.0691  loss_mean_z=0.0703  r_basis=0.0338  |dz_transport|=0.0738  z_s_vs_enc_rel=1.2613  z_spread_rel=1.1685  gain_vs_zero=0.0013  gain_vs_shuffled=0.0025  gain_vs_target_only=0.0000  gain_vs_mean_z=0.0013  delta_task=0.0013  z_center_norm=0.0275  task_specific_frac=0.9948
  saved C:\T1D Meta Learning\code\python\meta-diffusion\experiments\linear_transport_replacement_2026-09-24\work\checkpoints\a2_basis_step40000.pt
step  40050  L=0.1009  src=0.0382  tgt=0.0314  trans=0.0314  gain=-0.0000  |dz|=0.078  7.5 it/s
step  40100  L=0.1134  src=0.0559  tgt=0.0287  trans=0.0287  gain=+0.0000  |dz|=0.044  7.5 it/s
step  40150  L=0.1289  src=0.0723  tgt=0.0283  trans=0.0283  gain=+0.0000  |dz|=0.075  7.5 it/s
step  40200  L=0.4825  src=0.0842  tgt=0.1991  trans=0.1991  gain=-0.0000  |dz|=0.121  7.5 it/s
step  40250  L=0.0699  src=0.0325  tgt=0.0187  trans=0.0187  gain=+0.0000  |dz|=0.043  7.5 it/s
step  40300  L=0.0630  src=0.0349  tgt=0.0141  trans=0.0140  gain=+0.0001  |dz|=0.041  7.5 it/s
step  40350  L=0.0752  src=0.0297  tgt=0.0228  trans=0.0227  gain=+0.0000  |dz|=0.042  7.5 it/s
step  40400  L=0.4042  src=0.0828  tgt=0.1607  trans=0.1607  gain=-0.0000  |dz|=0.118  7.5 it/s
step  40450  L=0.0722  src=0.0343  tgt=0.0190  trans=0.0189  gain=+0.0001  |dz|=0.046  7.5 it/s
step  40500  L=0.1067  src=0.0561  tgt=0.0253  trans=0.0253  gain=+0.0000  |dz|=0.046  7.5 it/s
step  40550  L=0.0978  src=0.0509  tgt=0.0235  trans=0.0234  gain=+0.0000  |dz|=0.082  7.5 it/s
step  40600  L=0.5547  src=0.0849  tgt=0.2349  trans=0.2349  gain=+0.0000  |dz|=0.119  7.5 it/s
step  40650  L=0.1681  src=0.0457  tgt=0.0612  trans=0.0612  gain=+0.0000  |dz|=0.046  7.5 it/s
step  40700  L=0.0973  src=0.0549  tgt=0.0212  trans=0.0212  gain=+0.0000  |dz|=0.081  7.5 it/s
step  40750  L=0.3907  src=0.0445  tgt=0.1731  trans=0.1731  gain=-0.0000  |dz|=0.118  7.5 it/s
step  40800  L=0.1020  src=0.0330  tgt=0.0345  trans=0.0345  gain=-0.0000  |dz|=0.081  7.5 it/s
step  40850  L=0.5521  src=0.0380  tgt=0.2571  trans=0.2570  gain=+0.0001  |dz|=0.121  7.5 it/s
step  40900  L=0.0902  src=0.0485  tgt=0.0209  trans=0.0209  gain=+0.0000  |dz|=0.081  7.5 it/s
step  40950  L=0.3001  src=0.0455  tgt=0.1273  trans=0.1273  gain=+0.0000  |dz|=0.122  7.6 it/s
step  41000  L=0.5152  src=0.0809  tgt=0.2172  trans=0.2172  gain=-0.0000  |dz|=0.122  7.6 it/s
step  41050  L=0.1229  src=0.0679  tgt=0.0275  trans=0.0275  gain=-0.0000  |dz|=0.082  7.6 it/s
step  41100  L=0.1040  src=0.0527  tgt=0.0256  trans=0.0256  gain=-0.0000  |dz|=0.049  7.6 it/s
step  41150  L=0.0581  src=0.0319  tgt=0.0131  trans=0.0131  gain=+0.0000  |dz|=0.042  7.6 it/s
step  41200  L=0.5063  src=0.0694  tgt=0.2185  trans=0.2184  gain=+0.0000  |dz|=0.121  7.6 it/s
step  41250  L=0.0975  src=0.0474  tgt=0.0251  trans=0.0251  gain=+0.0000  |dz|=0.081  7.6 it/s
step  41300  L=0.1357  src=0.0352  tgt=0.0503  trans=0.0503  gain=-0.0000  |dz|=0.046  7.6 it/s
step  41350  L=0.5410  src=0.0786  tgt=0.2312  trans=0.2312  gain=-0.0000  |dz|=0.121  7.6 it/s
step  41400  L=0.0992  src=0.0272  tgt=0.0360  trans=0.0360  gain=+0.0001  |dz|=0.045  7.6 it/s
step  41450  L=0.3020  src=0.0339  tgt=0.1341  trans=0.1340  gain=+0.0000  |dz|=0.119  7.6 it/s
step  41500  L=0.0883  src=0.0346  tgt=0.0269  trans=0.0268  gain=+0.0001  |dz|=0.048  7.6 it/s
step  41550  L=0.5594  src=0.0491  tgt=0.2552  trans=0.2552  gain=-0.0000  |dz|=0.120  7.6 it/s
step  41600  L=0.3232  src=0.0442  tgt=0.1395  trans=0.1395  gain=-0.0000  |dz|=0.121  7.6 it/s
step  41650  L=0.0841  src=0.0302  tgt=0.0270  trans=0.0269  gain=+0.0000  |dz|=0.045  7.6 it/s
step  41700  L=0.0858  src=0.0334  tgt=0.0263  trans=0.0262  gain=+0.0001  |dz|=0.043  7.6 it/s
step  41750  L=0.3864  src=0.0547  tgt=0.1659  trans=0.1658  gain=+0.0001  |dz|=0.120  7.6 it/s
step  41800  L=0.1427  src=0.0745  tgt=0.0341  trans=0.0341  gain=+0.0000  |dz|=0.047  7.6 it/s
step  41850  L=0.3531  src=0.0353  tgt=0.1589  trans=0.1589  gain=+0.0000  |dz|=0.118  7.6 it/s
step  41900  L=0.5045  src=0.0331  tgt=0.2357  trans=0.2357  gain=+0.0000  |dz|=0.119  7.6 it/s
step  41950  L=0.1252  src=0.0496  tgt=0.0378  trans=0.0378  gain=-0.0001  |dz|=0.048  7.6 it/s
step  42000  L=0.1043  src=0.0349  tgt=0.0347  trans=0.0346  gain=+0.0000  |dz|=0.047  7.6 it/s
  [diagnostics @ 42000] loss_correct=0.0740  loss_zero=0.0753  loss_shuffled=0.0766  loss_random=0.0757  loss_target_only=0.0740  loss_mean_z=0.0754  r_basis=0.0337  |dz_transport|=0.0841  z_s_vs_enc_rel=1.3702  z_spread_rel=1.2239  gain_vs_zero=0.0013  gain_vs_shuffled=0.0027  gain_vs_target_only=0.0000  gain_vs_mean_z=0.0014  delta_task=0.0014  z_center_norm=0.0274  task_specific_frac=1.0669
step  42050  L=0.1260  src=0.0627  tgt=0.0317  trans=0.0316  gain=+0.0000  |dz|=0.045  7.6 it/s
step  42100  L=0.3129  src=0.0442  tgt=0.1343  trans=0.1343  gain=+0.0000  |dz|=0.119  7.6 it/s
step  42150  L=0.1381  src=0.0743  tgt=0.0319  trans=0.0319  gain=+0.0000  |dz|=0.050  7.6 it/s
step  42200  L=0.0777  src=0.0316  tgt=0.0230  trans=0.0230  gain=-0.0000  |dz|=0.044  7.6 it/s
step  42250  L=0.3075  src=0.0503  tgt=0.1286  trans=0.1286  gain=+0.0000  |dz|=0.120  7.6 it/s
step  42300  L=0.2308  src=0.0478  tgt=0.0916  trans=0.0915  gain=+0.0001  |dz|=0.121  7.6 it/s
step  42350  L=0.1100  src=0.0628  tgt=0.0236  trans=0.0236  gain=+0.0000  |dz|=0.047  7.6 it/s
step  42400  L=0.0884  src=0.0485  tgt=0.0200  trans=0.0200  gain=+0.0000  |dz|=0.079  7.6 it/s
step  42450  L=0.3592  src=0.0614  tgt=0.1489  trans=0.1488  gain=+0.0001  |dz|=0.118  7.6 it/s
step  42500  L=0.0651  src=0.0326  tgt=0.0162  trans=0.0162  gain=-0.0000  |dz|=0.074  7.6 it/s
step  42550  L=0.1283  src=0.0344  tgt=0.0470  trans=0.0469  gain=+0.0001  |dz|=0.046  7.6 it/s
step  42600  L=0.3578  src=0.0546  tgt=0.1516  trans=0.1516  gain=+0.0000  |dz|=0.117  7.7 it/s
step  42650  L=0.1542  src=0.0650  tgt=0.0446  trans=0.0446  gain=-0.0000  |dz|=0.082  7.7 it/s
step  42700  L=0.0934  src=0.0455  tgt=0.0240  trans=0.0239  gain=+0.0000  |dz|=0.080  7.7 it/s
step  42750  L=0.1741  src=0.1061  tgt=0.0340  trans=0.0340  gain=-0.0000  |dz|=0.079  7.7 it/s
step  42800  L=0.3475  src=0.0400  tgt=0.1538  trans=0.1538  gain=+0.0000  |dz|=0.119  7.7 it/s
step  42850  L=0.0927  src=0.0494  tgt=0.0217  trans=0.0217  gain=+0.0000  |dz|=0.081  7.7 it/s
step  42900  L=0.1523  src=0.0714  tgt=0.0404  trans=0.0404  gain=+0.0000  |dz|=0.049  7.7 it/s
step  42950  L=0.1466  src=0.0831  tgt=0.0318  trans=0.0317  gain=+0.0000  |dz|=0.045  7.7 it/s
step  43000  L=0.0713  src=0.0225  tgt=0.0244  trans=0.0244  gain=-0.0000  |dz|=0.079  7.7 it/s
step  43050  L=0.0975  src=0.0541  tgt=0.0217  trans=0.0217  gain=-0.0000  |dz|=0.047  7.7 it/s
step  43100  L=0.0897  src=0.0448  tgt=0.0225  trans=0.0224  gain=+0.0000  |dz|=0.045  7.7 it/s
step  43150  L=0.1293  src=0.0519  tgt=0.0387  trans=0.0387  gain=+0.0000  |dz|=0.079  7.7 it/s
step  43200  L=0.1304  src=0.0355  tgt=0.0475  trans=0.0475  gain=+0.0000  |dz|=0.048  7.7 it/s
step  43250  L=0.1573  src=0.0683  tgt=0.0446  trans=0.0445  gain=+0.0000  |dz|=0.080  7.7 it/s
step  43300  L=0.1506  src=0.0818  tgt=0.0344  trans=0.0344  gain=+0.0000  |dz|=0.046  7.7 it/s
step  43350  L=0.1050  src=0.0511  tgt=0.0270  trans=0.0270  gain=-0.0000  |dz|=0.080  7.7 it/s
step  43400  L=0.1769  src=0.0492  tgt=0.0639  trans=0.0637  gain=+0.0002  |dz|=0.052  7.7 it/s
step  43450  L=0.0886  src=0.0435  tgt=0.0226  trans=0.0226  gain=+0.0000  |dz|=0.082  7.7 it/s
step  43500  L=0.3462  src=0.0399  tgt=0.1532  trans=0.1532  gain=+0.0000  |dz|=0.118  7.7 it/s
step  43550  L=0.0695  src=0.0386  tgt=0.0155  trans=0.0154  gain=+0.0000  |dz|=0.046  7.7 it/s
step  43600  L=0.1047  src=0.0578  tgt=0.0234  trans=0.0235  gain=-0.0000  |dz|=0.078  7.7 it/s
step  43650  L=0.1652  src=0.0623  tgt=0.0515  trans=0.0515  gain=+0.0000  |dz|=0.081  7.7 it/s
step  43700  L=0.3730  src=0.0460  tgt=0.1635  trans=0.1635  gain=+0.0000  |dz|=0.119  7.7 it/s
step  43750  L=0.2731  src=0.0430  tgt=0.1150  trans=0.1150  gain=+0.0000  |dz|=0.118  7.7 it/s
step  43800  L=0.2830  src=0.0456  tgt=0.1187  trans=0.1187  gain=+0.0000  |dz|=0.117  7.7 it/s
step  43850  L=0.1479  src=0.0692  tgt=0.0394  trans=0.0394  gain=+0.0000  |dz|=0.050  7.7 it/s
step  43900  L=0.2221  src=0.0848  tgt=0.0687  trans=0.0686  gain=+0.0000  |dz|=0.046  7.7 it/s
step  43950  L=0.3583  src=0.0608  tgt=0.1487  trans=0.1487  gain=-0.0000  |dz|=0.118  7.7 it/s
step  44000  L=0.3718  src=0.0576  tgt=0.1571  trans=0.1571  gain=-0.0000  |dz|=0.118  7.7 it/s
  [diagnostics @ 44000] loss_correct=0.0978  loss_zero=0.0992  loss_shuffled=0.1003  loss_random=0.0996  loss_target_only=0.0978  loss_mean_z=0.0995  r_basis=0.0360  |dz_transport|=0.0887  z_s_vs_enc_rel=1.4370  z_spread_rel=1.2062  gain_vs_zero=0.0014  gain_vs_shuffled=0.0025  gain_vs_target_only=0.0000  gain_vs_mean_z=0.0017  delta_task=0.0017  z_center_norm=0.0269  task_specific_frac=1.2405
step  44050  L=0.2585  src=0.0716  tgt=0.0935  trans=0.0934  gain=+0.0001  |dz|=0.116  7.7 it/s
step  44100  L=0.1257  src=0.0634  tgt=0.0312  trans=0.0311  gain=+0.0001  |dz|=0.047  7.7 it/s
step  44150  L=0.4431  src=0.0568  tgt=0.1931  trans=0.1932  gain=-0.0001  |dz|=0.120  7.7 it/s
step  44200  L=0.0925  src=0.0506  tgt=0.0210  trans=0.0209  gain=+0.0000  |dz|=0.079  7.7 it/s
step  44250  L=0.1157  src=0.0660  tgt=0.0249  trans=0.0248  gain=+0.0000  |dz|=0.077  7.7 it/s
step  44300  L=0.1229  src=0.0320  tgt=0.0454  trans=0.0454  gain=+0.0000  |dz|=0.048  7.8 it/s
step  44350  L=0.3691  src=0.0337  tgt=0.1677  trans=0.1677  gain=+0.0000  |dz|=0.118  7.8 it/s
step  44400  L=0.0854  src=0.0323  tgt=0.0265  trans=0.0265  gain=-0.0000  |dz|=0.080  7.8 it/s
step  44450  L=0.1140  src=0.0612  tgt=0.0264  trans=0.0264  gain=+0.0000  |dz|=0.082  7.8 it/s
step  44500  L=0.3570  src=0.0720  tgt=0.1425  trans=0.1424  gain=+0.0000  |dz|=0.119  7.8 it/s
step  44550  L=0.3737  src=0.0449  tgt=0.1644  trans=0.1644  gain=+0.0001  |dz|=0.118  7.8 it/s
step  44600  L=0.1086  src=0.0579  tgt=0.0254  trans=0.0253  gain=+0.0000  |dz|=0.080  7.8 it/s
step  44650  L=0.4057  src=0.0666  tgt=0.1696  trans=0.1696  gain=-0.0000  |dz|=0.119  7.8 it/s
step  44700  L=0.5638  src=0.0432  tgt=0.2603  trans=0.2603  gain=-0.0000  |dz|=0.119  7.8 it/s
step  44750  L=0.3487  src=0.0312  tgt=0.1588  trans=0.1587  gain=+0.0000  |dz|=0.120  7.8 it/s
step  44800  L=0.3811  src=0.0551  tgt=0.1631  trans=0.1630  gain=+0.0000  |dz|=0.117  7.8 it/s
step  44850  L=0.3282  src=0.0410  tgt=0.1436  trans=0.1437  gain=-0.0000  |dz|=0.120  7.8 it/s
step  44900  L=0.1508  src=0.0723  tgt=0.0393  trans=0.0393  gain=+0.0000  |dz|=0.047  7.8 it/s
step  44950  L=0.4126  src=0.0490  tgt=0.1818  trans=0.1818  gain=-0.0000  |dz|=0.119  7.8 it/s
step  45000  L=0.0891  src=0.0390  tgt=0.0251  trans=0.0250  gain=+0.0000  |dz|=0.047  7.8 it/s
step  45050  L=0.4238  src=0.0454  tgt=0.1892  trans=0.1892  gain=+0.0000  |dz|=0.118  7.8 it/s
step  45100  L=0.1209  src=0.0621  tgt=0.0294  trans=0.0294  gain=+0.0000  |dz|=0.046  7.8 it/s
step  45150  L=0.4032  src=0.0640  tgt=0.1696  trans=0.1696  gain=+0.0000  |dz|=0.119  7.8 it/s
step  45200  L=0.0902  src=0.0437  tgt=0.0232  trans=0.0232  gain=+0.0000  |dz|=0.044  7.8 it/s
step  45250  L=0.1051  src=0.0496  tgt=0.0277  trans=0.0277  gain=-0.0000  |dz|=0.047  7.8 it/s
step  45300  L=0.1047  src=0.0686  tgt=0.0181  trans=0.0180  gain=+0.0000  |dz|=0.044  7.8 it/s
step  45350  L=0.0910  src=0.0383  tgt=0.0264  trans=0.0263  gain=+0.0000  |dz|=0.048  7.8 it/s
step  45400  L=0.0867  src=0.0255  tgt=0.0306  trans=0.0306  gain=+0.0000  |dz|=0.081  7.8 it/s
step  45450  L=0.0900  src=0.0542  tgt=0.0179  trans=0.0179  gain=+0.0000  |dz|=0.082  7.8 it/s
step  45500  L=0.4974  src=0.0766  tgt=0.2104  trans=0.2104  gain=-0.0000  |dz|=0.119  7.8 it/s
step  45550  L=0.1218  src=0.0562  tgt=0.0328  trans=0.0328  gain=-0.0000  |dz|=0.044  7.8 it/s
step  45600  L=0.0920  src=0.0336  tgt=0.0293  trans=0.0292  gain=+0.0001  |dz|=0.047  7.8 it/s
step  45650  L=0.0969  src=0.0505  tgt=0.0232  trans=0.0232  gain=+0.0000  |dz|=0.082  7.8 it/s
step  45700  L=0.1161  src=0.0623  tgt=0.0269  trans=0.0269  gain=-0.0000  |dz|=0.080  7.8 it/s
step  45750  L=0.0935  src=0.0367  tgt=0.0284  trans=0.0284  gain=+0.0000  |dz|=0.079  7.8 it/s
step  45800  L=0.2136  src=0.0306  tgt=0.0915  trans=0.0915  gain=-0.0000  |dz|=0.124  7.8 it/s
step  45850  L=0.1352  src=0.0814  tgt=0.0269  trans=0.0269  gain=+0.0000  |dz|=0.083  7.8 it/s
step  45900  L=0.1610  src=0.0519  tgt=0.0546  trans=0.0546  gain=+0.0000  |dz|=0.046  7.8 it/s
step  45950  L=0.1150  src=0.0536  tgt=0.0307  trans=0.0307  gain=+0.0000  |dz|=0.049  7.8 it/s
step  46000  L=0.4561  src=0.0356  tgt=0.2103  trans=0.2102  gain=+0.0001  |dz|=0.123  7.9 it/s
  [diagnostics @ 46000] loss_correct=0.0641  loss_zero=0.0654  loss_shuffled=0.0670  loss_random=0.0658  loss_target_only=0.0642  loss_mean_z=0.0654  r_basis=0.0339  |dz_transport|=0.0751  z_s_vs_enc_rel=1.2446  z_spread_rel=1.1676  gain_vs_zero=0.0013  gain_vs_shuffled=0.0028  gain_vs_target_only=0.0000  gain_vs_mean_z=0.0013  delta_task=0.0013  z_center_norm=0.0281  task_specific_frac=0.9852
step  46050  L=0.0859  src=0.0402  tgt=0.0229  trans=0.0228  gain=+0.0001  |dz|=0.046  7.9 it/s
step  46100  L=0.1063  src=0.0355  tgt=0.0354  trans=0.0354  gain=-0.0000  |dz|=0.084  7.9 it/s
step  46150  L=0.1295  src=0.0873  tgt=0.0211  trans=0.0211  gain=-0.0000  |dz|=0.081  7.9 it/s
step  46200  L=0.1143  src=0.0628  tgt=0.0258  trans=0.0258  gain=+0.0000  |dz|=0.046  7.9 it/s
step  46250  L=0.0962  src=0.0467  tgt=0.0248  trans=0.0247  gain=+0.0000  |dz|=0.081  7.9 it/s
step  46300  L=0.0896  src=0.0344  tgt=0.0276  trans=0.0276  gain=+0.0000  |dz|=0.051  7.9 it/s
step  46350  L=0.0728  src=0.0325  tgt=0.0202  trans=0.0202  gain=+0.0000  |dz|=0.049  7.9 it/s
step  46400  L=0.1045  src=0.0482  tgt=0.0282  trans=0.0281  gain=+0.0000  |dz|=0.082  7.9 it/s
step  46450  L=0.4919  src=0.0325  tgt=0.2297  trans=0.2297  gain=-0.0000  |dz|=0.118  7.9 it/s
step  46500  L=0.5081  src=0.0576  tgt=0.2252  trans=0.2252  gain=-0.0000  |dz|=0.120  7.9 it/s
step  46550  L=0.0788  src=0.0462  tgt=0.0163  trans=0.0163  gain=-0.0000  |dz|=0.080  7.9 it/s
step  46600  L=0.6433  src=0.0749  tgt=0.2842  trans=0.2842  gain=-0.0000  |dz|=0.118  7.9 it/s
step  46650  L=0.4008  src=0.0449  tgt=0.1779  trans=0.1779  gain=+0.0000  |dz|=0.120  7.9 it/s
step  46700  L=0.0671  src=0.0303  tgt=0.0184  trans=0.0184  gain=-0.0000  |dz|=0.079  7.9 it/s
step  46750  L=0.1021  src=0.0451  tgt=0.0285  trans=0.0285  gain=+0.0000  |dz|=0.083  7.9 it/s
step  46800  L=0.4224  src=0.0448  tgt=0.1887  trans=0.1888  gain=-0.0000  |dz|=0.120  7.9 it/s
step  46850  L=0.1293  src=0.0753  tgt=0.0270  trans=0.0270  gain=+0.0001  |dz|=0.082  7.9 it/s
step  46900  L=0.0740  src=0.0404  tgt=0.0168  trans=0.0168  gain=+0.0000  |dz|=0.081  7.9 it/s
step  46950  L=0.1402  src=0.0612  tgt=0.0395  trans=0.0395  gain=-0.0000  |dz|=0.050  7.9 it/s
step  47000  L=0.1590  src=0.0809  tgt=0.0391  trans=0.0390  gain=+0.0000  |dz|=0.050  7.9 it/s
step  47050  L=0.0928  src=0.0429  tgt=0.0249  trans=0.0249  gain=+0.0000  |dz|=0.080  7.9 it/s
step  47100  L=0.1567  src=0.0522  tgt=0.0523  trans=0.0522  gain=+0.0002  |dz|=0.049  7.9 it/s
step  47150  L=0.0890  src=0.0526  tgt=0.0182  trans=0.0182  gain=-0.0000  |dz|=0.081  7.9 it/s
step  47200  L=0.1051  src=0.0639  tgt=0.0206  trans=0.0206  gain=+0.0000  |dz|=0.048  7.9 it/s
step  47250  L=0.1012  src=0.0457  tgt=0.0277  trans=0.0277  gain=+0.0000  |dz|=0.049  7.9 it/s
step  47300  L=0.3222  src=0.0634  tgt=0.1294  trans=0.1294  gain=+0.0000  |dz|=0.119  7.9 it/s
step  47350  L=0.1488  src=0.0441  tgt=0.0524  trans=0.0523  gain=+0.0001  |dz|=0.048  7.9 it/s
step  47400  L=0.1040  src=0.0366  tgt=0.0337  trans=0.0337  gain=+0.0000  |dz|=0.049  7.9 it/s
step  47450  L=0.3711  src=0.0403  tgt=0.1654  trans=0.1654  gain=-0.0000  |dz|=0.121  7.9 it/s
step  47500  L=0.2884  src=0.0387  tgt=0.1248  trans=0.1248  gain=+0.0000  |dz|=0.120  7.9 it/s
step  47550  L=0.1458  src=0.0403  tgt=0.0528  trans=0.0528  gain=+0.0000  |dz|=0.049  7.9 it/s
step  47600  L=0.0978  src=0.0404  tgt=0.0287  trans=0.0287  gain=-0.0000  |dz|=0.084  7.9 it/s
step  47650  L=0.1020  src=0.0493  tgt=0.0263  trans=0.0263  gain=+0.0000  |dz|=0.084  7.9 it/s
step  47700  L=0.3577  src=0.0584  tgt=0.1496  trans=0.1496  gain=+0.0000  |dz|=0.134  7.9 it/s
step  47750  L=0.1104  src=0.0383  tgt=0.0361  trans=0.0360  gain=+0.0001  |dz|=0.085  7.9 it/s
step  47800  L=0.0681  src=0.0311  tgt=0.0185  trans=0.0185  gain=+0.0000  |dz|=0.050  7.9 it/s
step  47850  L=0.1851  src=0.0720  tgt=0.0565  trans=0.0565  gain=+0.0000  |dz|=0.047  7.9 it/s
step  47900  L=0.3670  src=0.0287  tgt=0.1692  trans=0.1692  gain=+0.0000  |dz|=0.128  8.0 it/s
step  47950  L=0.1019  src=0.0372  tgt=0.0324  trans=0.0323  gain=+0.0001  |dz|=0.083  8.0 it/s
step  48000  L=0.1112  src=0.0532  tgt=0.0290  trans=0.0290  gain=-0.0000  |dz|=0.083  8.0 it/s
  [diagnostics @ 48000] loss_correct=0.0927  loss_zero=0.0943  loss_shuffled=0.0958  loss_random=0.0948  loss_target_only=0.0927  loss_mean_z=0.0947  r_basis=0.0391  |dz_transport|=0.0950  z_s_vs_enc_rel=1.5373  z_spread_rel=1.2047  gain_vs_zero=0.0017  gain_vs_shuffled=0.0032  gain_vs_target_only=0.0001  gain_vs_mean_z=0.0020  delta_task=0.0020  z_center_norm=0.0280  task_specific_frac=1.2334
step  48050  L=0.0809  src=0.0502  tgt=0.0154  trans=0.0154  gain=+0.0000  |dz|=0.042  8.0 it/s
step  48100  L=0.1209  src=0.0626  tgt=0.0292  trans=0.0292  gain=+0.0000  |dz|=0.052  8.0 it/s
step  48150  L=0.0473  src=0.0205  tgt=0.0134  trans=0.0134  gain=+0.0001  |dz|=0.046  8.0 it/s
step  48200  L=0.2695  src=0.0394  tgt=0.1150  trans=0.1150  gain=+0.0000  |dz|=0.124  8.0 it/s
step  48250  L=0.5165  src=0.0899  tgt=0.2133  trans=0.2133  gain=+0.0000  |dz|=0.124  8.0 it/s
step  48300  L=0.0998  src=0.0539  tgt=0.0230  trans=0.0230  gain=+0.0000  |dz|=0.051  8.0 it/s
step  48350  L=0.1104  src=0.0573  tgt=0.0266  trans=0.0266  gain=-0.0000  |dz|=0.082  8.0 it/s
step  48400  L=0.3543  src=0.0504  tgt=0.1520  trans=0.1519  gain=+0.0001  |dz|=0.124  8.0 it/s
step  48450  L=0.5647  src=0.0408  tgt=0.2620  trans=0.2619  gain=+0.0000  |dz|=0.124  8.0 it/s
step  48500  L=0.0909  src=0.0341  tgt=0.0284  trans=0.0284  gain=-0.0000  |dz|=0.047  8.0 it/s
step  48550  L=0.3605  src=0.0394  tgt=0.1606  trans=0.1605  gain=+0.0000  |dz|=0.123  8.0 it/s
step  48600  L=0.0933  src=0.0604  tgt=0.0165  trans=0.0164  gain=+0.0000  |dz|=0.051  8.0 it/s
step  48650  L=0.0513  src=0.0319  tgt=0.0097  trans=0.0097  gain=+0.0000  |dz|=0.049  8.0 it/s
step  48700  L=0.4695  src=0.0468  tgt=0.2114  trans=0.2113  gain=+0.0001  |dz|=0.125  8.0 it/s
step  48750  L=0.4973  src=0.0442  tgt=0.2266  trans=0.2265  gain=+0.0000  |dz|=0.122  8.0 it/s
step  48800  L=0.0728  src=0.0403  tgt=0.0162  trans=0.0162  gain=-0.0000  |dz|=0.085  8.0 it/s
step  48850  L=0.0939  src=0.0291  tgt=0.0324  trans=0.0324  gain=+0.0000  |dz|=0.047  8.0 it/s
step  48900  L=0.0803  src=0.0381  tgt=0.0211  trans=0.0211  gain=+0.0000  |dz|=0.045  8.0 it/s
step  48950  L=0.0873  src=0.0422  tgt=0.0225  trans=0.0226  gain=-0.0000  |dz|=0.084  8.0 it/s
step  49000  L=0.1536  src=0.0610  tgt=0.0463  trans=0.0463  gain=-0.0000  |dz|=0.051  8.0 it/s
step  49050  L=0.1466  src=0.0742  tgt=0.0362  trans=0.0362  gain=+0.0001  |dz|=0.053  8.0 it/s
step  49100  L=0.4180  src=0.0247  tgt=0.1966  trans=0.1966  gain=+0.0000  |dz|=0.123  8.0 it/s
step  49150  L=0.1016  src=0.0646  tgt=0.0185  trans=0.0185  gain=+0.0000  |dz|=0.081  8.0 it/s
step  49200  L=0.3254  src=0.0556  tgt=0.1349  trans=0.1349  gain=-0.0000  |dz|=0.124  8.0 it/s
step  49250  L=0.4859  src=0.0418  tgt=0.2220  trans=0.2221  gain=-0.0000  |dz|=0.123  8.0 it/s
step  49300  L=0.1101  src=0.0442  tgt=0.0330  trans=0.0330  gain=+0.0000  |dz|=0.082  8.0 it/s
step  49350  L=0.0949  src=0.0438  tgt=0.0256  trans=0.0255  gain=+0.0000  |dz|=0.082  8.0 it/s
step  49400  L=0.1096  src=0.0425  tgt=0.0336  trans=0.0335  gain=+0.0001  |dz|=0.051  8.0 it/s
step  49450  L=0.0903  src=0.0339  tgt=0.0282  trans=0.0282  gain=+0.0000  |dz|=0.082  8.0 it/s
step  49500  L=0.1424  src=0.0522  tgt=0.0451  trans=0.0451  gain=-0.0000  |dz|=0.047  8.0 it/s
step  49550  L=0.4135  src=0.0824  tgt=0.1656  trans=0.1656  gain=+0.0000  |dz|=0.122  8.0 it/s
step  49600  L=0.3186  src=0.0431  tgt=0.1378  trans=0.1378  gain=+0.0000  |dz|=0.124  8.0 it/s
step  49650  L=0.0944  src=0.0462  tgt=0.0241  trans=0.0241  gain=+0.0000  |dz|=0.081  8.0 it/s
step  49700  L=0.0782  src=0.0449  tgt=0.0167  trans=0.0167  gain=-0.0000  |dz|=0.052  8.0 it/s
step  49750  L=0.0936  src=0.0476  tgt=0.0230  trans=0.0230  gain=-0.0001  |dz|=0.083  8.0 it/s
step  49800  L=0.3381  src=0.0434  tgt=0.1473  trans=0.1473  gain=+0.0000  |dz|=0.122  8.0 it/s
step  49850  L=0.1174  src=0.0549  tgt=0.0313  trans=0.0313  gain=+0.0000  |dz|=0.051  8.1 it/s
step  49900  L=0.2932  src=0.0640  tgt=0.1146  trans=0.1146  gain=-0.0000  |dz|=0.123  8.1 it/s
step  49950  L=0.1289  src=0.0565  tgt=0.0362  trans=0.0362  gain=-0.0000  |dz|=0.051  8.1 it/s
step  50000  L=0.0758  src=0.0241  tgt=0.0259  trans=0.0259  gain=+0.0000  |dz|=0.085  8.1 it/s
  [diagnostics @ 50000] loss_correct=0.0683  loss_zero=0.0697  loss_shuffled=0.0707  loss_random=0.0701  loss_target_only=0.0684  loss_mean_z=0.0697  r_basis=0.0342  |dz_transport|=0.0805  z_s_vs_enc_rel=1.2792  z_spread_rel=1.1742  gain_vs_zero=0.0013  gain_vs_shuffled=0.0024  gain_vs_target_only=0.0000  gain_vs_mean_z=0.0014  delta_task=0.0014  z_center_norm=0.0316  task_specific_frac=1.0552
  saved C:\T1D Meta Learning\code\python\meta-diffusion\experiments\linear_transport_replacement_2026-09-24\work\checkpoints\a2_basis_step50000.pt

done in 103.5 min. log: C:\T1D Meta Learning\code\python\meta-diffusion\experiments\linear_transport_replacement_2026-09-24\work\checkpoints\a2_basis_log.jsonl
