REPLAY a2_film: source checkpoint configuration, transport=linear
device cuda | backbone film_unet | k=16
φ 27.92M + encoder 0.33M + transport 0.4K
training episode combinations 900 | 50000 steps

step      1  L=3.2692  src=1.0837  tgt=1.0917  trans=1.0939  gain=-0.0022  |dz|=0.000  1.4 it/s
step     50  L=1.1576  src=0.4263  tgt=0.3660  trans=0.3652  gain=+0.0008  |dz|=0.005  7.3 it/s
step    100  L=0.5677  src=0.2045  tgt=0.1816  trans=0.1814  gain=+0.0002  |dz|=0.041  7.7 it/s
step    150  L=0.3568  src=0.1527  tgt=0.1020  trans=0.1019  gain=+0.0002  |dz|=0.098  7.8 it/s
step    200  L=0.3181  src=0.0771  tgt=0.1204  trans=0.1205  gain=-0.0001  |dz|=0.150  7.9 it/s
step    250  L=0.3036  src=0.0890  tgt=0.1073  trans=0.1073  gain=-0.0000  |dz|=0.145  8.0 it/s
step    300  L=0.2634  src=0.0913  tgt=0.0861  trans=0.0860  gain=+0.0002  |dz|=0.121  8.0 it/s
step    350  L=0.7293  src=0.0668  tgt=0.3313  trans=0.3313  gain=+0.0000  |dz|=0.203  8.0 it/s
step    400  L=0.4322  src=0.0880  tgt=0.1726  trans=0.1716  gain=+0.0010  |dz|=0.148  8.0 it/s
step    450  L=0.5143  src=0.1577  tgt=0.1783  trans=0.1783  gain=+0.0001  |dz|=0.191  8.0 it/s
step    500  L=0.0757  src=0.0252  tgt=0.0252  trans=0.0253  gain=-0.0002  |dz|=0.198  8.0 it/s
step    550  L=0.2188  src=0.1610  tgt=0.0288  trans=0.0290  gain=-0.0002  |dz|=0.248  8.0 it/s
step    600  L=0.5440  src=0.0875  tgt=0.2286  trans=0.2278  gain=+0.0008  |dz|=0.469  8.0 it/s
step    650  L=0.4009  src=0.0601  tgt=0.1710  trans=0.1698  gain=+0.0012  |dz|=0.535  8.0 it/s
step    700  L=0.3974  src=0.0556  tgt=0.1709  trans=0.1708  gain=+0.0001  |dz|=0.493  8.1 it/s
step    750  L=0.4168  src=0.0507  tgt=0.1835  trans=0.1826  gain=+0.0009  |dz|=0.537  8.1 it/s
step    800  L=0.2224  src=0.1015  tgt=0.0604  trans=0.0605  gain=-0.0001  |dz|=0.117  8.1 it/s
step    850  L=0.1301  src=0.0480  tgt=0.0412  trans=0.0409  gain=+0.0003  |dz|=0.140  8.1 it/s
step    900  L=0.1807  src=0.1044  tgt=0.0381  trans=0.0382  gain=-0.0001  |dz|=0.038  8.1 it/s
step    950  L=0.1215  src=0.0364  tgt=0.0426  trans=0.0424  gain=+0.0002  |dz|=0.072  8.1 it/s
step   1000  L=0.1137  src=0.0540  tgt=0.0298  trans=0.0299  gain=-0.0001  |dz|=0.093  8.1 it/s
step   1050  L=0.1295  src=0.0597  tgt=0.0349  trans=0.0350  gain=-0.0001  |dz|=0.066  8.1 it/s
step   1100  L=0.4303  src=0.0839  tgt=0.1743  trans=0.1721  gain=+0.0022  |dz|=0.533  8.1 it/s
step   1150  L=0.1560  src=0.0591  tgt=0.0487  trans=0.0483  gain=+0.0004  |dz|=0.082  8.1 it/s
step   1200  L=0.4249  src=0.0676  tgt=0.1785  trans=0.1789  gain=-0.0004  |dz|=0.545  8.1 it/s
step   1250  L=0.1098  src=0.0470  tgt=0.0315  trans=0.0314  gain=+0.0001  |dz|=0.044  8.1 it/s
step   1300  L=0.0889  src=0.0354  tgt=0.0266  trans=0.0269  gain=-0.0003  |dz|=0.147  8.1 it/s
step   1350  L=0.1234  src=0.0690  tgt=0.0271  trans=0.0273  gain=-0.0002  |dz|=0.049  8.1 it/s
step   1400  L=0.1173  src=0.0587  tgt=0.0293  trans=0.0293  gain=-0.0000  |dz|=0.064  8.1 it/s
step   1450  L=0.1314  src=0.0584  tgt=0.0365  trans=0.0365  gain=-0.0000  |dz|=0.204  8.1 it/s
step   1500  L=0.1059  src=0.0482  tgt=0.0288  trans=0.0289  gain=-0.0002  |dz|=0.157  8.1 it/s
step   1550  L=0.1881  src=0.0817  tgt=0.0531  trans=0.0533  gain=-0.0001  |dz|=0.199  8.1 it/s
step   1600  L=0.1562  src=0.0523  tgt=0.0518  trans=0.0521  gain=-0.0003  |dz|=0.093  8.1 it/s
step   1650  L=0.1757  src=0.0854  tgt=0.0453  trans=0.0450  gain=+0.0003  |dz|=0.228  8.1 it/s
step   1700  L=0.3277  src=0.0750  tgt=0.1266  trans=0.1261  gain=+0.0005  |dz|=0.493  8.1 it/s
step   1750  L=0.0969  src=0.0384  tgt=0.0292  trans=0.0293  gain=-0.0000  |dz|=0.126  8.1 it/s
step   1800  L=0.1623  src=0.0686  tgt=0.0468  trans=0.0468  gain=+0.0000  |dz|=0.122  8.1 it/s
step   1850  L=0.1500  src=0.0760  tgt=0.0371  trans=0.0370  gain=+0.0001  |dz|=0.139  8.1 it/s
step   1900  L=0.1731  src=0.0660  tgt=0.0533  trans=0.0537  gain=-0.0004  |dz|=0.165  8.1 it/s
step   1950  L=0.2947  src=0.0475  tgt=0.1239  trans=0.1233  gain=+0.0006  |dz|=0.540  8.1 it/s
step   2000  L=0.4355  src=0.0415  tgt=0.1970  trans=0.1968  gain=+0.0002  |dz|=0.567  8.1 it/s
  [diagnostics @ 2000] loss_correct=0.0792  loss_zero=0.0799  loss_shuffled=0.0798  loss_random=0.0799  loss_target_only=0.0796  loss_mean_z=0.0797  r_basis=0.0087  |dz_transport|=0.1606  z_s_vs_enc_rel=0.9953  z_spread_rel=1.0864  gain_vs_zero=0.0007  gain_vs_shuffled=0.0007  gain_vs_target_only=0.0004  gain_vs_mean_z=0.0006  delta_task=0.0006  z_center_norm=0.1143  task_specific_frac=0.7367
step   2050  L=0.1311  src=0.0581  tgt=0.0364  trans=0.0366  gain=-0.0002  |dz|=0.145  7.7 it/s
step   2100  L=0.1514  src=0.0764  tgt=0.0375  trans=0.0374  gain=+0.0001  |dz|=0.124  7.7 it/s
step   2150  L=0.1446  src=0.0586  tgt=0.0429  trans=0.0431  gain=-0.0002  |dz|=0.145  7.8 it/s
step   2200  L=0.1134  src=0.0552  tgt=0.0292  trans=0.0290  gain=+0.0003  |dz|=0.289  7.8 it/s
step   2250  L=0.1228  src=0.0387  tgt=0.0420  trans=0.0421  gain=-0.0001  |dz|=0.174  7.8 it/s
step   2300  L=0.1068  src=0.0537  tgt=0.0266  trans=0.0265  gain=+0.0001  |dz|=0.149  7.8 it/s
step   2350  L=0.1019  src=0.0568  tgt=0.0226  trans=0.0225  gain=+0.0001  |dz|=0.091  7.8 it/s
step   2400  L=0.3263  src=0.0447  tgt=0.1408  trans=0.1408  gain=+0.0000  |dz|=0.773  7.8 it/s
step   2450  L=0.1218  src=0.0402  tgt=0.0408  trans=0.0407  gain=+0.0001  |dz|=0.281  7.8 it/s
step   2500  L=0.1264  src=0.0561  tgt=0.0349  trans=0.0353  gain=-0.0004  |dz|=0.276  7.8 it/s
step   2550  L=0.0632  src=0.0397  tgt=0.0119  trans=0.0117  gain=+0.0002  |dz|=0.307  7.8 it/s
step   2600  L=0.1113  src=0.0466  tgt=0.0323  trans=0.0323  gain=+0.0001  |dz|=0.164  7.8 it/s
step   2650  L=0.0987  src=0.0372  tgt=0.0310  trans=0.0305  gain=+0.0004  |dz|=0.372  7.8 it/s
step   2700  L=0.1260  src=0.0696  tgt=0.0281  trans=0.0282  gain=-0.0001  |dz|=0.219  7.8 it/s
step   2750  L=0.1814  src=0.0933  tgt=0.0440  trans=0.0441  gain=-0.0001  |dz|=0.203  7.8 it/s
step   2800  L=0.1457  src=0.0544  tgt=0.0458  trans=0.0455  gain=+0.0003  |dz|=0.405  7.8 it/s
step   2850  L=0.2725  src=0.0541  tgt=0.1092  trans=0.1091  gain=+0.0001  |dz|=0.574  7.8 it/s
step   2900  L=0.1463  src=0.0657  tgt=0.0404  trans=0.0401  gain=+0.0003  |dz|=0.416  7.8 it/s
step   2950  L=0.4517  src=0.1047  tgt=0.1734  trans=0.1735  gain=-0.0001  |dz|=0.520  7.9 it/s
step   3000  L=0.1076  src=0.0746  tgt=0.0166  trans=0.0165  gain=+0.0001  |dz|=0.417  7.9 it/s
step   3050  L=0.5090  src=0.0535  tgt=0.2277  trans=0.2278  gain=-0.0001  |dz|=0.551  7.9 it/s
step   3100  L=0.1285  src=0.0470  tgt=0.0407  trans=0.0407  gain=+0.0000  |dz|=0.242  7.9 it/s
step   3150  L=0.1449  src=0.0641  tgt=0.0371  trans=0.0435  gain=-0.0064  |dz|=0.400  7.9 it/s
step   3200  L=0.1614  src=0.0776  tgt=0.0420  trans=0.0418  gain=+0.0002  |dz|=0.224  7.9 it/s
step   3250  L=0.1394  src=0.0479  tgt=0.0458  trans=0.0457  gain=+0.0000  |dz|=0.208  7.9 it/s
step   3300  L=0.3382  src=0.0567  tgt=0.1407  trans=0.1407  gain=+0.0000  |dz|=0.596  7.9 it/s
step   3350  L=0.4830  src=0.0441  tgt=0.2195  trans=0.2194  gain=+0.0002  |dz|=0.599  7.9 it/s
step   3400  L=0.1731  src=0.1046  tgt=0.0345  trans=0.0340  gain=+0.0004  |dz|=0.458  7.9 it/s
step   3450  L=0.1754  src=0.0966  tgt=0.0394  trans=0.0395  gain=-0.0001  |dz|=0.243  7.9 it/s
step   3500  L=0.0978  src=0.0344  tgt=0.0318  trans=0.0316  gain=+0.0001  |dz|=0.223  7.9 it/s
step   3550  L=0.3448  src=0.0765  tgt=0.1341  trans=0.1341  gain=+0.0001  |dz|=0.546  7.9 it/s
step   3600  L=0.1561  src=0.1011  tgt=0.0277  trans=0.0274  gain=+0.0003  |dz|=0.498  7.9 it/s
step   3650  L=0.0958  src=0.0439  tgt=0.0260  trans=0.0258  gain=+0.0002  |dz|=0.531  7.9 it/s
step   3700  L=0.5020  src=0.0943  tgt=0.2038  trans=0.2038  gain=-0.0000  |dz|=0.542  7.9 it/s
step   3750  L=0.1205  src=0.0569  tgt=0.0319  trans=0.0317  gain=+0.0002  |dz|=0.426  7.9 it/s
step   3800  L=0.3904  src=0.0836  tgt=0.1533  trans=0.1534  gain=-0.0001  |dz|=0.566  7.9 it/s
step   3850  L=0.0946  src=0.0495  tgt=0.0225  trans=0.0226  gain=-0.0001  |dz|=0.245  7.9 it/s
step   3900  L=0.1472  src=0.0438  tgt=0.0517  trans=0.0517  gain=+0.0000  |dz|=0.247  7.9 it/s
step   3950  L=0.3514  src=0.0454  tgt=0.1536  trans=0.1522  gain=+0.0014  |dz|=0.831  7.9 it/s
step   4000  L=0.1123  src=0.0755  tgt=0.0184  trans=0.0184  gain=-0.0001  |dz|=0.226  7.9 it/s
  [diagnostics @ 4000] loss_correct=0.0768  loss_zero=0.0793  loss_shuffled=0.0817  loss_random=0.0792  loss_target_only=0.0768  loss_mean_z=0.0786  r_basis=0.0240  |dz_transport|=0.3868  z_s_vs_enc_rel=3.0869  z_spread_rel=1.2621  gain_vs_zero=0.0025  gain_vs_shuffled=0.0049  gain_vs_target_only=0.0000  gain_vs_mean_z=0.0019  delta_task=0.0019  z_center_norm=0.2138  task_specific_frac=0.7544
step   4050  L=0.0995  src=0.0627  tgt=0.0186  trans=0.0182  gain=+0.0004  |dz|=0.425  7.7 it/s
step   4100  L=0.1046  src=0.0217  tgt=0.0416  trans=0.0412  gain=+0.0004  |dz|=0.456  7.7 it/s
step   4150  L=0.0851  src=0.0400  tgt=0.0229  trans=0.0222  gain=+0.0007  |dz|=0.376  7.8 it/s
step   4200  L=0.3544  src=0.0922  tgt=0.1310  trans=0.1311  gain=-0.0001  |dz|=0.707  7.8 it/s
step   4250  L=0.1411  src=0.0754  tgt=0.0329  trans=0.0327  gain=+0.0002  |dz|=0.486  7.8 it/s
step   4300  L=0.4125  src=0.0557  tgt=0.1784  trans=0.1783  gain=+0.0000  |dz|=0.658  7.8 it/s
step   4350  L=0.1741  src=0.0648  tgt=0.0547  trans=0.0546  gain=+0.0001  |dz|=0.408  7.8 it/s
step   4400  L=0.1301  src=0.0759  tgt=0.0272  trans=0.0269  gain=+0.0003  |dz|=0.472  7.8 it/s
step   4450  L=0.1532  src=0.0595  tgt=0.0469  trans=0.0467  gain=+0.0001  |dz|=0.351  7.8 it/s
step   4500  L=0.1341  src=0.0733  tgt=0.0304  trans=0.0304  gain=-0.0000  |dz|=0.552  7.8 it/s
step   4550  L=0.0942  src=0.0364  tgt=0.0291  trans=0.0287  gain=+0.0004  |dz|=0.500  7.8 it/s
step   4600  L=0.0942  src=0.0345  tgt=0.0297  trans=0.0299  gain=-0.0002  |dz|=0.337  7.8 it/s
step   4650  L=0.4099  src=0.0847  tgt=0.1625  trans=0.1627  gain=-0.0002  |dz|=0.689  7.8 it/s
step   4700  L=0.1065  src=0.0465  tgt=0.0300  trans=0.0300  gain=-0.0001  |dz|=0.363  7.8 it/s
step   4750  L=0.1282  src=0.0625  tgt=0.0329  trans=0.0328  gain=+0.0001  |dz|=0.335  7.8 it/s
step   4800  L=0.2493  src=0.0531  tgt=0.0981  trans=0.0981  gain=-0.0000  |dz|=0.704  7.8 it/s
step   4850  L=0.1488  src=0.1002  tgt=0.0243  trans=0.0243  gain=+0.0001  |dz|=0.366  7.8 it/s
step   4900  L=0.3571  src=0.0460  tgt=0.1554  trans=0.1556  gain=-0.0002  |dz|=0.713  7.8 it/s
step   4950  L=0.1157  src=0.0491  tgt=0.0335  trans=0.0332  gain=+0.0003  |dz|=0.560  7.8 it/s
step   5000  L=0.3768  src=0.0560  tgt=0.1605  trans=0.1603  gain=+0.0002  |dz|=0.663  7.8 it/s
step   5050  L=0.1162  src=0.0666  tgt=0.0250  trans=0.0246  gain=+0.0003  |dz|=0.575  7.8 it/s
step   5100  L=0.1564  src=0.0896  tgt=0.0335  trans=0.0333  gain=+0.0002  |dz|=0.610  7.8 it/s
step   5150  L=0.5719  src=0.0714  tgt=0.2502  trans=0.2502  gain=+0.0000  |dz|=0.679  7.8 it/s
step   5200  L=0.1629  src=0.0837  tgt=0.0396  trans=0.0396  gain=-0.0000  |dz|=0.657  7.8 it/s
step   5250  L=0.4440  src=0.0703  tgt=0.1868  trans=0.1868  gain=+0.0000  |dz|=0.664  7.8 it/s
step   5300  L=0.4534  src=0.0945  tgt=0.1795  trans=0.1795  gain=+0.0000  |dz|=0.672  7.8 it/s
step   5350  L=0.1127  src=0.0604  tgt=0.0262  trans=0.0262  gain=-0.0000  |dz|=0.673  7.8 it/s
step   5400  L=0.1054  src=0.0456  tgt=0.0298  trans=0.0299  gain=-0.0001  |dz|=0.418  7.8 it/s
step   5450  L=0.5854  src=0.0650  tgt=0.2601  trans=0.2602  gain=-0.0001  |dz|=0.717  7.8 it/s
step   5500  L=0.1415  src=0.1038  tgt=0.0197  trans=0.0181  gain=+0.0016  |dz|=0.529  7.8 it/s
step   5550  L=0.1249  src=0.0521  tgt=0.0365  trans=0.0363  gain=+0.0002  |dz|=0.446  7.8 it/s
step   5600  L=0.1250  src=0.0416  tgt=0.0417  trans=0.0417  gain=+0.0000  |dz|=0.426  7.8 it/s
step   5650  L=0.1715  src=0.0749  tgt=0.0483  trans=0.0483  gain=-0.0000  |dz|=0.513  7.8 it/s
step   5700  L=0.1505  src=0.0798  tgt=0.0354  trans=0.0352  gain=+0.0002  |dz|=0.713  7.9 it/s
step   5750  L=0.0981  src=0.0406  tgt=0.0288  trans=0.0287  gain=+0.0001  |dz|=0.616  7.9 it/s
step   5800  L=0.3399  src=0.0487  tgt=0.1455  trans=0.1456  gain=-0.0000  |dz|=0.686  7.9 it/s
step   5850  L=0.1725  src=0.0896  tgt=0.0414  trans=0.0415  gain=-0.0000  |dz|=0.726  7.9 it/s
step   5900  L=0.1004  src=0.0375  tgt=0.0317  trans=0.0311  gain=+0.0006  |dz|=0.641  7.9 it/s
step   5950  L=0.4754  src=0.0470  tgt=0.2141  trans=0.2143  gain=-0.0002  |dz|=0.622  7.9 it/s
step   6000  L=0.1518  src=0.0654  tgt=0.0432  trans=0.0431  gain=+0.0001  |dz|=0.764  7.9 it/s
  [diagnostics @ 6000] loss_correct=0.0843  loss_zero=0.0881  loss_shuffled=0.0901  loss_random=0.0883  loss_target_only=0.0843  loss_mean_z=0.0873  r_basis=0.0336  |dz_transport|=0.5394  z_s_vs_enc_rel=2.1506  z_spread_rel=1.0680  gain_vs_zero=0.0039  gain_vs_shuffled=0.0059  gain_vs_target_only=0.0000  gain_vs_mean_z=0.0031  delta_task=0.0031  z_center_norm=0.1189  task_specific_frac=0.7921
step   6050  L=0.4777  src=0.0770  tgt=0.2004  trans=0.2003  gain=+0.0001  |dz|=0.648  7.7 it/s
step   6100  L=0.3562  src=0.0847  tgt=0.1357  trans=0.1357  gain=-0.0000  |dz|=0.654  7.7 it/s
step   6150  L=0.1263  src=0.0515  tgt=0.0377  trans=0.0370  gain=+0.0007  |dz|=0.718  7.8 it/s
step   6200  L=0.0855  src=0.0511  tgt=0.0172  trans=0.0171  gain=+0.0001  |dz|=0.745  7.8 it/s
step   6250  L=0.5913  src=0.0613  tgt=0.2650  trans=0.2649  gain=+0.0001  |dz|=0.615  7.8 it/s
step   6300  L=0.0817  src=0.0459  tgt=0.0179  trans=0.0178  gain=+0.0000  |dz|=0.639  7.8 it/s
step   6350  L=0.3502  src=0.0628  tgt=0.1436  trans=0.1437  gain=-0.0001  |dz|=0.620  7.8 it/s
step   6400  L=0.1030  src=0.0485  tgt=0.0271  trans=0.0273  gain=-0.0002  |dz|=0.438  7.8 it/s
step   6450  L=0.1377  src=0.0757  tgt=0.0310  trans=0.0309  gain=+0.0001  |dz|=0.477  7.8 it/s
step   6500  L=0.3706  src=0.0545  tgt=0.1581  trans=0.1578  gain=+0.0003  |dz|=1.024  7.8 it/s
step   6550  L=0.1024  src=0.0533  tgt=0.0246  trans=0.0245  gain=+0.0000  |dz|=0.468  7.8 it/s
step   6600  L=0.2218  src=0.0641  tgt=0.0788  trans=0.0788  gain=+0.0000  |dz|=0.964  7.8 it/s
step   6650  L=0.1583  src=0.0656  tgt=0.0470  trans=0.0457  gain=+0.0013  |dz|=0.670  7.8 it/s
step   6700  L=0.1541  src=0.0835  tgt=0.0355  trans=0.0351  gain=+0.0004  |dz|=0.440  7.8 it/s
step   6750  L=0.1619  src=0.0948  tgt=0.0336  trans=0.0335  gain=+0.0001  |dz|=0.727  7.8 it/s
step   6800  L=0.1328  src=0.0687  tgt=0.0321  trans=0.0321  gain=-0.0000  |dz|=0.740  7.8 it/s
step   6850  L=0.1044  src=0.0568  tgt=0.0238  trans=0.0238  gain=+0.0001  |dz|=0.469  7.8 it/s
step   6900  L=0.1090  src=0.0562  tgt=0.0263  trans=0.0264  gain=-0.0001  |dz|=0.544  7.8 it/s
step   6950  L=0.1051  src=0.0669  tgt=0.0191  trans=0.0191  gain=+0.0000  |dz|=0.695  7.8 it/s
step   7000  L=0.1186  src=0.0635  tgt=0.0276  trans=0.0275  gain=+0.0001  |dz|=0.787  7.8 it/s
step   7050  L=0.0936  src=0.0480  tgt=0.0228  trans=0.0228  gain=+0.0000  |dz|=0.514  7.8 it/s
step   7100  L=0.1273  src=0.0680  tgt=0.0296  trans=0.0296  gain=+0.0000  |dz|=0.540  7.8 it/s
step   7150  L=0.1311  src=0.0613  tgt=0.0348  trans=0.0348  gain=-0.0000  |dz|=0.668  7.8 it/s
step   7200  L=0.0840  src=0.0469  tgt=0.0185  trans=0.0185  gain=+0.0000  |dz|=0.505  7.8 it/s
step   7250  L=0.0930  src=0.0349  tgt=0.0292  trans=0.0290  gain=+0.0002  |dz|=0.386  7.8 it/s
step   7300  L=0.1692  src=0.0773  tgt=0.0460  trans=0.0459  gain=+0.0001  |dz|=0.573  7.8 it/s
step   7350  L=0.3348  src=0.0753  tgt=0.1297  trans=0.1298  gain=-0.0001  |dz|=0.708  7.8 it/s
step   7400  L=0.1251  src=0.0662  tgt=0.0294  trans=0.0295  gain=-0.0001  |dz|=0.770  7.8 it/s
step   7450  L=0.0891  src=0.0620  tgt=0.0136  trans=0.0135  gain=+0.0001  |dz|=0.646  7.8 it/s
step   7500  L=0.1074  src=0.0441  tgt=0.0317  trans=0.0316  gain=+0.0002  |dz|=0.773  7.8 it/s
step   7550  L=0.1558  src=0.0555  tgt=0.0502  trans=0.0500  gain=+0.0002  |dz|=0.527  7.8 it/s
step   7600  L=0.3236  src=0.0487  tgt=0.1374  trans=0.1375  gain=-0.0001  |dz|=0.738  7.8 it/s
step   7650  L=0.0745  src=0.0415  tgt=0.0165  trans=0.0165  gain=-0.0000  |dz|=0.723  7.8 it/s
step   7700  L=0.3571  src=0.0570  tgt=0.1499  trans=0.1501  gain=-0.0002  |dz|=0.677  7.8 it/s
step   7750  L=0.1540  src=0.0745  tgt=0.0397  trans=0.0397  gain=-0.0000  |dz|=0.683  7.8 it/s
step   7800  L=0.1219  src=0.0548  tgt=0.0335  trans=0.0335  gain=-0.0000  |dz|=0.550  7.8 it/s
step   7850  L=0.0932  src=0.0387  tgt=0.0273  trans=0.0272  gain=+0.0001  |dz|=0.710  7.8 it/s
step   7900  L=0.5350  src=0.0596  tgt=0.2378  trans=0.2376  gain=+0.0002  |dz|=0.646  7.8 it/s
step   7950  L=0.1137  src=0.0533  tgt=0.0303  trans=0.0302  gain=+0.0001  |dz|=0.518  7.8 it/s
step   8000  L=0.3269  src=0.0432  tgt=0.1417  trans=0.1419  gain=-0.0002  |dz|=0.645  7.8 it/s
  [diagnostics @ 8000] loss_correct=0.0994  loss_zero=0.1051  loss_shuffled=0.1072  loss_random=0.1055  loss_target_only=0.0994  loss_mean_z=0.1040  r_basis=0.0448  |dz_transport|=0.6494  z_s_vs_enc_rel=2.5169  z_spread_rel=0.9949  gain_vs_zero=0.0057  gain_vs_shuffled=0.0078  gain_vs_target_only=0.0000  gain_vs_mean_z=0.0046  delta_task=0.0046  z_center_norm=0.1227  task_specific_frac=0.8067
step   8050  L=0.4807  src=0.0571  tgt=0.2117  trans=0.2117  gain=+0.0000  |dz|=0.731  7.7 it/s
step   8100  L=0.3923  src=0.0573  tgt=0.1675  trans=0.1676  gain=-0.0001  |dz|=0.694  7.8 it/s
step   8150  L=0.1088  src=0.0521  tgt=0.0283  trans=0.0283  gain=+0.0000  |dz|=0.568  7.8 it/s
step   8200  L=0.1937  src=0.0883  tgt=0.0528  trans=0.0526  gain=+0.0002  |dz|=0.559  7.8 it/s
step   8250  L=0.0985  src=0.0501  tgt=0.0242  trans=0.0241  gain=+0.0000  |dz|=0.540  7.8 it/s
step   8300  L=0.3990  src=0.0636  tgt=0.1676  trans=0.1677  gain=-0.0001  |dz|=0.629  7.8 it/s
step   8350  L=0.6369  src=0.0505  tgt=0.2931  trans=0.2933  gain=-0.0001  |dz|=0.662  7.8 it/s
step   8400  L=0.1162  src=0.0611  tgt=0.0276  trans=0.0275  gain=+0.0001  |dz|=0.763  7.8 it/s
step   8450  L=0.1572  src=0.0764  tgt=0.0404  trans=0.0404  gain=-0.0000  |dz|=0.568  7.8 it/s
step   8500  L=0.0853  src=0.0437  tgt=0.0208  trans=0.0208  gain=+0.0001  |dz|=0.528  7.8 it/s
step   8550  L=0.1073  src=0.0627  tgt=0.0223  trans=0.0222  gain=+0.0001  |dz|=0.505  7.8 it/s
step   8600  L=0.1319  src=0.0757  tgt=0.0282  trans=0.0280  gain=+0.0002  |dz|=0.764  7.8 it/s
step   8650  L=0.3312  src=0.0525  tgt=0.1395  trans=0.1390  gain=+0.0006  |dz|=0.891  7.8 it/s
step   8700  L=0.0853  src=0.0528  tgt=0.0163  trans=0.0162  gain=+0.0001  |dz|=0.778  7.8 it/s
step   8750  L=0.1316  src=0.0757  tgt=0.0278  trans=0.0280  gain=-0.0002  |dz|=0.753  7.8 it/s
step   8800  L=0.2861  src=0.0556  tgt=0.1152  trans=0.1152  gain=+0.0000  |dz|=0.924  7.8 it/s
step   8850  L=0.4416  src=0.0468  tgt=0.1974  trans=0.1973  gain=+0.0001  |dz|=0.901  7.8 it/s
step   8900  L=0.1085  src=0.0532  tgt=0.0276  trans=0.0276  gain=-0.0000  |dz|=0.624  7.8 it/s
step   8950  L=0.4122  src=0.0514  tgt=0.1804  trans=0.1803  gain=+0.0001  |dz|=0.823  7.8 it/s
step   9000  L=0.1149  src=0.0308  tgt=0.0421  trans=0.0420  gain=+0.0001  |dz|=0.597  7.8 it/s
step   9050  L=0.0896  src=0.0346  tgt=0.0274  trans=0.0276  gain=-0.0003  |dz|=0.574  7.8 it/s
step   9100  L=0.4269  src=0.0536  tgt=0.1866  trans=0.1866  gain=+0.0000  |dz|=0.815  7.8 it/s
step   9150  L=0.0615  src=0.0355  tgt=0.0130  trans=0.0130  gain=+0.0000  |dz|=0.550  7.8 it/s
step   9200  L=0.4922  src=0.0454  tgt=0.2234  trans=0.2234  gain=-0.0000  |dz|=0.782  7.8 it/s
step   9250  L=0.1331  src=0.0606  tgt=0.0366  trans=0.0359  gain=+0.0007  |dz|=0.533  7.8 it/s
step   9300  L=0.2941  src=0.0413  tgt=0.1264  trans=0.1263  gain=+0.0001  |dz|=0.780  7.8 it/s
step   9350  L=0.1327  src=0.0620  tgt=0.0354  trans=0.0353  gain=+0.0001  |dz|=0.591  7.8 it/s
step   9400  L=0.4031  src=0.0536  tgt=0.1747  trans=0.1748  gain=-0.0001  |dz|=0.773  7.8 it/s
step   9450  L=0.3433  src=0.0394  tgt=0.1519  trans=0.1519  gain=+0.0000  |dz|=0.780  7.8 it/s
step   9500  L=0.1448  src=0.0764  tgt=0.0342  trans=0.0342  gain=+0.0001  |dz|=0.567  7.8 it/s
step   9550  L=0.1649  src=0.0805  tgt=0.0421  trans=0.0422  gain=-0.0002  |dz|=0.599  7.8 it/s
step   9600  L=0.1628  src=0.0587  tgt=0.0521  trans=0.0519  gain=+0.0002  |dz|=0.599  7.8 it/s
step   9650  L=0.0945  src=0.0383  tgt=0.0282  trans=0.0280  gain=+0.0001  |dz|=0.753  7.8 it/s
step   9700  L=0.4596  src=0.0782  tgt=0.1906  trans=0.1908  gain=-0.0002  |dz|=0.739  7.8 it/s
step   9750  L=0.4781  src=0.0905  tgt=0.1938  trans=0.1937  gain=+0.0001  |dz|=0.701  7.8 it/s
step   9800  L=0.5285  src=0.0610  tgt=0.2337  trans=0.2338  gain=-0.0001  |dz|=0.740  7.8 it/s
step   9850  L=0.1232  src=0.0521  tgt=0.0356  trans=0.0355  gain=+0.0001  |dz|=0.811  7.8 it/s
step   9900  L=0.0811  src=0.0357  tgt=0.0227  trans=0.0226  gain=+0.0001  |dz|=0.526  7.8 it/s
step   9950  L=0.1109  src=0.0606  tgt=0.0252  trans=0.0251  gain=+0.0001  |dz|=0.590  7.8 it/s
step  10000  L=0.2075  src=0.0613  tgt=0.0731  trans=0.0731  gain=+0.0000  |dz|=0.736  7.8 it/s
  [diagnostics @ 10000] loss_correct=0.0901  loss_zero=0.0971  loss_shuffled=0.0974  loss_random=0.0971  loss_target_only=0.0901  loss_mean_z=0.0965  r_basis=0.0482  |dz_transport|=0.7125  z_s_vs_enc_rel=2.7381  z_spread_rel=1.0507  gain_vs_zero=0.0070  gain_vs_shuffled=0.0073  gain_vs_target_only=0.0000  gain_vs_mean_z=0.0064  delta_task=0.0064  z_center_norm=0.0884  task_specific_frac=0.9212
  saved C:\T1D Meta Learning\code\python\meta-diffusion\experiments\linear_transport_replacement_2026-09-24\work\checkpoints\a2_film_step10000.pt
step  10050  L=0.1148  src=0.0571  tgt=0.0288  trans=0.0288  gain=+0.0000  |dz|=0.610  7.7 it/s
step  10100  L=0.1249  src=0.0517  tgt=0.0366  trans=0.0366  gain=-0.0000  |dz|=0.599  7.8 it/s
step  10150  L=0.4980  src=0.0857  tgt=0.2062  trans=0.2060  gain=+0.0002  |dz|=0.705  7.8 it/s
step  10200  L=0.0768  src=0.0277  tgt=0.0246  trans=0.0245  gain=+0.0001  |dz|=0.637  7.8 it/s
step  10250  L=0.3608  src=0.0561  tgt=0.1523  trans=0.1523  gain=-0.0000  |dz|=0.701  7.8 it/s
step  10300  L=0.1071  src=0.0360  tgt=0.0354  trans=0.0356  gain=-0.0002  |dz|=0.837  7.8 it/s
step  10350  L=0.3211  src=0.0322  tgt=0.1445  trans=0.1444  gain=+0.0001  |dz|=0.666  7.8 it/s
step  10400  L=0.0831  src=0.0431  tgt=0.0198  trans=0.0201  gain=-0.0003  |dz|=0.725  7.8 it/s
step  10450  L=0.4876  src=0.0718  tgt=0.2079  trans=0.2079  gain=-0.0000  |dz|=0.698  7.8 it/s
step  10500  L=0.1020  src=0.0377  tgt=0.0322  trans=0.0321  gain=+0.0001  |dz|=0.605  7.8 it/s
step  10550  L=0.1161  src=0.0522  tgt=0.0320  trans=0.0319  gain=+0.0001  |dz|=0.588  7.8 it/s
step  10600  L=0.1213  src=0.0466  tgt=0.0374  trans=0.0373  gain=+0.0000  |dz|=0.598  7.8 it/s
step  10650  L=0.0839  src=0.0308  tgt=0.0266  trans=0.0265  gain=+0.0001  |dz|=0.834  7.8 it/s
step  10700  L=0.0715  src=0.0414  tgt=0.0151  trans=0.0150  gain=+0.0001  |dz|=0.571  7.8 it/s
step  10750  L=0.1262  src=0.0456  tgt=0.0404  trans=0.0402  gain=+0.0002  |dz|=0.774  7.8 it/s
step  10800  L=0.2630  src=0.0351  tgt=0.1139  trans=0.1140  gain=-0.0001  |dz|=0.745  7.8 it/s
step  10850  L=0.0990  src=0.0582  tgt=0.0204  trans=0.0203  gain=+0.0001  |dz|=0.624  7.8 it/s
step  10900  L=0.1275  src=0.0545  tgt=0.0364  trans=0.0366  gain=-0.0002  |dz|=0.647  7.8 it/s
step  10950  L=0.4085  src=0.0791  tgt=0.1647  trans=0.1647  gain=+0.0000  |dz|=0.681  7.8 it/s
step  11000  L=0.1115  src=0.0448  tgt=0.0333  trans=0.0334  gain=-0.0000  |dz|=0.649  7.8 it/s
step  11050  L=0.0894  src=0.0491  tgt=0.0202  trans=0.0202  gain=-0.0000  |dz|=0.609  7.8 it/s
step  11100  L=0.2940  src=0.0624  tgt=0.1158  trans=0.1158  gain=+0.0000  |dz|=0.705  7.8 it/s
step  11150  L=0.1239  src=0.0783  tgt=0.0228  trans=0.0227  gain=+0.0001  |dz|=0.824  7.8 it/s
step  11200  L=0.1000  src=0.0632  tgt=0.0184  trans=0.0183  gain=+0.0000  |dz|=0.578  7.8 it/s
step  11250  L=0.5969  src=0.0394  tgt=0.2787  trans=0.2787  gain=+0.0000  |dz|=0.684  7.8 it/s
step  11300  L=0.4225  src=0.0714  tgt=0.1756  trans=0.1755  gain=+0.0001  |dz|=0.659  7.8 it/s
step  11350  L=0.1244  src=0.0818  tgt=0.0213  trans=0.0213  gain=+0.0000  |dz|=0.790  7.8 it/s
step  11400  L=0.3657  src=0.0829  tgt=0.1413  trans=0.1414  gain=-0.0001  |dz|=0.682  7.8 it/s
step  11450  L=0.3944  src=0.0421  tgt=0.1762  trans=0.1761  gain=+0.0001  |dz|=0.684  7.8 it/s
step  11500  L=0.1144  src=0.0467  tgt=0.0338  trans=0.0338  gain=+0.0000  |dz|=0.572  7.8 it/s
step  11550  L=0.0860  src=0.0470  tgt=0.0195  trans=0.0195  gain=+0.0001  |dz|=0.574  7.8 it/s
step  11600  L=0.3999  src=0.0970  tgt=0.1515  trans=0.1514  gain=+0.0001  |dz|=0.650  7.8 it/s
step  11650  L=0.4062  src=0.0595  tgt=0.1733  trans=0.1733  gain=+0.0000  |dz|=0.639  7.8 it/s
step  11700  L=0.5841  src=0.0510  tgt=0.2667  trans=0.2664  gain=+0.0003  |dz|=0.670  7.8 it/s
step  11750  L=0.0797  src=0.0503  tgt=0.0148  trans=0.0146  gain=+0.0002  |dz|=0.575  7.8 it/s
step  11800  L=0.0826  src=0.0394  tgt=0.0216  trans=0.0215  gain=+0.0002  |dz|=0.723  7.8 it/s
step  11850  L=0.1057  src=0.0417  tgt=0.0319  trans=0.0320  gain=-0.0000  |dz|=0.623  7.8 it/s
step  11900  L=0.2795  src=0.0404  tgt=0.1194  trans=0.1196  gain=-0.0002  |dz|=0.638  7.8 it/s
step  11950  L=0.4024  src=0.0644  tgt=0.1690  trans=0.1690  gain=+0.0000  |dz|=0.647  7.8 it/s
step  12000  L=0.0944  src=0.0457  tgt=0.0243  trans=0.0243  gain=+0.0001  |dz|=0.816  7.8 it/s
  [diagnostics @ 12000] loss_correct=0.0475  loss_zero=0.0502  loss_shuffled=0.0553  loss_random=0.0505  loss_target_only=0.0477  loss_mean_z=0.0503  r_basis=0.0348  |dz_transport|=0.7100  z_s_vs_enc_rel=2.2281  z_spread_rel=1.0594  gain_vs_zero=0.0027  gain_vs_shuffled=0.0078  gain_vs_target_only=0.0002  gain_vs_mean_z=0.0027  delta_task=0.0027  z_center_norm=0.0704  task_specific_frac=1.0168
step  12050  L=0.0865  src=0.0424  tgt=0.0221  trans=0.0221  gain=+0.0001  |dz|=0.760  7.7 it/s
step  12100  L=0.1159  src=0.0787  tgt=0.0187  trans=0.0185  gain=+0.0002  |dz|=0.553  7.7 it/s
step  12150  L=0.1307  src=0.0548  tgt=0.0380  trans=0.0379  gain=+0.0000  |dz|=0.639  7.8 it/s
step  12200  L=0.4940  src=0.0788  tgt=0.2076  trans=0.2075  gain=+0.0000  |dz|=0.651  7.8 it/s
step  12250  L=0.1146  src=0.0538  tgt=0.0304  trans=0.0304  gain=-0.0000  |dz|=0.825  7.8 it/s
step  12300  L=0.4283  src=0.0936  tgt=0.1673  trans=0.1674  gain=-0.0001  |dz|=0.641  7.8 it/s
step  12350  L=0.1107  src=0.0668  tgt=0.0220  trans=0.0218  gain=+0.0002  |dz|=0.790  7.8 it/s
step  12400  L=0.1264  src=0.0720  tgt=0.0272  trans=0.0272  gain=+0.0001  |dz|=0.771  7.8 it/s
step  12450  L=0.1272  src=0.0630  tgt=0.0321  trans=0.0321  gain=+0.0000  |dz|=0.798  7.8 it/s
step  12500  L=0.1865  src=0.0883  tgt=0.0491  trans=0.0491  gain=+0.0000  |dz|=0.609  7.8 it/s
step  12550  L=0.4221  src=0.0530  tgt=0.1845  trans=0.1845  gain=-0.0000  |dz|=0.645  7.8 it/s
step  12600  L=0.1708  src=0.0678  tgt=0.0514  trans=0.0515  gain=-0.0001  |dz|=0.609  7.8 it/s
step  12650  L=0.1140  src=0.0660  tgt=0.0240  trans=0.0240  gain=+0.0000  |dz|=0.609  7.8 it/s
step  12700  L=0.1091  src=0.0517  tgt=0.0287  trans=0.0287  gain=+0.0000  |dz|=0.618  7.8 it/s
step  12750  L=0.0675  src=0.0365  tgt=0.0155  trans=0.0155  gain=+0.0001  |dz|=0.641  7.8 it/s
step  12800  L=0.0887  src=0.0452  tgt=0.0217  trans=0.0217  gain=+0.0000  |dz|=0.807  7.8 it/s
step  12850  L=0.2801  src=0.0567  tgt=0.1116  trans=0.1118  gain=-0.0002  |dz|=0.643  7.8 it/s
step  12900  L=0.0887  src=0.0427  tgt=0.0230  trans=0.0230  gain=+0.0000  |dz|=0.707  7.8 it/s
step  12950  L=0.0988  src=0.0552  tgt=0.0219  trans=0.0217  gain=+0.0001  |dz|=0.813  7.8 it/s
step  13000  L=0.1081  src=0.0611  tgt=0.0238  trans=0.0232  gain=+0.0005  |dz|=0.632  7.8 it/s
step  13050  L=0.0643  src=0.0298  tgt=0.0172  trans=0.0172  gain=+0.0000  |dz|=0.630  7.8 it/s
step  13100  L=0.1065  src=0.0450  tgt=0.0307  trans=0.0307  gain=+0.0000  |dz|=0.849  7.8 it/s
step  13150  L=0.3836  src=0.0454  tgt=0.1691  trans=0.1690  gain=+0.0001  |dz|=0.618  7.8 it/s
step  13200  L=0.5492  src=0.0835  tgt=0.2329  trans=0.2327  gain=+0.0001  |dz|=0.618  7.8 it/s
step  13250  L=0.5330  src=0.0922  tgt=0.2203  trans=0.2204  gain=-0.0002  |dz|=0.558  7.8 it/s
step  13300  L=0.3233  src=0.0672  tgt=0.1280  trans=0.1280  gain=+0.0001  |dz|=0.641  7.8 it/s
step  13350  L=0.0837  src=0.0559  tgt=0.0138  trans=0.0139  gain=-0.0001  |dz|=0.808  7.8 it/s
step  13400  L=0.0876  src=0.0415  tgt=0.0231  trans=0.0229  gain=+0.0002  |dz|=0.852  7.8 it/s
step  13450  L=0.1036  src=0.0473  tgt=0.0282  trans=0.0281  gain=+0.0000  |dz|=0.875  7.8 it/s
step  13500  L=0.1254  src=0.0696  tgt=0.0279  trans=0.0279  gain=+0.0000  |dz|=0.634  7.8 it/s
step  13550  L=0.1549  src=0.0669  tgt=0.0439  trans=0.0440  gain=-0.0001  |dz|=0.649  7.8 it/s
step  13600  L=0.0829  src=0.0295  tgt=0.0267  trans=0.0266  gain=+0.0000  |dz|=0.616  7.8 it/s
step  13650  L=0.4539  src=0.0823  tgt=0.1858  trans=0.1858  gain=+0.0000  |dz|=0.621  7.8 it/s
step  13700  L=0.1062  src=0.0378  tgt=0.0342  trans=0.0342  gain=-0.0000  |dz|=0.804  7.8 it/s
step  13750  L=0.4632  src=0.0506  tgt=0.2063  trans=0.2062  gain=+0.0001  |dz|=0.915  7.8 it/s
step  13800  L=0.3632  src=0.0393  tgt=0.1619  trans=0.1620  gain=-0.0001  |dz|=0.821  7.8 it/s
step  13850  L=0.1452  src=0.0846  tgt=0.0303  trans=0.0303  gain=+0.0001  |dz|=0.662  7.8 it/s
step  13900  L=0.1279  src=0.0643  tgt=0.0317  trans=0.0318  gain=-0.0001  |dz|=0.845  7.8 it/s
step  13950  L=0.1539  src=0.0493  tgt=0.0525  trans=0.0521  gain=+0.0004  |dz|=0.664  7.8 it/s
step  14000  L=0.1056  src=0.0517  tgt=0.0269  trans=0.0268  gain=+0.0001  |dz|=0.820  7.8 it/s
  [diagnostics @ 14000] loss_correct=0.0832  loss_zero=0.0906  loss_shuffled=0.0995  loss_random=0.0910  loss_target_only=0.0833  loss_mean_z=0.0900  r_basis=0.0485  |dz_transport|=0.7019  z_s_vs_enc_rel=2.5107  z_spread_rel=1.1144  gain_vs_zero=0.0074  gain_vs_shuffled=0.0163  gain_vs_target_only=0.0001  gain_vs_mean_z=0.0068  delta_task=0.0068  z_center_norm=0.1024  task_specific_frac=0.9262
step  14050  L=0.0848  src=0.0373  tgt=0.0237  trans=0.0237  gain=+0.0000  |dz|=0.647  7.7 it/s
step  14100  L=0.0968  src=0.0512  tgt=0.0228  trans=0.0227  gain=+0.0001  |dz|=0.845  7.8 it/s
step  14150  L=0.1666  src=0.0611  tgt=0.0525  trans=0.0529  gain=-0.0004  |dz|=0.647  7.8 it/s
step  14200  L=0.3803  src=0.0329  tgt=0.1737  trans=0.1736  gain=+0.0001  |dz|=0.717  7.8 it/s
step  14250  L=0.0939  src=0.0444  tgt=0.0248  trans=0.0247  gain=+0.0001  |dz|=0.626  7.8 it/s
step  14300  L=0.3411  src=0.0441  tgt=0.1483  trans=0.1485  gain=-0.0002  |dz|=0.722  7.8 it/s
step  14350  L=0.0628  src=0.0418  tgt=0.0105  trans=0.0104  gain=+0.0001  |dz|=0.767  7.8 it/s
step  14400  L=0.3411  src=0.0517  tgt=0.1446  trans=0.1447  gain=-0.0001  |dz|=0.709  7.8 it/s
step  14450  L=0.1353  src=0.0441  tgt=0.0457  trans=0.0455  gain=+0.0001  |dz|=0.635  7.8 it/s
step  14500  L=0.3235  src=0.0521  tgt=0.1358  trans=0.1355  gain=+0.0003  |dz|=0.732  7.8 it/s
step  14550  L=0.1019  src=0.0483  tgt=0.0268  trans=0.0268  gain=+0.0000  |dz|=0.637  7.8 it/s
step  14600  L=0.3596  src=0.0497  tgt=0.1551  trans=0.1548  gain=+0.0002  |dz|=0.703  7.8 it/s
step  14650  L=0.5119  src=0.0395  tgt=0.2362  trans=0.2362  gain=-0.0000  |dz|=0.678  7.8 it/s
step  14700  L=0.0714  src=0.0258  tgt=0.0228  trans=0.0227  gain=+0.0000  |dz|=0.823  7.8 it/s
step  14750  L=0.1314  src=0.0815  tgt=0.0249  trans=0.0250  gain=-0.0001  |dz|=0.820  7.8 it/s
step  14800  L=0.1510  src=0.0716  tgt=0.0396  trans=0.0398  gain=-0.0002  |dz|=0.671  7.8 it/s
step  14850  L=0.1054  src=0.0448  tgt=0.0302  trans=0.0303  gain=-0.0001  |dz|=0.839  7.8 it/s
step  14900  L=0.3901  src=0.0683  tgt=0.1609  trans=0.1608  gain=+0.0002  |dz|=0.595  7.8 it/s
step  14950  L=0.0907  src=0.0388  tgt=0.0260  trans=0.0259  gain=+0.0001  |dz|=0.652  7.8 it/s
step  15000  L=0.1140  src=0.0471  tgt=0.0335  trans=0.0333  gain=+0.0002  |dz|=0.843  7.8 it/s
step  15050  L=0.1161  src=0.0536  tgt=0.0312  trans=0.0311  gain=+0.0001  |dz|=0.840  7.8 it/s
step  15100  L=0.0795  src=0.0364  tgt=0.0215  trans=0.0215  gain=+0.0000  |dz|=0.786  7.8 it/s
step  15150  L=0.0808  src=0.0408  tgt=0.0200  trans=0.0199  gain=+0.0001  |dz|=0.678  7.8 it/s
step  15200  L=0.0444  src=0.0238  tgt=0.0104  trans=0.0102  gain=+0.0002  |dz|=0.584  7.8 it/s
step  15250  L=0.1151  src=0.0617  tgt=0.0267  trans=0.0266  gain=+0.0000  |dz|=0.624  7.8 it/s
step  15300  L=0.0853  src=0.0377  tgt=0.0238  trans=0.0238  gain=-0.0000  |dz|=0.788  7.8 it/s
step  15350  L=0.0792  src=0.0423  tgt=0.0184  trans=0.0184  gain=-0.0000  |dz|=0.778  7.8 it/s
step  15400  L=0.1034  src=0.0469  tgt=0.0282  trans=0.0282  gain=+0.0001  |dz|=0.633  7.8 it/s
step  15450  L=0.6700  src=0.0496  tgt=0.3101  trans=0.3102  gain=-0.0000  |dz|=0.628  7.8 it/s
step  15500  L=0.2202  src=0.1218  tgt=0.0491  trans=0.0492  gain=-0.0001  |dz|=0.631  7.8 it/s
step  15550  L=0.1170  src=0.0500  tgt=0.0334  trans=0.0335  gain=-0.0001  |dz|=0.827  7.8 it/s
step  15600  L=0.0464  src=0.0269  tgt=0.0098  trans=0.0096  gain=+0.0002  |dz|=0.589  7.8 it/s
step  15650  L=0.3961  src=0.0297  tgt=0.1832  trans=0.1832  gain=+0.0000  |dz|=0.667  7.8 it/s
step  15700  L=0.0877  src=0.0377  tgt=0.0250  trans=0.0250  gain=+0.0001  |dz|=0.738  7.8 it/s
step  15750  L=0.0708  src=0.0310  tgt=0.0200  trans=0.0198  gain=+0.0002  |dz|=0.821  7.8 it/s
step  15800  L=0.4431  src=0.0644  tgt=0.1893  trans=0.1893  gain=-0.0000  |dz|=0.663  7.8 it/s
step  15850  L=0.2977  src=0.0367  tgt=0.1305  trans=0.1304  gain=+0.0001  |dz|=0.644  7.8 it/s
step  15900  L=0.0947  src=0.0429  tgt=0.0259  trans=0.0258  gain=+0.0001  |dz|=0.847  7.8 it/s
step  15950  L=0.0740  src=0.0505  tgt=0.0117  trans=0.0117  gain=+0.0000  |dz|=0.636  7.8 it/s
step  16000  L=0.1187  src=0.0741  tgt=0.0223  trans=0.0222  gain=+0.0001  |dz|=0.650  7.8 it/s
  [diagnostics @ 16000] loss_correct=0.0743  loss_zero=0.0811  loss_shuffled=0.0924  loss_random=0.0811  loss_target_only=0.0744  loss_mean_z=0.0806  r_basis=0.0506  |dz_transport|=0.7215  z_s_vs_enc_rel=2.1486  z_spread_rel=1.1731  gain_vs_zero=0.0068  gain_vs_shuffled=0.0181  gain_vs_target_only=0.0001  gain_vs_mean_z=0.0063  delta_task=0.0063  z_center_norm=0.0612  task_specific_frac=0.9328
step  16050  L=0.0990  src=0.0509  tgt=0.0240  trans=0.0241  gain=-0.0001  |dz|=0.849  7.8 it/s
step  16100  L=0.1556  src=0.0749  tgt=0.0403  trans=0.0404  gain=-0.0000  |dz|=0.665  7.8 it/s
step  16150  L=0.4801  src=0.0660  tgt=0.2071  trans=0.2069  gain=+0.0001  |dz|=0.613  7.8 it/s
step  16200  L=0.1628  src=0.0978  tgt=0.0325  trans=0.0324  gain=+0.0000  |dz|=0.658  7.8 it/s
step  16250  L=0.5437  src=0.0326  tgt=0.2555  trans=0.2556  gain=-0.0001  |dz|=0.636  7.8 it/s
step  16300  L=0.1350  src=0.0823  tgt=0.0263  trans=0.0262  gain=+0.0001  |dz|=0.652  7.8 it/s
step  16350  L=0.1021  src=0.0489  tgt=0.0266  trans=0.0266  gain=+0.0000  |dz|=0.639  7.8 it/s
step  16400  L=0.1151  src=0.0681  tgt=0.0235  trans=0.0235  gain=+0.0000  |dz|=0.819  7.8 it/s
step  16450  L=0.0981  src=0.0514  tgt=0.0233  trans=0.0233  gain=-0.0001  |dz|=0.637  7.8 it/s
step  16500  L=0.1172  src=0.0641  tgt=0.0266  trans=0.0265  gain=+0.0001  |dz|=0.794  7.8 it/s
step  16550  L=0.1110  src=0.0517  tgt=0.0296  trans=0.0296  gain=+0.0001  |dz|=0.670  7.8 it/s
step  16600  L=0.4131  src=0.0566  tgt=0.1784  trans=0.1781  gain=+0.0003  |dz|=0.639  7.8 it/s
step  16650  L=0.0912  src=0.0567  tgt=0.0173  trans=0.0172  gain=+0.0000  |dz|=0.809  7.8 it/s
step  16700  L=0.1060  src=0.0494  tgt=0.0283  trans=0.0282  gain=+0.0001  |dz|=0.636  7.8 it/s
step  16750  L=0.2137  src=0.0380  tgt=0.0878  trans=0.0878  gain=-0.0000  |dz|=0.634  7.8 it/s
step  16800  L=0.1042  src=0.0597  tgt=0.0222  trans=0.0222  gain=+0.0000  |dz|=0.770  7.8 it/s
step  16850  L=0.1112  src=0.0472  tgt=0.0318  trans=0.0321  gain=-0.0003  |dz|=0.766  7.8 it/s
step  16900  L=0.2889  src=0.0452  tgt=0.1219  trans=0.1218  gain=+0.0001  |dz|=0.779  7.8 it/s
step  16950  L=0.0967  src=0.0494  tgt=0.0237  trans=0.0235  gain=+0.0002  |dz|=0.888  7.8 it/s
step  17000  L=0.4862  src=0.0220  tgt=0.2321  trans=0.2321  gain=+0.0000  |dz|=0.768  7.8 it/s
step  17050  L=0.4001  src=0.0883  tgt=0.1560  trans=0.1557  gain=+0.0003  |dz|=0.715  7.8 it/s
step  17100  L=0.1038  src=0.0461  tgt=0.0288  trans=0.0288  gain=+0.0001  |dz|=0.657  7.8 it/s
step  17150  L=0.1075  src=0.0374  tgt=0.0351  trans=0.0349  gain=+0.0002  |dz|=0.678  7.8 it/s
step  17200  L=0.4164  src=0.0569  tgt=0.1797  trans=0.1798  gain=-0.0001  |dz|=0.739  7.8 it/s
step  17250  L=0.1317  src=0.0673  tgt=0.0322  trans=0.0321  gain=+0.0002  |dz|=0.703  7.8 it/s
step  17300  L=0.0656  src=0.0301  tgt=0.0177  trans=0.0177  gain=-0.0000  |dz|=0.796  7.8 it/s
step  17350  L=0.1210  src=0.0428  tgt=0.0392  trans=0.0389  gain=+0.0002  |dz|=0.826  7.8 it/s
step  17400  L=0.1290  src=0.0679  tgt=0.0305  trans=0.0305  gain=+0.0000  |dz|=0.693  7.8 it/s
step  17450  L=0.1194  src=0.0723  tgt=0.0234  trans=0.0236  gain=-0.0001  |dz|=0.692  7.8 it/s
step  17500  L=0.1198  src=0.0822  tgt=0.0188  trans=0.0188  gain=-0.0000  |dz|=0.847  7.8 it/s
step  17550  L=0.0820  src=0.0519  tgt=0.0150  trans=0.0150  gain=-0.0000  |dz|=0.659  7.8 it/s
step  17600  L=0.1581  src=0.0997  tgt=0.0292  trans=0.0291  gain=+0.0000  |dz|=0.839  7.8 it/s
step  17650  L=0.5542  src=0.1075  tgt=0.2234  trans=0.2233  gain=+0.0001  |dz|=0.684  7.8 it/s
step  17700  L=0.1323  src=0.0641  tgt=0.0343  trans=0.0340  gain=+0.0003  |dz|=0.697  7.8 it/s
step  17750  L=0.0885  src=0.0591  tgt=0.0147  trans=0.0147  gain=+0.0000  |dz|=0.669  7.8 it/s
step  17800  L=0.0671  src=0.0311  tgt=0.0180  trans=0.0179  gain=+0.0001  |dz|=0.615  7.8 it/s
step  17850  L=0.0753  src=0.0324  tgt=0.0215  trans=0.0214  gain=+0.0001  |dz|=0.823  7.8 it/s
step  17900  L=0.0648  src=0.0350  tgt=0.0149  trans=0.0148  gain=+0.0001  |dz|=0.694  7.8 it/s
step  17950  L=0.3337  src=0.0260  tgt=0.1538  trans=0.1538  gain=+0.0000  |dz|=0.690  7.8 it/s
step  18000  L=0.2434  src=0.0624  tgt=0.0905  trans=0.0905  gain=-0.0000  |dz|=0.699  7.8 it/s
  [diagnostics @ 18000] loss_correct=0.0837  loss_zero=0.0915  loss_shuffled=0.0949  loss_random=0.0915  loss_target_only=0.0837  loss_mean_z=0.0906  r_basis=0.0510  |dz_transport|=0.7257  z_s_vs_enc_rel=2.1047  z_spread_rel=1.1542  gain_vs_zero=0.0078  gain_vs_shuffled=0.0113  gain_vs_target_only=0.0000  gain_vs_mean_z=0.0070  delta_task=0.0070  z_center_norm=0.0706  task_specific_frac=0.8908
step  18050  L=0.3476  src=0.0618  tgt=0.1428  trans=0.1429  gain=-0.0001  |dz|=0.681  7.8 it/s
step  18100  L=0.0864  src=0.0370  tgt=0.0250  trans=0.0244  gain=+0.0006  |dz|=0.657  7.8 it/s
step  18150  L=0.1324  src=0.0660  tgt=0.0332  trans=0.0332  gain=+0.0000  |dz|=0.663  7.8 it/s
step  18200  L=0.5124  src=0.0514  tgt=0.2304  trans=0.2306  gain=-0.0002  |dz|=0.667  7.8 it/s
step  18250  L=0.1314  src=0.0862  tgt=0.0227  trans=0.0225  gain=+0.0002  |dz|=0.825  7.8 it/s
step  18300  L=0.1175  src=0.0460  tgt=0.0357  trans=0.0358  gain=-0.0001  |dz|=0.652  7.8 it/s
step  18350  L=0.4359  src=0.0449  tgt=0.1955  trans=0.1955  gain=+0.0001  |dz|=0.678  7.8 it/s
step  18400  L=0.3015  src=0.0702  tgt=0.1156  trans=0.1156  gain=-0.0001  |dz|=0.673  7.8 it/s
step  18450  L=0.1098  src=0.0474  tgt=0.0313  trans=0.0310  gain=+0.0003  |dz|=0.827  7.8 it/s
step  18500  L=0.1027  src=0.0575  tgt=0.0226  trans=0.0225  gain=+0.0001  |dz|=0.655  7.8 it/s
step  18550  L=0.1036  src=0.0561  tgt=0.0238  trans=0.0237  gain=+0.0001  |dz|=0.831  7.8 it/s
step  18600  L=0.1257  src=0.0644  tgt=0.0307  trans=0.0306  gain=+0.0000  |dz|=0.642  7.8 it/s
step  18650  L=0.5182  src=0.0528  tgt=0.2326  trans=0.2326  gain=-0.0000  |dz|=0.659  7.8 it/s
step  18700  L=0.1008  src=0.0526  tgt=0.0241  trans=0.0240  gain=+0.0001  |dz|=0.788  7.8 it/s
step  18750  L=0.0907  src=0.0425  tgt=0.0242  trans=0.0240  gain=+0.0002  |dz|=0.798  7.8 it/s
step  18800  L=0.0930  src=0.0384  tgt=0.0273  trans=0.0273  gain=+0.0000  |dz|=0.659  7.8 it/s
step  18850  L=0.3475  src=0.0357  tgt=0.1559  trans=0.1558  gain=+0.0001  |dz|=0.667  7.8 it/s
step  18900  L=0.1534  src=0.0456  tgt=0.0539  trans=0.0538  gain=+0.0001  |dz|=0.666  7.8 it/s
step  18950  L=0.4253  src=0.0756  tgt=0.1749  trans=0.1747  gain=+0.0001  |dz|=0.675  7.8 it/s
step  19000  L=0.6278  src=0.0893  tgt=0.2693  trans=0.2691  gain=+0.0002  |dz|=0.673  7.8 it/s
step  19050  L=0.4454  src=0.0422  tgt=0.2016  trans=0.2016  gain=+0.0000  |dz|=0.687  7.8 it/s
step  19100  L=0.0988  src=0.0377  tgt=0.0306  trans=0.0306  gain=+0.0000  |dz|=0.813  7.8 it/s
step  19150  L=0.1185  src=0.0627  tgt=0.0279  trans=0.0278  gain=+0.0000  |dz|=0.665  7.8 it/s
step  19200  L=0.1129  src=0.0582  tgt=0.0274  trans=0.0273  gain=+0.0001  |dz|=0.655  7.8 it/s
step  19250  L=0.4363  src=0.0477  tgt=0.1943  trans=0.1942  gain=+0.0001  |dz|=0.653  7.8 it/s
step  19300  L=0.1165  src=0.0731  tgt=0.0217  trans=0.0217  gain=+0.0001  |dz|=0.839  7.8 it/s
step  19350  L=0.3520  src=0.0854  tgt=0.1332  trans=0.1333  gain=-0.0001  |dz|=0.651  7.8 it/s
step  19400  L=0.0725  src=0.0329  tgt=0.0198  trans=0.0197  gain=+0.0000  |dz|=0.803  7.8 it/s
step  19450  L=0.5337  src=0.0346  tgt=0.2495  trans=0.2495  gain=-0.0000  |dz|=0.661  7.8 it/s
step  19500  L=0.0929  src=0.0484  tgt=0.0222  trans=0.0223  gain=-0.0001  |dz|=0.633  7.8 it/s
step  19550  L=0.2475  src=0.0301  tgt=0.1088  trans=0.1086  gain=+0.0002  |dz|=0.695  7.8 it/s
step  19600  L=0.1095  src=0.0334  tgt=0.0382  trans=0.0379  gain=+0.0003  |dz|=0.638  7.8 it/s
step  19650  L=0.4868  src=0.0544  tgt=0.2162  trans=0.2161  gain=+0.0001  |dz|=0.672  7.8 it/s
step  19700  L=0.4131  src=0.0474  tgt=0.1828  trans=0.1829  gain=-0.0001  |dz|=0.672  7.8 it/s
step  19750  L=0.3766  src=0.0416  tgt=0.1675  trans=0.1675  gain=+0.0000  |dz|=0.662  7.8 it/s
step  19800  L=0.2629  src=0.0219  tgt=0.1205  trans=0.1204  gain=+0.0001  |dz|=0.669  7.8 it/s
step  19850  L=0.0753  src=0.0455  tgt=0.0149  trans=0.0148  gain=+0.0001  |dz|=0.630  7.8 it/s
step  19900  L=0.1283  src=0.0545  tgt=0.0370  trans=0.0367  gain=+0.0002  |dz|=0.659  7.8 it/s
step  19950  L=0.4044  src=0.0371  tgt=0.1837  trans=0.1835  gain=+0.0002  |dz|=0.638  7.8 it/s
step  20000  L=0.1053  src=0.0612  tgt=0.0220  trans=0.0220  gain=-0.0000  |dz|=0.819  7.8 it/s
  [diagnostics @ 20000] loss_correct=0.0947  loss_zero=0.1034  loss_shuffled=0.1136  loss_random=0.1034  loss_target_only=0.0947  loss_mean_z=0.1031  r_basis=0.0564  |dz_transport|=0.7094  z_s_vs_enc_rel=1.9960  z_spread_rel=1.1946  gain_vs_zero=0.0087  gain_vs_shuffled=0.0189  gain_vs_target_only=0.0000  gain_vs_mean_z=0.0085  delta_task=0.0085  z_center_norm=0.0320  task_specific_frac=0.9712
  saved C:\T1D Meta Learning\code\python\meta-diffusion\experiments\linear_transport_replacement_2026-09-24\work\checkpoints\a2_film_step20000.pt
step  20050  L=0.1600  src=0.0627  tgt=0.0487  trans=0.0486  gain=+0.0001  |dz|=0.801  7.8 it/s
step  20100  L=0.0825  src=0.0445  tgt=0.0190  trans=0.0189  gain=+0.0001  |dz|=0.834  7.8 it/s
step  20150  L=0.0906  src=0.0431  tgt=0.0238  trans=0.0237  gain=+0.0000  |dz|=0.662  7.8 it/s
step  20200  L=0.0910  src=0.0548  tgt=0.0181  trans=0.0180  gain=+0.0001  |dz|=0.824  7.8 it/s
step  20250  L=0.3727  src=0.0782  tgt=0.1473  trans=0.1471  gain=+0.0002  |dz|=0.615  7.8 it/s
step  20300  L=0.1810  src=0.1005  tgt=0.0404  trans=0.0401  gain=+0.0003  |dz|=0.657  7.8 it/s
step  20350  L=0.3059  src=0.0469  tgt=0.1295  trans=0.1295  gain=+0.0000  |dz|=0.641  7.8 it/s
step  20400  L=0.0975  src=0.0520  tgt=0.0229  trans=0.0225  gain=+0.0004  |dz|=0.804  7.8 it/s
step  20450  L=0.3381  src=0.0620  tgt=0.1380  trans=0.1381  gain=-0.0001  |dz|=0.661  7.8 it/s
step  20500  L=0.2904  src=0.0622  tgt=0.1141  trans=0.1141  gain=-0.0000  |dz|=0.663  7.8 it/s
step  20550  L=0.3994  src=0.0659  tgt=0.1667  trans=0.1668  gain=-0.0001  |dz|=0.647  7.8 it/s
step  20600  L=0.5383  src=0.0477  tgt=0.2452  trans=0.2453  gain=-0.0000  |dz|=0.661  7.8 it/s
step  20650  L=0.1275  src=0.0389  tgt=0.0444  trans=0.0442  gain=+0.0001  |dz|=0.630  7.8 it/s
step  20700  L=0.0788  src=0.0388  tgt=0.0200  trans=0.0199  gain=+0.0000  |dz|=0.635  7.8 it/s
step  20750  L=0.3638  src=0.0498  tgt=0.1571  trans=0.1569  gain=+0.0003  |dz|=0.650  7.8 it/s
step  20800  L=0.3632  src=0.0667  tgt=0.1483  trans=0.1482  gain=+0.0001  |dz|=0.636  7.8 it/s
step  20850  L=0.1140  src=0.0599  tgt=0.0270  trans=0.0271  gain=-0.0001  |dz|=0.810  7.8 it/s
step  20900  L=0.0928  src=0.0473  tgt=0.0228  trans=0.0227  gain=+0.0001  |dz|=0.651  7.8 it/s
step  20950  L=0.3258  src=0.0752  tgt=0.1253  trans=0.1253  gain=-0.0000  |dz|=0.629  7.8 it/s
step  21000  L=0.4973  src=0.0617  tgt=0.2179  trans=0.2178  gain=+0.0001  |dz|=0.629  7.8 it/s
step  21050  L=0.0858  src=0.0343  tgt=0.0257  trans=0.0258  gain=-0.0001  |dz|=0.796  7.8 it/s
step  21100  L=0.1077  src=0.0553  tgt=0.0262  trans=0.0262  gain=+0.0000  |dz|=0.814  7.8 it/s
step  21150  L=0.3158  src=0.0386  tgt=0.1386  trans=0.1386  gain=+0.0000  |dz|=0.642  7.8 it/s
step  21200  L=0.1083  src=0.0328  tgt=0.0378  trans=0.0377  gain=+0.0002  |dz|=0.804  7.8 it/s
step  21250  L=0.4007  src=0.0559  tgt=0.1724  trans=0.1723  gain=+0.0001  |dz|=0.659  7.8 it/s
step  21300  L=0.2417  src=0.0388  tgt=0.1015  trans=0.1014  gain=+0.0000  |dz|=0.626  7.8 it/s
step  21350  L=0.1166  src=0.0630  tgt=0.0268  trans=0.0267  gain=+0.0001  |dz|=0.837  7.8 it/s
step  21400  L=0.0823  src=0.0452  tgt=0.0185  trans=0.0186  gain=-0.0000  |dz|=0.808  7.8 it/s
step  21450  L=0.0920  src=0.0359  tgt=0.0281  trans=0.0280  gain=+0.0001  |dz|=0.760  7.8 it/s
step  21500  L=0.0626  src=0.0342  tgt=0.0142  trans=0.0141  gain=+0.0001  |dz|=0.607  7.8 it/s
step  21550  L=0.1499  src=0.0904  tgt=0.0297  trans=0.0297  gain=+0.0000  |dz|=0.792  7.8 it/s
step  21600  L=0.3542  src=0.0381  tgt=0.1580  trans=0.1580  gain=+0.0000  |dz|=0.651  7.8 it/s
step  21650  L=0.1634  src=0.0854  tgt=0.0391  trans=0.0388  gain=+0.0003  |dz|=0.667  7.8 it/s
step  21700  L=0.5036  src=0.0478  tgt=0.2278  trans=0.2280  gain=-0.0002  |dz|=0.641  7.8 it/s
step  21750  L=0.0863  src=0.0345  tgt=0.0259  trans=0.0259  gain=+0.0000  |dz|=0.649  7.8 it/s
step  21800  L=0.1435  src=0.0723  tgt=0.0357  trans=0.0354  gain=+0.0003  |dz|=0.795  7.8 it/s
step  21850  L=0.1102  src=0.0557  tgt=0.0273  trans=0.0271  gain=+0.0002  |dz|=0.638  7.8 it/s
step  21900  L=0.1306  src=0.0593  tgt=0.0356  trans=0.0357  gain=-0.0001  |dz|=0.801  7.8 it/s
step  21950  L=0.1183  src=0.0463  tgt=0.0359  trans=0.0359  gain=+0.0000  |dz|=0.748  7.8 it/s
step  22000  L=0.6192  src=0.0513  tgt=0.2839  trans=0.2839  gain=-0.0000  |dz|=0.646  7.8 it/s
  [diagnostics @ 22000] loss_correct=0.0816  loss_zero=0.0884  loss_shuffled=0.0971  loss_random=0.0886  loss_target_only=0.0817  loss_mean_z=0.0879  r_basis=0.0504  |dz_transport|=0.6946  z_s_vs_enc_rel=1.8110  z_spread_rel=1.2204  gain_vs_zero=0.0067  gain_vs_shuffled=0.0154  gain_vs_target_only=0.0001  gain_vs_mean_z=0.0063  delta_task=0.0063  z_center_norm=0.0410  task_specific_frac=0.9351
step  22050  L=0.1160  src=0.0615  tgt=0.0272  trans=0.0272  gain=-0.0001  |dz|=0.815  7.8 it/s
step  22100  L=0.4327  src=0.1060  tgt=0.1634  trans=0.1633  gain=+0.0002  |dz|=0.622  7.8 it/s
step  22150  L=0.3064  src=0.0392  tgt=0.1336  trans=0.1336  gain=+0.0001  |dz|=0.622  7.8 it/s
step  22200  L=0.0597  src=0.0305  tgt=0.0145  trans=0.0146  gain=-0.0001  |dz|=0.788  7.8 it/s
step  22250  L=0.1297  src=0.0816  tgt=0.0240  trans=0.0239  gain=+0.0001  |dz|=0.663  7.8 it/s
step  22300  L=0.0866  src=0.0520  tgt=0.0173  trans=0.0172  gain=+0.0000  |dz|=0.834  7.8 it/s
step  22350  L=0.0923  src=0.0412  tgt=0.0256  trans=0.0255  gain=+0.0001  |dz|=0.870  7.8 it/s
step  22400  L=0.0907  src=0.0461  tgt=0.0223  trans=0.0222  gain=+0.0001  |dz|=0.840  7.8 it/s
step  22450  L=0.1010  src=0.0576  tgt=0.0217  trans=0.0216  gain=+0.0001  |dz|=0.861  7.8 it/s
step  22500  L=0.3206  src=0.0431  tgt=0.1388  trans=0.1387  gain=+0.0001  |dz|=0.705  7.8 it/s
step  22550  L=0.1003  src=0.0373  tgt=0.0316  trans=0.0313  gain=+0.0003  |dz|=0.806  7.8 it/s
step  22600  L=0.1261  src=0.0663  tgt=0.0299  trans=0.0299  gain=+0.0000  |dz|=0.862  7.8 it/s
step  22650  L=0.3736  src=0.0477  tgt=0.1630  trans=0.1629  gain=+0.0001  |dz|=0.684  7.8 it/s
step  22700  L=0.0898  src=0.0554  tgt=0.0171  trans=0.0172  gain=-0.0000  |dz|=0.846  7.8 it/s
step  22750  L=0.0926  src=0.0368  tgt=0.0281  trans=0.0277  gain=+0.0004  |dz|=0.850  7.8 it/s
step  22800  L=0.0965  src=0.0588  tgt=0.0188  trans=0.0188  gain=+0.0000  |dz|=0.841  7.8 it/s
step  22850  L=0.3351  src=0.0440  tgt=0.1456  trans=0.1455  gain=+0.0001  |dz|=0.693  7.8 it/s
step  22900  L=0.3185  src=0.0657  tgt=0.1263  trans=0.1264  gain=-0.0001  |dz|=0.686  7.8 it/s
step  22950  L=0.3267  src=0.0515  tgt=0.1376  trans=0.1376  gain=+0.0000  |dz|=0.655  7.8 it/s
step  23000  L=0.0938  src=0.0564  tgt=0.0189  trans=0.0185  gain=+0.0003  |dz|=0.646  7.8 it/s
step  23050  L=0.1036  src=0.0424  tgt=0.0306  trans=0.0306  gain=+0.0001  |dz|=0.840  7.8 it/s
step  23100  L=0.1144  src=0.0740  tgt=0.0201  trans=0.0202  gain=-0.0001  |dz|=0.831  7.8 it/s
step  23150  L=0.2625  src=0.0621  tgt=0.1002  trans=0.1001  gain=+0.0001  |dz|=0.670  7.8 it/s
step  23200  L=0.1528  src=0.0813  tgt=0.0357  trans=0.0358  gain=-0.0000  |dz|=0.820  7.8 it/s
step  23250  L=0.0985  src=0.0438  tgt=0.0273  trans=0.0273  gain=-0.0000  |dz|=0.826  7.8 it/s
step  23300  L=0.0870  src=0.0471  tgt=0.0200  trans=0.0199  gain=+0.0001  |dz|=0.636  7.8 it/s
step  23350  L=0.1847  src=0.0658  tgt=0.0595  trans=0.0594  gain=+0.0001  |dz|=0.665  7.8 it/s
step  23400  L=0.3143  src=0.0764  tgt=0.1190  trans=0.1189  gain=+0.0001  |dz|=0.675  7.8 it/s
step  23450  L=0.0924  src=0.0581  tgt=0.0171  trans=0.0171  gain=+0.0001  |dz|=0.821  7.8 it/s
step  23500  L=0.4193  src=0.0703  tgt=0.1744  trans=0.1745  gain=-0.0001  |dz|=0.668  7.8 it/s
step  23550  L=0.3099  src=0.0667  tgt=0.1216  trans=0.1215  gain=+0.0001  |dz|=0.656  7.8 it/s
step  23600  L=0.0836  src=0.0322  tgt=0.0257  trans=0.0257  gain=+0.0000  |dz|=0.634  7.8 it/s
step  23650  L=0.3925  src=0.0693  tgt=0.1616  trans=0.1615  gain=+0.0000  |dz|=0.683  7.8 it/s
step  23700  L=0.3290  src=0.0285  tgt=0.1504  trans=0.1500  gain=+0.0003  |dz|=0.666  7.8 it/s
step  23750  L=0.3792  src=0.0546  tgt=0.1623  trans=0.1623  gain=+0.0000  |dz|=0.667  7.8 it/s
step  23800  L=0.1008  src=0.0392  tgt=0.0308  trans=0.0308  gain=+0.0000  |dz|=0.820  7.8 it/s
step  23850  L=0.0924  src=0.0480  tgt=0.0222  trans=0.0221  gain=+0.0000  |dz|=0.812  7.8 it/s
step  23900  L=0.0877  src=0.0435  tgt=0.0221  trans=0.0220  gain=+0.0001  |dz|=0.653  7.8 it/s
step  23950  L=0.4495  src=0.0330  tgt=0.2082  trans=0.2082  gain=+0.0000  |dz|=0.650  7.8 it/s
step  24000  L=0.3801  src=0.0472  tgt=0.1664  trans=0.1664  gain=-0.0000  |dz|=0.662  7.8 it/s
  [diagnostics @ 24000] loss_correct=0.0808  loss_zero=0.0893  loss_shuffled=0.0984  loss_random=0.0895  loss_target_only=0.0808  loss_mean_z=0.0889  r_basis=0.0576  |dz_transport|=0.7279  z_s_vs_enc_rel=1.9802  z_spread_rel=1.1945  gain_vs_zero=0.0086  gain_vs_shuffled=0.0176  gain_vs_target_only=0.0000  gain_vs_mean_z=0.0081  delta_task=0.0081  z_center_norm=0.0388  task_specific_frac=0.9474
step  24050  L=0.4660  src=0.0296  tgt=0.2182  trans=0.2182  gain=+0.0000  |dz|=0.656  7.8 it/s
step  24100  L=0.3792  src=0.0297  tgt=0.1747  trans=0.1747  gain=+0.0000  |dz|=0.647  7.8 it/s
step  24150  L=0.3713  src=0.0305  tgt=0.1704  trans=0.1704  gain=+0.0000  |dz|=0.652  7.8 it/s
step  24200  L=0.4253  src=0.0661  tgt=0.1796  trans=0.1795  gain=+0.0001  |dz|=0.671  7.8 it/s
step  24250  L=0.1477  src=0.0818  tgt=0.0330  trans=0.0329  gain=+0.0000  |dz|=0.647  7.8 it/s
step  24300  L=0.3909  src=0.0444  tgt=0.1733  trans=0.1732  gain=+0.0000  |dz|=0.638  7.8 it/s
step  24350  L=0.3300  src=0.0416  tgt=0.1442  trans=0.1441  gain=+0.0001  |dz|=0.643  7.8 it/s
step  24400  L=0.1207  src=0.0774  tgt=0.0216  trans=0.0216  gain=+0.0001  |dz|=0.827  7.8 it/s
step  24450  L=0.0904  src=0.0465  tgt=0.0220  trans=0.0219  gain=+0.0001  |dz|=0.653  7.8 it/s
step  24500  L=0.0890  src=0.0393  tgt=0.0248  trans=0.0248  gain=+0.0000  |dz|=0.634  7.8 it/s
step  24550  L=0.1254  src=0.0553  tgt=0.0350  trans=0.0350  gain=-0.0001  |dz|=0.828  7.8 it/s
step  24600  L=0.1018  src=0.0488  tgt=0.0265  trans=0.0264  gain=+0.0001  |dz|=0.634  7.8 it/s
step  24650  L=0.3965  src=0.0231  tgt=0.1866  trans=0.1867  gain=-0.0001  |dz|=0.647  7.8 it/s
step  24700  L=0.2734  src=0.0366  tgt=0.1184  trans=0.1184  gain=+0.0000  |dz|=0.648  7.8 it/s
step  24750  L=0.1106  src=0.0660  tgt=0.0223  trans=0.0223  gain=-0.0000  |dz|=0.810  7.8 it/s
step  24800  L=0.2718  src=0.0390  tgt=0.1165  trans=0.1163  gain=+0.0002  |dz|=0.636  7.8 it/s
step  24850  L=0.1521  src=0.0759  tgt=0.0382  trans=0.0380  gain=+0.0002  |dz|=0.654  7.8 it/s
step  24900  L=0.1042  src=0.0563  tgt=0.0239  trans=0.0239  gain=+0.0000  |dz|=0.815  7.8 it/s
step  24950  L=0.1187  src=0.0613  tgt=0.0287  trans=0.0286  gain=+0.0001  |dz|=0.818  7.8 it/s
step  25000  L=0.3684  src=0.0435  tgt=0.1624  trans=0.1624  gain=-0.0000  |dz|=0.657  7.8 it/s
step  25050  L=0.3733  src=0.0768  tgt=0.1482  trans=0.1483  gain=-0.0002  |dz|=0.647  7.8 it/s
step  25100  L=0.0730  src=0.0283  tgt=0.0223  trans=0.0224  gain=-0.0000  |dz|=0.654  7.8 it/s
step  25150  L=0.0851  src=0.0344  tgt=0.0253  trans=0.0253  gain=-0.0000  |dz|=0.653  7.8 it/s
step  25200  L=0.0985  src=0.0530  tgt=0.0228  trans=0.0227  gain=+0.0001  |dz|=0.825  7.8 it/s
step  25250  L=0.1411  src=0.0701  tgt=0.0354  trans=0.0356  gain=-0.0001  |dz|=0.652  7.8 it/s
step  25300  L=0.1015  src=0.0517  tgt=0.0248  trans=0.0248  gain=+0.0000  |dz|=0.804  7.8 it/s
step  25350  L=0.1268  src=0.0734  tgt=0.0267  trans=0.0267  gain=+0.0001  |dz|=0.806  7.8 it/s
step  25400  L=0.2032  src=0.0616  tgt=0.0708  trans=0.0708  gain=+0.0000  |dz|=0.646  7.8 it/s
step  25450  L=0.1034  src=0.0572  tgt=0.0231  trans=0.0231  gain=+0.0001  |dz|=0.654  7.8 it/s
step  25500  L=0.0792  src=0.0430  tgt=0.0182  trans=0.0180  gain=+0.0002  |dz|=0.747  7.8 it/s
step  25550  L=0.3618  src=0.0746  tgt=0.1436  trans=0.1436  gain=+0.0001  |dz|=0.651  7.8 it/s
step  25600  L=0.0901  src=0.0369  tgt=0.0266  trans=0.0266  gain=-0.0001  |dz|=0.808  7.8 it/s
step  25650  L=0.1061  src=0.0751  tgt=0.0155  trans=0.0155  gain=-0.0000  |dz|=0.656  7.8 it/s
step  25700  L=0.4372  src=0.0475  tgt=0.1948  trans=0.1948  gain=+0.0001  |dz|=0.640  7.8 it/s
step  25750  L=0.3389  src=0.0537  tgt=0.1426  trans=0.1426  gain=+0.0000  |dz|=0.660  7.8 it/s
step  25800  L=0.1621  src=0.0509  tgt=0.0556  trans=0.0554  gain=+0.0002  |dz|=0.671  7.8 it/s
step  25850  L=0.0836  src=0.0472  tgt=0.0182  trans=0.0182  gain=-0.0000  |dz|=0.657  7.8 it/s
step  25900  L=0.2494  src=0.0474  tgt=0.1009  trans=0.1010  gain=-0.0000  |dz|=0.632  7.8 it/s
step  25950  L=0.0730  src=0.0379  tgt=0.0175  trans=0.0176  gain=-0.0001  |dz|=0.808  7.8 it/s
step  26000  L=0.1270  src=0.0747  tgt=0.0262  trans=0.0261  gain=+0.0001  |dz|=0.653  7.8 it/s
  [diagnostics @ 26000] loss_correct=0.0762  loss_zero=0.0838  loss_shuffled=0.0916  loss_random=0.0840  loss_target_only=0.0765  loss_mean_z=0.0838  r_basis=0.0557  |dz_transport|=0.7107  z_s_vs_enc_rel=1.8266  z_spread_rel=1.2011  gain_vs_zero=0.0075  gain_vs_shuffled=0.0153  gain_vs_target_only=0.0003  gain_vs_mean_z=0.0075  delta_task=0.0075  z_center_norm=0.0360  task_specific_frac=0.9962
step  26050  L=0.0885  src=0.0420  tgt=0.0233  trans=0.0232  gain=+0.0001  |dz|=0.807  7.8 it/s
step  26100  L=0.3586  src=0.0612  tgt=0.1487  trans=0.1487  gain=-0.0000  |dz|=0.644  7.8 it/s
step  26150  L=0.1047  src=0.0505  tgt=0.0272  trans=0.0270  gain=+0.0003  |dz|=0.822  7.8 it/s
step  26200  L=0.0975  src=0.0504  tgt=0.0236  trans=0.0234  gain=+0.0002  |dz|=0.809  7.8 it/s
step  26250  L=0.3887  src=0.0448  tgt=0.1721  trans=0.1718  gain=+0.0003  |dz|=0.687  7.8 it/s
step  26300  L=0.3699  src=0.0490  tgt=0.1605  trans=0.1603  gain=+0.0002  |dz|=0.673  7.8 it/s
step  26350  L=0.1123  src=0.0590  tgt=0.0267  trans=0.0265  gain=+0.0002  |dz|=0.830  7.8 it/s
step  26400  L=0.1085  src=0.0403  tgt=0.0340  trans=0.0341  gain=-0.0001  |dz|=0.789  7.8 it/s
step  26450  L=0.0777  src=0.0381  tgt=0.0198  trans=0.0198  gain=+0.0000  |dz|=0.794  7.8 it/s
step  26500  L=0.0981  src=0.0338  tgt=0.0321  trans=0.0321  gain=-0.0000  |dz|=0.655  7.8 it/s
step  26550  L=0.1100  src=0.0579  tgt=0.0262  trans=0.0259  gain=+0.0003  |dz|=0.648  7.8 it/s
step  26600  L=0.2876  src=0.0577  tgt=0.1150  trans=0.1148  gain=+0.0002  |dz|=0.685  7.8 it/s
step  26650  L=0.1636  src=0.0686  tgt=0.0474  trans=0.0475  gain=-0.0001  |dz|=0.662  7.8 it/s
step  26700  L=0.1283  src=0.0360  tgt=0.0461  trans=0.0463  gain=-0.0002  |dz|=0.652  7.8 it/s
step  26750  L=0.1566  src=0.0514  tgt=0.0525  trans=0.0527  gain=-0.0002  |dz|=0.629  7.8 it/s
step  26800  L=0.4350  src=0.0547  tgt=0.1901  trans=0.1901  gain=+0.0000  |dz|=0.647  7.8 it/s
step  26850  L=0.4276  src=0.0902  tgt=0.1687  trans=0.1686  gain=+0.0001  |dz|=0.598  7.8 it/s
step  26900  L=0.1027  src=0.0634  tgt=0.0196  trans=0.0196  gain=+0.0000  |dz|=0.799  7.8 it/s
step  26950  L=0.4583  src=0.0528  tgt=0.2028  trans=0.2026  gain=+0.0002  |dz|=0.664  7.8 it/s
step  27000  L=0.1343  src=0.0456  tgt=0.0443  trans=0.0444  gain=-0.0001  |dz|=0.645  7.8 it/s
step  27050  L=0.5705  src=0.0310  tgt=0.2697  trans=0.2698  gain=-0.0002  |dz|=0.683  7.8 it/s
step  27100  L=0.4197  src=0.0475  tgt=0.1861  trans=0.1861  gain=+0.0000  |dz|=0.664  7.8 it/s
step  27150  L=0.1180  src=0.0711  tgt=0.0234  trans=0.0235  gain=-0.0001  |dz|=0.804  7.8 it/s
step  27200  L=0.0867  src=0.0379  tgt=0.0243  trans=0.0244  gain=-0.0001  |dz|=0.828  7.8 it/s
step  27250  L=0.1030  src=0.0423  tgt=0.0303  trans=0.0303  gain=-0.0000  |dz|=0.813  7.8 it/s
step  27300  L=0.0821  src=0.0297  tgt=0.0261  trans=0.0262  gain=-0.0000  |dz|=0.617  7.8 it/s
step  27350  L=0.0973  src=0.0545  tgt=0.0214  trans=0.0213  gain=+0.0000  |dz|=0.642  7.8 it/s
step  27400  L=0.1258  src=0.0737  tgt=0.0261  trans=0.0260  gain=+0.0001  |dz|=0.796  7.8 it/s
step  27450  L=0.1018  src=0.0573  tgt=0.0222  trans=0.0222  gain=+0.0001  |dz|=0.818  7.8 it/s
step  27500  L=0.5386  src=0.0571  tgt=0.2408  trans=0.2407  gain=+0.0001  |dz|=0.675  7.8 it/s
step  27550  L=0.1056  src=0.0477  tgt=0.0290  trans=0.0289  gain=+0.0001  |dz|=0.814  7.8 it/s
step  27600  L=0.1228  src=0.0715  tgt=0.0257  trans=0.0256  gain=+0.0000  |dz|=0.792  7.8 it/s
step  27650  L=0.1211  src=0.0445  tgt=0.0383  trans=0.0382  gain=+0.0001  |dz|=0.647  7.8 it/s
step  27700  L=0.1378  src=0.0861  tgt=0.0258  trans=0.0259  gain=-0.0001  |dz|=0.661  7.8 it/s
step  27750  L=0.1181  src=0.0584  tgt=0.0298  trans=0.0298  gain=+0.0001  |dz|=0.633  7.8 it/s
step  27800  L=0.0908  src=0.0469  tgt=0.0220  trans=0.0219  gain=+0.0002  |dz|=0.647  7.8 it/s
step  27850  L=0.0972  src=0.0543  tgt=0.0215  trans=0.0213  gain=+0.0002  |dz|=0.671  7.8 it/s
step  27900  L=0.1380  src=0.0679  tgt=0.0351  trans=0.0350  gain=+0.0001  |dz|=0.794  7.8 it/s
step  27950  L=0.1243  src=0.0597  tgt=0.0324  trans=0.0322  gain=+0.0001  |dz|=0.655  7.8 it/s
step  28000  L=0.0996  src=0.0376  tgt=0.0311  trans=0.0309  gain=+0.0002  |dz|=0.800  7.8 it/s
  [diagnostics @ 28000] loss_correct=0.0555  loss_zero=0.0607  loss_shuffled=0.0653  loss_random=0.0612  loss_target_only=0.0556  loss_mean_z=0.0608  r_basis=0.0495  |dz_transport|=0.7227  z_s_vs_enc_rel=1.8414  z_spread_rel=1.2008  gain_vs_zero=0.0052  gain_vs_shuffled=0.0098  gain_vs_target_only=0.0001  gain_vs_mean_z=0.0053  delta_task=0.0053  z_center_norm=0.0239  task_specific_frac=1.0158
step  28050  L=0.0710  src=0.0359  tgt=0.0174  trans=0.0176  gain=-0.0002  |dz|=0.651  7.8 it/s
step  28100  L=0.0842  src=0.0411  tgt=0.0215  trans=0.0215  gain=+0.0001  |dz|=0.655  7.8 it/s
step  28150  L=0.1440  src=0.0742  tgt=0.0349  trans=0.0348  gain=+0.0001  |dz|=0.774  7.8 it/s
step  28200  L=0.1075  src=0.0473  tgt=0.0301  trans=0.0300  gain=+0.0001  |dz|=0.795  7.8 it/s
step  28250  L=0.4160  src=0.0396  tgt=0.1882  trans=0.1881  gain=+0.0001  |dz|=0.657  7.8 it/s
step  28300  L=0.3296  src=0.0777  tgt=0.1260  trans=0.1259  gain=+0.0001  |dz|=0.647  7.8 it/s
step  28350  L=0.2695  src=0.0398  tgt=0.1149  trans=0.1148  gain=+0.0001  |dz|=0.648  7.8 it/s
step  28400  L=0.3044  src=0.0586  tgt=0.1229  trans=0.1229  gain=+0.0000  |dz|=0.669  7.8 it/s
step  28450  L=0.3618  src=0.0613  tgt=0.1503  trans=0.1502  gain=+0.0000  |dz|=0.656  7.8 it/s
step  28500  L=0.0922  src=0.0339  tgt=0.0292  trans=0.0291  gain=+0.0001  |dz|=0.668  7.8 it/s
step  28550  L=0.1232  src=0.0676  tgt=0.0277  trans=0.0278  gain=-0.0001  |dz|=0.668  7.8 it/s
step  28600  L=0.5232  src=0.0452  tgt=0.2390  trans=0.2389  gain=+0.0001  |dz|=0.666  7.8 it/s
step  28650  L=0.2052  src=0.0443  tgt=0.0804  trans=0.0804  gain=+0.0000  |dz|=0.661  7.8 it/s
step  28700  L=0.0577  src=0.0244  tgt=0.0166  trans=0.0166  gain=-0.0000  |dz|=0.647  7.8 it/s
step  28750  L=0.1175  src=0.0657  tgt=0.0259  trans=0.0258  gain=+0.0001  |dz|=0.797  7.8 it/s
step  28800  L=0.2387  src=0.0321  tgt=0.1033  trans=0.1032  gain=+0.0001  |dz|=0.655  7.8 it/s
step  28850  L=0.1200  src=0.0672  tgt=0.0264  trans=0.0264  gain=+0.0000  |dz|=0.775  7.8 it/s
step  28900  L=0.0593  src=0.0263  tgt=0.0165  trans=0.0164  gain=+0.0001  |dz|=0.745  7.8 it/s
step  28950  L=0.2598  src=0.0457  tgt=0.1070  trans=0.1070  gain=-0.0000  |dz|=0.645  7.8 it/s
step  29000  L=0.2698  src=0.0366  tgt=0.1166  trans=0.1166  gain=+0.0001  |dz|=0.647  7.8 it/s
step  29050  L=0.1084  src=0.0431  tgt=0.0327  trans=0.0326  gain=+0.0001  |dz|=0.654  7.8 it/s
step  29100  L=0.1012  src=0.0533  tgt=0.0241  trans=0.0238  gain=+0.0003  |dz|=0.672  7.8 it/s
step  29150  L=0.1065  src=0.0447  tgt=0.0309  trans=0.0308  gain=+0.0001  |dz|=0.792  7.8 it/s
step  29200  L=0.1325  src=0.0813  tgt=0.0256  trans=0.0256  gain=+0.0001  |dz|=0.650  7.8 it/s
step  29250  L=0.0657  src=0.0322  tgt=0.0168  trans=0.0166  gain=+0.0002  |dz|=0.640  7.8 it/s
step  29300  L=0.1213  src=0.0543  tgt=0.0335  trans=0.0335  gain=+0.0000  |dz|=0.793  7.8 it/s
step  29350  L=0.4749  src=0.0808  tgt=0.1970  trans=0.1970  gain=+0.0001  |dz|=0.636  7.8 it/s
step  29400  L=0.4896  src=0.0532  tgt=0.2182  trans=0.2181  gain=+0.0001  |dz|=0.658  7.8 it/s
step  29450  L=0.1203  src=0.0353  tgt=0.0425  trans=0.0424  gain=+0.0002  |dz|=0.769  7.8 it/s
step  29500  L=0.1413  src=0.0859  tgt=0.0276  trans=0.0277  gain=-0.0001  |dz|=0.788  7.8 it/s
step  29550  L=0.3200  src=0.0426  tgt=0.1386  trans=0.1387  gain=-0.0000  |dz|=0.677  7.8 it/s
step  29600  L=0.1024  src=0.0364  tgt=0.0330  trans=0.0329  gain=+0.0000  |dz|=0.655  7.8 it/s
step  29650  L=0.1120  src=0.0652  tgt=0.0235  trans=0.0233  gain=+0.0002  |dz|=0.807  7.8 it/s
step  29700  L=0.4306  src=0.0583  tgt=0.1860  trans=0.1862  gain=-0.0002  |dz|=0.697  7.8 it/s
step  29750  L=0.0890  src=0.0387  tgt=0.0251  trans=0.0251  gain=-0.0001  |dz|=0.798  7.8 it/s
step  29800  L=0.4083  src=0.0328  tgt=0.1878  trans=0.1877  gain=+0.0001  |dz|=0.667  7.8 it/s
step  29850  L=0.1146  src=0.0554  tgt=0.0295  trans=0.0296  gain=-0.0001  |dz|=0.662  7.8 it/s
step  29900  L=0.2933  src=0.0371  tgt=0.1281  trans=0.1280  gain=+0.0001  |dz|=0.668  7.8 it/s
step  29950  L=0.1146  src=0.0571  tgt=0.0287  trans=0.0287  gain=-0.0000  |dz|=0.662  7.8 it/s
step  30000  L=0.0552  src=0.0245  tgt=0.0153  trans=0.0153  gain=+0.0001  |dz|=0.670  7.8 it/s
  [diagnostics @ 30000] loss_correct=0.0744  loss_zero=0.0827  loss_shuffled=0.0920  loss_random=0.0833  loss_target_only=0.0747  loss_mean_z=0.0824  r_basis=0.0608  |dz_transport|=0.7250  z_s_vs_enc_rel=1.9041  z_spread_rel=1.1597  gain_vs_zero=0.0082  gain_vs_shuffled=0.0175  gain_vs_target_only=0.0003  gain_vs_mean_z=0.0080  delta_task=0.0080  z_center_norm=0.0388  task_specific_frac=0.9651
  saved C:\T1D Meta Learning\code\python\meta-diffusion\experiments\linear_transport_replacement_2026-09-24\work\checkpoints\a2_film_step30000.pt
step  30050  L=0.0963  src=0.0649  tgt=0.0157  trans=0.0156  gain=+0.0001  |dz|=0.644  7.8 it/s
step  30100  L=0.1109  src=0.0586  tgt=0.0261  trans=0.0261  gain=+0.0000  |dz|=0.795  7.8 it/s
step  30150  L=0.4222  src=0.0317  tgt=0.1952  trans=0.1952  gain=+0.0001  |dz|=0.675  7.8 it/s
step  30200  L=0.1128  src=0.0376  tgt=0.0377  trans=0.0375  gain=+0.0002  |dz|=0.664  7.8 it/s
step  30250  L=0.1082  src=0.0554  tgt=0.0265  trans=0.0262  gain=+0.0002  |dz|=0.665  7.8 it/s
step  30300  L=0.1490  src=0.0649  tgt=0.0420  trans=0.0420  gain=-0.0001  |dz|=0.671  7.8 it/s
step  30350  L=0.0996  src=0.0452  tgt=0.0271  trans=0.0272  gain=-0.0001  |dz|=0.766  7.8 it/s
step  30400  L=0.0858  src=0.0471  tgt=0.0194  trans=0.0192  gain=+0.0002  |dz|=0.658  7.8 it/s
step  30450  L=0.0605  src=0.0239  tgt=0.0184  trans=0.0181  gain=+0.0002  |dz|=0.748  7.8 it/s
step  30500  L=0.2365  src=0.0505  tgt=0.0929  trans=0.0931  gain=-0.0001  |dz|=0.682  7.8 it/s
step  30550  L=0.4976  src=0.0324  tgt=0.2327  trans=0.2325  gain=+0.0002  |dz|=0.695  7.8 it/s
step  30600  L=0.1259  src=0.0906  tgt=0.0176  trans=0.0176  gain=+0.0000  |dz|=0.796  7.8 it/s
step  30650  L=0.0959  src=0.0573  tgt=0.0193  trans=0.0193  gain=+0.0000  |dz|=0.784  7.8 it/s
step  30700  L=0.0718  src=0.0247  tgt=0.0236  trans=0.0235  gain=+0.0001  |dz|=0.652  7.8 it/s
step  30750  L=0.0714  src=0.0255  tgt=0.0229  trans=0.0229  gain=+0.0001  |dz|=0.778  7.8 it/s
step  30800  L=0.4329  src=0.0653  tgt=0.1838  trans=0.1838  gain=+0.0000  |dz|=0.669  7.8 it/s
step  30850  L=0.1534  src=0.0597  tgt=0.0467  trans=0.0470  gain=-0.0002  |dz|=0.654  7.8 it/s
step  30900  L=0.1060  src=0.0455  tgt=0.0303  trans=0.0301  gain=+0.0002  |dz|=0.799  7.8 it/s
step  30950  L=0.1057  src=0.0657  tgt=0.0200  trans=0.0200  gain=+0.0001  |dz|=0.787  7.8 it/s
step  31000  L=0.1104  src=0.0423  tgt=0.0340  trans=0.0340  gain=+0.0001  |dz|=0.652  7.8 it/s
step  31050  L=0.0681  src=0.0413  tgt=0.0134  trans=0.0133  gain=+0.0001  |dz|=0.739  7.8 it/s
step  31100  L=0.0720  src=0.0405  tgt=0.0157  trans=0.0157  gain=+0.0000  |dz|=0.771  7.8 it/s
step  31150  L=0.0966  src=0.0327  tgt=0.0319  trans=0.0319  gain=+0.0001  |dz|=0.782  7.8 it/s
step  31200  L=0.3454  src=0.0604  tgt=0.1425  trans=0.1424  gain=+0.0000  |dz|=0.629  7.8 it/s
step  31250  L=0.1314  src=0.0557  tgt=0.0378  trans=0.0378  gain=-0.0000  |dz|=0.633  7.8 it/s
step  31300  L=0.1325  src=0.0561  tgt=0.0383  trans=0.0381  gain=+0.0002  |dz|=0.672  7.8 it/s
step  31350  L=0.5745  src=0.0944  tgt=0.2401  trans=0.2400  gain=+0.0001  |dz|=0.668  7.8 it/s
step  31400  L=0.1195  src=0.0646  tgt=0.0274  trans=0.0275  gain=-0.0000  |dz|=0.662  7.8 it/s
step  31450  L=0.0985  src=0.0655  tgt=0.0165  trans=0.0165  gain=+0.0001  |dz|=0.762  7.8 it/s
step  31500  L=0.0990  src=0.0533  tgt=0.0229  trans=0.0227  gain=+0.0002  |dz|=0.782  7.8 it/s
step  31550  L=0.1334  src=0.0689  tgt=0.0323  trans=0.0321  gain=+0.0002  |dz|=0.641  7.8 it/s
step  31600  L=0.0888  src=0.0346  tgt=0.0270  trans=0.0271  gain=-0.0001  |dz|=0.785  7.8 it/s
step  31650  L=0.0680  src=0.0266  tgt=0.0206  trans=0.0207  gain=-0.0001  |dz|=0.750  7.8 it/s
step  31700  L=0.0685  src=0.0275  tgt=0.0206  trans=0.0203  gain=+0.0003  |dz|=0.620  7.8 it/s
step  31750  L=0.0998  src=0.0527  tgt=0.0236  trans=0.0235  gain=+0.0002  |dz|=0.660  7.8 it/s
step  31800  L=0.1291  src=0.0518  tgt=0.0386  trans=0.0386  gain=+0.0001  |dz|=0.814  7.8 it/s
step  31850  L=0.2323  src=0.0770  tgt=0.0778  trans=0.0775  gain=+0.0003  |dz|=0.654  7.8 it/s
step  31900  L=0.0961  src=0.0470  tgt=0.0246  trans=0.0245  gain=+0.0002  |dz|=0.775  7.8 it/s
step  31950  L=0.1336  src=0.0757  tgt=0.0290  trans=0.0289  gain=+0.0001  |dz|=0.793  7.8 it/s
step  32000  L=0.0872  src=0.0452  tgt=0.0211  trans=0.0209  gain=+0.0002  |dz|=0.794  7.8 it/s
  [diagnostics @ 32000] loss_correct=0.0804  loss_zero=0.0901  loss_shuffled=0.1004  loss_random=0.0901  loss_target_only=0.0805  loss_mean_z=0.0896  r_basis=0.0636  |dz_transport|=0.7096  z_s_vs_enc_rel=1.8095  z_spread_rel=1.2245  gain_vs_zero=0.0097  gain_vs_shuffled=0.0199  gain_vs_target_only=0.0000  gain_vs_mean_z=0.0092  delta_task=0.0092  z_center_norm=0.0514  task_specific_frac=0.9498
step  32050  L=0.1185  src=0.0601  tgt=0.0293  trans=0.0290  gain=+0.0003  |dz|=0.786  7.8 it/s
step  32100  L=0.5564  src=0.0268  tgt=0.2648  trans=0.2647  gain=+0.0001  |dz|=0.671  7.8 it/s
step  32150  L=0.1309  src=0.0501  tgt=0.0404  trans=0.0404  gain=+0.0001  |dz|=0.668  7.8 it/s
step  32200  L=0.4585  src=0.0501  tgt=0.2042  trans=0.2042  gain=-0.0000  |dz|=0.662  7.8 it/s
step  32250  L=0.1291  src=0.0499  tgt=0.0396  trans=0.0396  gain=+0.0001  |dz|=0.648  7.8 it/s
step  32300  L=0.4109  src=0.0711  tgt=0.1701  trans=0.1697  gain=+0.0004  |dz|=0.664  7.8 it/s
step  32350  L=0.1253  src=0.0521  tgt=0.0367  trans=0.0364  gain=+0.0003  |dz|=0.653  7.8 it/s
step  32400  L=0.4112  src=0.0604  tgt=0.1754  trans=0.1754  gain=-0.0001  |dz|=0.665  7.8 it/s
step  32450  L=0.1278  src=0.0398  tgt=0.0440  trans=0.0439  gain=+0.0001  |dz|=0.682  7.8 it/s
step  32500  L=0.0951  src=0.0450  tgt=0.0251  trans=0.0251  gain=-0.0000  |dz|=0.783  7.8 it/s
step  32550  L=0.4304  src=0.0320  tgt=0.1991  trans=0.1992  gain=-0.0001  |dz|=0.680  7.8 it/s
step  32600  L=0.0762  src=0.0300  tgt=0.0231  trans=0.0230  gain=+0.0001  |dz|=0.641  7.8 it/s
step  32650  L=0.1183  src=0.0447  tgt=0.0368  trans=0.0367  gain=+0.0000  |dz|=0.785  7.8 it/s
step  32700  L=0.1272  src=0.0715  tgt=0.0278  trans=0.0278  gain=+0.0000  |dz|=0.660  7.8 it/s
step  32750  L=0.3365  src=0.0483  tgt=0.1442  trans=0.1440  gain=+0.0002  |dz|=0.626  7.8 it/s
step  32800  L=0.1362  src=0.0746  tgt=0.0309  trans=0.0308  gain=+0.0001  |dz|=0.684  7.8 it/s
step  32850  L=0.2321  src=0.0469  tgt=0.0926  trans=0.0925  gain=+0.0001  |dz|=0.677  7.8 it/s
step  32900  L=0.5212  src=0.0790  tgt=0.2212  trans=0.2210  gain=+0.0001  |dz|=0.681  7.8 it/s
step  32950  L=0.2088  src=0.0630  tgt=0.0731  trans=0.0727  gain=+0.0003  |dz|=0.668  7.8 it/s
step  33000  L=0.1084  src=0.0487  tgt=0.0298  trans=0.0298  gain=+0.0000  |dz|=0.661  7.8 it/s
step  33050  L=0.0753  src=0.0248  tgt=0.0252  trans=0.0253  gain=-0.0001  |dz|=0.785  7.8 it/s
step  33100  L=0.3873  src=0.0423  tgt=0.1725  trans=0.1725  gain=-0.0001  |dz|=0.659  7.8 it/s
step  33150  L=0.1142  src=0.0520  tgt=0.0311  trans=0.0310  gain=+0.0001  |dz|=0.804  7.8 it/s
step  33200  L=0.1060  src=0.0452  tgt=0.0304  trans=0.0303  gain=+0.0001  |dz|=0.762  7.8 it/s
step  33250  L=0.0982  src=0.0582  tgt=0.0200  trans=0.0200  gain=+0.0000  |dz|=0.787  7.8 it/s
step  33300  L=0.5144  src=0.0379  tgt=0.2383  trans=0.2381  gain=+0.0002  |dz|=0.669  7.8 it/s
step  33350  L=0.4040  src=0.0540  tgt=0.1750  trans=0.1750  gain=+0.0000  |dz|=0.678  7.8 it/s
step  33400  L=0.1227  src=0.0750  tgt=0.0239  trans=0.0238  gain=+0.0000  |dz|=0.788  7.8 it/s
step  33450  L=0.4875  src=0.0827  tgt=0.2023  trans=0.2024  gain=-0.0001  |dz|=0.678  7.8 it/s
step  33500  L=0.3724  src=0.0733  tgt=0.1495  trans=0.1495  gain=-0.0001  |dz|=0.684  7.8 it/s
step  33550  L=0.0699  src=0.0309  tgt=0.0195  trans=0.0194  gain=+0.0002  |dz|=0.777  7.8 it/s
step  33600  L=0.3678  src=0.0606  tgt=0.1536  trans=0.1535  gain=+0.0001  |dz|=0.677  7.8 it/s
step  33650  L=0.2881  src=0.0325  tgt=0.1277  trans=0.1278  gain=-0.0001  |dz|=0.663  7.8 it/s
step  33700  L=0.0855  src=0.0432  tgt=0.0211  trans=0.0211  gain=+0.0000  |dz|=0.808  7.8 it/s
step  33750  L=0.1193  src=0.0378  tgt=0.0407  trans=0.0407  gain=+0.0000  |dz|=0.663  7.8 it/s
step  33800  L=0.0785  src=0.0416  tgt=0.0185  trans=0.0184  gain=+0.0001  |dz|=0.675  7.8 it/s
step  33850  L=0.3331  src=0.0486  tgt=0.1422  trans=0.1422  gain=-0.0000  |dz|=0.672  7.8 it/s
step  33900  L=0.2996  src=0.0490  tgt=0.1252  trans=0.1254  gain=-0.0002  |dz|=0.703  7.8 it/s
step  33950  L=0.0800  src=0.0442  tgt=0.0179  trans=0.0179  gain=-0.0000  |dz|=0.709  7.8 it/s
step  34000  L=0.4610  src=0.0376  tgt=0.2116  trans=0.2117  gain=-0.0000  |dz|=0.710  7.8 it/s
  [diagnostics @ 34000] loss_correct=0.0741  loss_zero=0.0827  loss_shuffled=0.0934  loss_random=0.0828  loss_target_only=0.0745  loss_mean_z=0.0822  r_basis=0.0575  |dz_transport|=0.6939  z_s_vs_enc_rel=1.8520  z_spread_rel=1.2192  gain_vs_zero=0.0086  gain_vs_shuffled=0.0193  gain_vs_target_only=0.0004  gain_vs_mean_z=0.0082  delta_task=0.0082  z_center_norm=0.0649  task_specific_frac=0.9492
step  34050  L=0.4194  src=0.0639  tgt=0.1776  trans=0.1778  gain=-0.0001  |dz|=0.712  7.8 it/s
step  34100  L=0.0820  src=0.0471  tgt=0.0175  trans=0.0174  gain=+0.0001  |dz|=0.654  7.8 it/s
step  34150  L=0.1422  src=0.0708  tgt=0.0357  trans=0.0356  gain=+0.0001  |dz|=0.644  7.8 it/s
step  34200  L=0.3869  src=0.0561  tgt=0.1654  trans=0.1654  gain=+0.0001  |dz|=0.718  7.8 it/s
step  34250  L=0.0872  src=0.0298  tgt=0.0287  trans=0.0286  gain=+0.0001  |dz|=0.804  7.8 it/s
step  34300  L=0.0704  src=0.0413  tgt=0.0145  trans=0.0145  gain=+0.0000  |dz|=0.674  7.8 it/s
step  34350  L=0.1041  src=0.0512  tgt=0.0265  trans=0.0265  gain=-0.0000  |dz|=0.642  7.8 it/s
step  34400  L=0.1265  src=0.0840  tgt=0.0212  trans=0.0212  gain=+0.0000  |dz|=0.800  7.8 it/s
step  34450  L=0.1021  src=0.0527  tgt=0.0247  trans=0.0246  gain=+0.0001  |dz|=0.645  7.8 it/s
step  34500  L=0.0755  src=0.0435  tgt=0.0160  trans=0.0159  gain=+0.0001  |dz|=0.767  7.8 it/s
step  34550  L=0.0546  src=0.0324  tgt=0.0111  trans=0.0111  gain=-0.0000  |dz|=0.608  7.8 it/s
step  34600  L=0.1190  src=0.0693  tgt=0.0248  trans=0.0249  gain=-0.0001  |dz|=0.669  7.8 it/s
step  34650  L=0.5230  src=0.0670  tgt=0.2280  trans=0.2280  gain=+0.0000  |dz|=0.687  7.8 it/s
step  34700  L=0.0977  src=0.0404  tgt=0.0287  trans=0.0286  gain=+0.0001  |dz|=0.657  7.8 it/s
step  34750  L=0.2320  src=0.0393  tgt=0.0964  trans=0.0963  gain=+0.0001  |dz|=0.707  7.8 it/s
step  34800  L=0.1023  src=0.0403  tgt=0.0309  trans=0.0310  gain=-0.0001  |dz|=0.675  7.8 it/s
step  34850  L=0.0862  src=0.0356  tgt=0.0253  trans=0.0253  gain=+0.0000  |dz|=0.647  7.8 it/s
step  34900  L=0.5160  src=0.0253  tgt=0.2455  trans=0.2451  gain=+0.0004  |dz|=0.667  7.8 it/s
step  34950  L=0.1422  src=0.0825  tgt=0.0298  trans=0.0298  gain=+0.0000  |dz|=0.782  7.8 it/s
step  35000  L=0.1351  src=0.0741  tgt=0.0304  trans=0.0305  gain=-0.0000  |dz|=0.778  7.8 it/s
step  35050  L=0.5246  src=0.0493  tgt=0.2377  trans=0.2376  gain=+0.0000  |dz|=0.712  7.8 it/s
step  35100  L=0.0874  src=0.0470  tgt=0.0203  trans=0.0202  gain=+0.0001  |dz|=0.652  7.8 it/s
step  35150  L=0.1636  src=0.1054  tgt=0.0291  trans=0.0291  gain=+0.0001  |dz|=0.677  7.8 it/s
step  35200  L=0.2747  src=0.0849  tgt=0.0949  trans=0.0949  gain=-0.0000  |dz|=0.690  7.8 it/s
step  35250  L=0.0972  src=0.0407  tgt=0.0283  trans=0.0282  gain=+0.0001  |dz|=0.770  7.8 it/s
step  35300  L=0.1508  src=0.0610  tgt=0.0449  trans=0.0448  gain=+0.0001  |dz|=0.673  7.8 it/s
step  35350  L=0.1064  src=0.0315  tgt=0.0375  trans=0.0374  gain=+0.0000  |dz|=0.639  7.8 it/s
step  35400  L=0.4489  src=0.0895  tgt=0.1797  trans=0.1797  gain=+0.0000  |dz|=0.698  7.8 it/s
step  35450  L=0.0905  src=0.0497  tgt=0.0204  trans=0.0203  gain=+0.0001  |dz|=0.786  7.8 it/s
step  35500  L=0.3280  src=0.0590  tgt=0.1345  trans=0.1344  gain=+0.0001  |dz|=0.705  7.8 it/s
step  35550  L=0.1144  src=0.0446  tgt=0.0349  trans=0.0349  gain=-0.0001  |dz|=0.658  7.8 it/s
step  35600  L=0.1630  src=0.0721  tgt=0.0455  trans=0.0454  gain=+0.0001  |dz|=0.664  7.8 it/s
step  35650  L=0.4205  src=0.0502  tgt=0.1851  trans=0.1851  gain=+0.0001  |dz|=0.722  7.8 it/s
step  35700  L=0.4232  src=0.0544  tgt=0.1843  trans=0.1844  gain=-0.0001  |dz|=0.698  7.8 it/s
step  35750  L=0.4771  src=0.0320  tgt=0.2225  trans=0.2225  gain=+0.0000  |dz|=0.689  7.8 it/s
step  35800  L=0.1331  src=0.0599  tgt=0.0366  trans=0.0366  gain=+0.0000  |dz|=0.660  7.8 it/s
step  35850  L=0.0826  src=0.0508  tgt=0.0159  trans=0.0158  gain=+0.0001  |dz|=0.749  7.8 it/s
step  35900  L=0.1526  src=0.1037  tgt=0.0246  trans=0.0242  gain=+0.0003  |dz|=0.677  7.8 it/s
step  35950  L=0.1033  src=0.0441  tgt=0.0296  trans=0.0295  gain=+0.0002  |dz|=0.779  7.8 it/s
step  36000  L=0.3701  src=0.0352  tgt=0.1674  trans=0.1675  gain=-0.0001  |dz|=0.624  7.8 it/s
  [diagnostics @ 36000] loss_correct=0.0849  loss_zero=0.0944  loss_shuffled=0.0985  loss_random=0.0952  loss_target_only=0.0850  loss_mean_z=0.0941  r_basis=0.0615  |dz_transport|=0.6972  z_s_vs_enc_rel=1.7573  z_spread_rel=1.1959  gain_vs_zero=0.0096  gain_vs_shuffled=0.0136  gain_vs_target_only=0.0001  gain_vs_mean_z=0.0092  delta_task=0.0092  z_center_norm=0.0715  task_specific_frac=0.9648
step  36050  L=0.0925  src=0.0537  tgt=0.0194  trans=0.0193  gain=+0.0001  |dz|=0.671  7.7 it/s
step  36100  L=0.1204  src=0.0496  tgt=0.0354  trans=0.0354  gain=+0.0000  |dz|=0.637  7.8 it/s
step  36150  L=0.4073  src=0.0412  tgt=0.1832  trans=0.1828  gain=+0.0003  |dz|=0.715  7.8 it/s
step  36200  L=0.1192  src=0.0569  tgt=0.0312  trans=0.0311  gain=+0.0001  |dz|=0.650  7.8 it/s
step  36250  L=0.1134  src=0.0569  tgt=0.0283  trans=0.0282  gain=+0.0001  |dz|=0.669  7.8 it/s
step  36300  L=0.0959  src=0.0531  tgt=0.0214  trans=0.0213  gain=+0.0001  |dz|=0.778  7.8 it/s
step  36350  L=0.1033  src=0.0400  tgt=0.0316  trans=0.0316  gain=+0.0000  |dz|=0.783  7.8 it/s
step  36400  L=0.0466  src=0.0195  tgt=0.0136  trans=0.0133  gain=+0.0003  |dz|=0.587  7.8 it/s
step  36450  L=0.2687  src=0.0576  tgt=0.1055  trans=0.1057  gain=-0.0002  |dz|=0.703  7.8 it/s
step  36500  L=0.0714  src=0.0365  tgt=0.0174  trans=0.0174  gain=+0.0000  |dz|=0.639  7.8 it/s
step  36550  L=0.1528  src=0.0978  tgt=0.0275  trans=0.0274  gain=+0.0001  |dz|=0.790  7.8 it/s
step  36600  L=0.0874  src=0.0324  tgt=0.0276  trans=0.0275  gain=+0.0001  |dz|=0.662  7.8 it/s
step  36650  L=0.1282  src=0.0751  tgt=0.0266  trans=0.0264  gain=+0.0002  |dz|=0.767  7.8 it/s
step  36700  L=0.5819  src=0.0389  tgt=0.2716  trans=0.2714  gain=+0.0001  |dz|=0.698  7.8 it/s
step  36750  L=0.1039  src=0.0570  tgt=0.0234  trans=0.0234  gain=+0.0000  |dz|=0.695  7.8 it/s
step  36800  L=0.1006  src=0.0398  tgt=0.0305  trans=0.0303  gain=+0.0002  |dz|=0.784  7.8 it/s
step  36850  L=0.0771  src=0.0445  tgt=0.0163  trans=0.0163  gain=+0.0000  |dz|=0.779  7.8 it/s
step  36900  L=0.1393  src=0.0852  tgt=0.0271  trans=0.0269  gain=+0.0002  |dz|=0.661  7.8 it/s
step  36950  L=0.2209  src=0.0298  tgt=0.0956  trans=0.0955  gain=+0.0000  |dz|=0.712  7.8 it/s
step  37000  L=0.1115  src=0.0445  tgt=0.0335  trans=0.0334  gain=+0.0001  |dz|=0.658  7.8 it/s
step  37050  L=0.1039  src=0.0578  tgt=0.0230  trans=0.0230  gain=+0.0000  |dz|=0.789  7.8 it/s
step  37100  L=0.0956  src=0.0536  tgt=0.0210  trans=0.0210  gain=+0.0001  |dz|=0.655  7.8 it/s
step  37150  L=0.0823  src=0.0377  tgt=0.0223  trans=0.0223  gain=+0.0000  |dz|=0.786  7.8 it/s
step  37200  L=0.1455  src=0.0684  tgt=0.0385  trans=0.0386  gain=-0.0002  |dz|=0.794  7.8 it/s
step  37250  L=0.3197  src=0.0394  tgt=0.1402  trans=0.1401  gain=+0.0001  |dz|=0.700  7.8 it/s
step  37300  L=0.0811  src=0.0498  tgt=0.0157  trans=0.0156  gain=+0.0000  |dz|=0.775  7.8 it/s
step  37350  L=0.0944  src=0.0473  tgt=0.0235  trans=0.0235  gain=+0.0000  |dz|=0.800  7.8 it/s
step  37400  L=0.0835  src=0.0288  tgt=0.0273  trans=0.0274  gain=-0.0000  |dz|=0.788  7.8 it/s
step  37450  L=0.0762  src=0.0347  tgt=0.0207  trans=0.0207  gain=+0.0000  |dz|=0.760  7.8 it/s
step  37500  L=0.0909  src=0.0432  tgt=0.0238  trans=0.0239  gain=-0.0000  |dz|=0.657  7.8 it/s
step  37550  L=0.0628  src=0.0228  tgt=0.0200  trans=0.0200  gain=-0.0001  |dz|=0.670  7.8 it/s
step  37600  L=0.1179  src=0.0447  tgt=0.0365  trans=0.0367  gain=-0.0002  |dz|=0.672  7.8 it/s
step  37650  L=0.5740  src=0.0313  tgt=0.2713  trans=0.2714  gain=-0.0001  |dz|=0.704  7.8 it/s
step  37700  L=0.0972  src=0.0560  tgt=0.0207  trans=0.0205  gain=+0.0002  |dz|=0.661  7.8 it/s
step  37750  L=0.1151  src=0.0722  tgt=0.0215  trans=0.0213  gain=+0.0002  |dz|=0.709  7.8 it/s
step  37800  L=0.0910  src=0.0574  tgt=0.0168  trans=0.0167  gain=+0.0001  |dz|=0.753  7.8 it/s
step  37850  L=0.3114  src=0.0597  tgt=0.1259  trans=0.1258  gain=+0.0001  |dz|=0.703  7.8 it/s
step  37900  L=0.5136  src=0.0494  tgt=0.2320  trans=0.2321  gain=-0.0001  |dz|=0.700  7.8 it/s
step  37950  L=0.1032  src=0.0546  tgt=0.0243  trans=0.0243  gain=-0.0000  |dz|=0.685  7.8 it/s
step  38000  L=0.0976  src=0.0624  tgt=0.0176  trans=0.0175  gain=+0.0002  |dz|=0.767  7.8 it/s
  [diagnostics @ 38000] loss_correct=0.0814  loss_zero=0.0916  loss_shuffled=0.1104  loss_random=0.0917  loss_target_only=0.0815  loss_mean_z=0.0917  r_basis=0.0623  |dz_transport|=0.7099  z_s_vs_enc_rel=1.7107  z_spread_rel=1.2029  gain_vs_zero=0.0102  gain_vs_shuffled=0.0290  gain_vs_target_only=0.0001  gain_vs_mean_z=0.0103  delta_task=0.0103  z_center_norm=0.0448  task_specific_frac=1.0143
step  38050  L=0.1176  src=0.0487  tgt=0.0344  trans=0.0344  gain=+0.0000  |dz|=0.794  7.7 it/s
step  38100  L=0.0822  src=0.0451  tgt=0.0185  trans=0.0185  gain=+0.0000  |dz|=0.703  7.8 it/s
step  38150  L=0.1148  src=0.0455  tgt=0.0347  trans=0.0345  gain=+0.0002  |dz|=0.773  7.8 it/s
step  38200  L=0.1137  src=0.0424  tgt=0.0356  trans=0.0356  gain=-0.0001  |dz|=0.782  7.8 it/s
step  38250  L=0.1257  src=0.0491  tgt=0.0382  trans=0.0383  gain=-0.0000  |dz|=0.676  7.8 it/s
step  38300  L=0.0921  src=0.0412  tgt=0.0254  trans=0.0254  gain=-0.0000  |dz|=0.778  7.8 it/s
step  38350  L=0.1253  src=0.0595  tgt=0.0329  trans=0.0328  gain=+0.0001  |dz|=0.785  7.8 it/s
step  38400  L=0.1709  src=0.0551  tgt=0.0580  trans=0.0579  gain=+0.0001  |dz|=0.676  7.8 it/s
step  38450  L=0.4130  src=0.0536  tgt=0.1797  trans=0.1795  gain=+0.0002  |dz|=0.706  7.8 it/s
step  38500  L=0.0913  src=0.0441  tgt=0.0236  trans=0.0235  gain=+0.0001  |dz|=0.786  7.8 it/s
step  38550  L=0.1095  src=0.0489  tgt=0.0303  trans=0.0303  gain=-0.0000  |dz|=0.673  7.8 it/s
step  38600  L=0.0824  src=0.0414  tgt=0.0204  trans=0.0204  gain=+0.0000  |dz|=0.787  7.8 it/s
step  38650  L=0.1008  src=0.0412  tgt=0.0298  trans=0.0298  gain=+0.0000  |dz|=0.796  7.8 it/s
step  38700  L=0.1117  src=0.0550  tgt=0.0285  trans=0.0282  gain=+0.0003  |dz|=0.793  7.8 it/s
step  38750  L=0.1310  src=0.0496  tgt=0.0407  trans=0.0407  gain=+0.0000  |dz|=0.665  7.8 it/s
step  38800  L=0.1137  src=0.0485  tgt=0.0327  trans=0.0324  gain=+0.0003  |dz|=0.647  7.8 it/s
step  38850  L=0.1485  src=0.0498  tgt=0.0493  trans=0.0494  gain=-0.0001  |dz|=0.675  7.8 it/s
step  38900  L=0.1135  src=0.0502  tgt=0.0317  trans=0.0316  gain=+0.0000  |dz|=0.666  7.8 it/s
step  38950  L=0.0782  src=0.0388  tgt=0.0197  trans=0.0196  gain=+0.0001  |dz|=0.777  7.8 it/s
step  39000  L=0.2708  src=0.0541  tgt=0.1085  trans=0.1081  gain=+0.0004  |dz|=0.730  7.8 it/s
step  39050  L=0.0857  src=0.0376  tgt=0.0240  trans=0.0240  gain=+0.0000  |dz|=0.765  7.8 it/s
step  39100  L=0.1482  src=0.0594  tgt=0.0444  trans=0.0444  gain=+0.0000  |dz|=0.688  7.8 it/s
step  39150  L=0.4164  src=0.0357  tgt=0.1904  trans=0.1904  gain=+0.0000  |dz|=0.705  7.8 it/s
step  39200  L=0.0869  src=0.0317  tgt=0.0276  trans=0.0275  gain=+0.0000  |dz|=0.673  7.8 it/s
step  39250  L=0.1238  src=0.0513  tgt=0.0363  trans=0.0361  gain=+0.0002  |dz|=0.799  7.8 it/s
step  39300  L=0.1114  src=0.0595  tgt=0.0259  trans=0.0260  gain=-0.0000  |dz|=0.793  7.8 it/s
step  39350  L=0.0961  src=0.0383  tgt=0.0288  trans=0.0289  gain=-0.0001  |dz|=0.684  7.8 it/s
step  39400  L=0.0769  src=0.0352  tgt=0.0208  trans=0.0208  gain=+0.0000  |dz|=0.766  7.8 it/s
step  39450  L=0.0857  src=0.0437  tgt=0.0210  trans=0.0209  gain=+0.0002  |dz|=0.728  7.8 it/s
step  39500  L=0.1278  src=0.0769  tgt=0.0255  trans=0.0254  gain=+0.0001  |dz|=0.682  7.8 it/s
step  39550  L=0.1068  src=0.0668  tgt=0.0200  trans=0.0200  gain=+0.0001  |dz|=0.813  7.8 it/s
step  39600  L=0.1189  src=0.0403  tgt=0.0393  trans=0.0392  gain=+0.0002  |dz|=0.659  7.8 it/s
step  39650  L=0.0998  src=0.0514  tgt=0.0242  trans=0.0241  gain=+0.0001  |dz|=0.683  7.8 it/s
step  39700  L=0.1041  src=0.0458  tgt=0.0291  trans=0.0291  gain=+0.0000  |dz|=0.803  7.8 it/s
step  39750  L=0.1035  src=0.0385  tgt=0.0325  trans=0.0324  gain=+0.0001  |dz|=0.652  7.8 it/s
step  39800  L=0.1109  src=0.0478  tgt=0.0315  trans=0.0315  gain=+0.0000  |dz|=0.794  7.8 it/s
step  39850  L=0.0589  src=0.0299  tgt=0.0145  trans=0.0145  gain=+0.0000  |dz|=0.741  7.8 it/s
step  39900  L=0.0983  src=0.0353  tgt=0.0315  trans=0.0314  gain=+0.0001  |dz|=0.666  7.8 it/s
step  39950  L=0.1150  src=0.0463  tgt=0.0343  trans=0.0343  gain=+0.0000  |dz|=0.796  7.8 it/s
step  40000  L=0.5289  src=0.0452  tgt=0.2419  trans=0.2418  gain=+0.0001  |dz|=0.717  7.8 it/s
  [diagnostics @ 40000] loss_correct=0.0665  loss_zero=0.0734  loss_shuffled=0.0833  loss_random=0.0735  loss_target_only=0.0667  loss_mean_z=0.0733  r_basis=0.0528  |dz_transport|=0.7059  z_s_vs_enc_rel=1.8046  z_spread_rel=1.1791  gain_vs_zero=0.0068  gain_vs_shuffled=0.0167  gain_vs_target_only=0.0001  gain_vs_mean_z=0.0067  delta_task=0.0067  z_center_norm=0.0398  task_specific_frac=0.9839
  saved C:\T1D Meta Learning\code\python\meta-diffusion\experiments\linear_transport_replacement_2026-09-24\work\checkpoints\a2_film_step40000.pt
step  40050  L=0.1103  src=0.0591  tgt=0.0255  trans=0.0257  gain=-0.0002  |dz|=0.796  7.7 it/s
step  40100  L=0.0931  src=0.0545  tgt=0.0192  trans=0.0193  gain=-0.0001  |dz|=0.672  7.8 it/s
step  40150  L=0.0963  src=0.0412  tgt=0.0276  trans=0.0275  gain=+0.0001  |dz|=0.790  7.8 it/s
step  40200  L=0.2789  src=0.0388  tgt=0.1200  trans=0.1201  gain=-0.0000  |dz|=0.708  7.8 it/s
step  40250  L=0.1372  src=0.0813  tgt=0.0279  trans=0.0279  gain=-0.0000  |dz|=0.652  7.8 it/s
step  40300  L=0.0894  src=0.0433  tgt=0.0230  trans=0.0230  gain=+0.0001  |dz|=0.681  7.8 it/s
step  40350  L=0.0891  src=0.0349  tgt=0.0272  trans=0.0270  gain=+0.0002  |dz|=0.643  7.8 it/s
step  40400  L=0.4118  src=0.0419  tgt=0.1850  trans=0.1848  gain=+0.0001  |dz|=0.728  7.8 it/s
step  40450  L=0.0685  src=0.0408  tgt=0.0139  trans=0.0137  gain=+0.0002  |dz|=0.667  7.8 it/s
step  40500  L=0.1030  src=0.0558  tgt=0.0236  trans=0.0235  gain=+0.0002  |dz|=0.679  7.8 it/s
step  40550  L=0.1235  src=0.0571  tgt=0.0331  trans=0.0332  gain=-0.0001  |dz|=0.770  7.8 it/s
step  40600  L=0.3136  src=0.0453  tgt=0.1342  trans=0.1341  gain=+0.0000  |dz|=0.715  7.8 it/s
step  40650  L=0.1014  src=0.0514  tgt=0.0250  trans=0.0250  gain=+0.0000  |dz|=0.691  7.8 it/s
step  40700  L=0.1100  src=0.0563  tgt=0.0269  trans=0.0268  gain=+0.0002  |dz|=0.800  7.8 it/s
step  40750  L=0.3873  src=0.0476  tgt=0.1698  trans=0.1698  gain=+0.0000  |dz|=0.698  7.8 it/s
step  40800  L=0.1165  src=0.0508  tgt=0.0329  trans=0.0328  gain=+0.0001  |dz|=0.802  7.8 it/s
step  40850  L=0.4414  src=0.0356  tgt=0.2030  trans=0.2028  gain=+0.0001  |dz|=0.714  7.8 it/s
step  40900  L=0.0965  src=0.0686  tgt=0.0139  trans=0.0139  gain=+0.0000  |dz|=0.803  7.8 it/s
step  40950  L=0.3245  src=0.0559  tgt=0.1344  trans=0.1342  gain=+0.0003  |dz|=0.730  7.8 it/s
step  41000  L=0.5311  src=0.0521  tgt=0.2395  trans=0.2394  gain=+0.0001  |dz|=0.705  7.8 it/s
step  41050  L=0.0892  src=0.0424  tgt=0.0234  trans=0.0234  gain=+0.0000  |dz|=0.790  7.8 it/s
step  41100  L=0.1080  src=0.0506  tgt=0.0286  trans=0.0287  gain=-0.0000  |dz|=0.703  7.8 it/s
step  41150  L=0.0652  src=0.0362  tgt=0.0144  trans=0.0146  gain=-0.0002  |dz|=0.666  7.8 it/s
step  41200  L=0.4481  src=0.0406  tgt=0.2035  trans=0.2038  gain=-0.0003  |dz|=0.738  7.8 it/s
step  41250  L=0.0723  src=0.0264  tgt=0.0229  trans=0.0230  gain=-0.0001  |dz|=0.816  7.8 it/s
step  41300  L=0.1331  src=0.0553  tgt=0.0388  trans=0.0389  gain=-0.0001  |dz|=0.705  7.8 it/s
step  41350  L=0.2547  src=0.0453  tgt=0.1047  trans=0.1046  gain=+0.0002  |dz|=0.730  7.8 it/s
step  41400  L=0.0680  src=0.0250  tgt=0.0216  trans=0.0214  gain=+0.0002  |dz|=0.670  7.8 it/s
step  41450  L=0.3941  src=0.0551  tgt=0.1696  trans=0.1693  gain=+0.0003  |dz|=0.752  7.8 it/s
step  41500  L=0.1118  src=0.0444  tgt=0.0336  trans=0.0337  gain=-0.0001  |dz|=0.715  7.8 it/s
step  41550  L=0.3681  src=0.0312  tgt=0.1684  trans=0.1684  gain=-0.0001  |dz|=0.743  7.8 it/s
step  41600  L=0.3408  src=0.0726  tgt=0.1341  trans=0.1341  gain=-0.0000  |dz|=0.743  7.8 it/s
step  41650  L=0.0933  src=0.0314  tgt=0.0309  trans=0.0310  gain=-0.0001  |dz|=0.688  7.8 it/s
step  41700  L=0.2008  src=0.1099  tgt=0.0455  trans=0.0453  gain=+0.0002  |dz|=0.690  7.8 it/s
step  41750  L=0.3809  src=0.0422  tgt=0.1693  trans=0.1693  gain=-0.0000  |dz|=0.756  7.8 it/s
step  41800  L=0.1359  src=0.0493  tgt=0.0433  trans=0.0432  gain=+0.0001  |dz|=0.715  7.8 it/s
step  41850  L=0.5803  src=0.0423  tgt=0.2690  trans=0.2690  gain=+0.0000  |dz|=0.739  7.8 it/s
step  41900  L=0.3676  src=0.0558  tgt=0.1558  trans=0.1560  gain=-0.0002  |dz|=0.755  7.8 it/s
step  41950  L=0.1109  src=0.0567  tgt=0.0271  trans=0.0271  gain=-0.0000  |dz|=0.697  7.8 it/s
step  42000  L=0.0712  src=0.0376  tgt=0.0169  trans=0.0168  gain=+0.0001  |dz|=0.684  7.8 it/s
  [diagnostics @ 42000] loss_correct=0.0804  loss_zero=0.0906  loss_shuffled=0.1009  loss_random=0.0907  loss_target_only=0.0805  loss_mean_z=0.0906  r_basis=0.0629  |dz_transport|=0.7345  z_s_vs_enc_rel=1.7197  z_spread_rel=1.1887  gain_vs_zero=0.0103  gain_vs_shuffled=0.0205  gain_vs_target_only=0.0001  gain_vs_mean_z=0.0102  delta_task=0.0102  z_center_norm=0.0393  task_specific_frac=0.9942
step  42050  L=0.1443  src=0.0594  tgt=0.0425  trans=0.0423  gain=+0.0002  |dz|=0.650  7.8 it/s
step  42100  L=0.2349  src=0.0287  tgt=0.1032  trans=0.1029  gain=+0.0003  |dz|=0.815  7.8 it/s
step  42150  L=0.1040  src=0.0564  tgt=0.0238  trans=0.0237  gain=+0.0001  |dz|=0.715  7.8 it/s
step  42200  L=0.0757  src=0.0346  tgt=0.0206  trans=0.0204  gain=+0.0001  |dz|=0.664  7.8 it/s
step  42250  L=0.3138  src=0.0581  tgt=0.1278  trans=0.1279  gain=-0.0001  |dz|=0.833  7.8 it/s
step  42300  L=0.3364  src=0.0449  tgt=0.1458  trans=0.1456  gain=+0.0002  |dz|=0.809  7.8 it/s
step  42350  L=0.1404  src=0.0709  tgt=0.0347  trans=0.0347  gain=+0.0000  |dz|=0.685  7.8 it/s
step  42400  L=0.0955  src=0.0427  tgt=0.0265  trans=0.0263  gain=+0.0002  |dz|=0.816  7.8 it/s
step  42450  L=0.4053  src=0.0528  tgt=0.1763  trans=0.1762  gain=+0.0001  |dz|=0.750  7.8 it/s
step  42500  L=0.0920  src=0.0417  tgt=0.0251  trans=0.0251  gain=+0.0000  |dz|=0.796  7.8 it/s
step  42550  L=0.0914  src=0.0440  tgt=0.0236  trans=0.0237  gain=-0.0000  |dz|=0.703  7.8 it/s
step  42600  L=0.4272  src=0.0601  tgt=0.1836  trans=0.1835  gain=+0.0001  |dz|=0.792  7.8 it/s
step  42650  L=0.0822  src=0.0311  tgt=0.0256  trans=0.0255  gain=+0.0001  |dz|=0.827  7.8 it/s
step  42700  L=0.1072  src=0.0751  tgt=0.0161  trans=0.0160  gain=+0.0001  |dz|=0.829  7.8 it/s
step  42750  L=0.1421  src=0.0836  tgt=0.0292  trans=0.0293  gain=-0.0001  |dz|=0.817  7.8 it/s
step  42800  L=0.3387  src=0.0260  tgt=0.1562  trans=0.1564  gain=-0.0001  |dz|=0.780  7.8 it/s
step  42850  L=0.0970  src=0.0494  tgt=0.0238  trans=0.0237  gain=+0.0001  |dz|=0.821  7.8 it/s
step  42900  L=0.1795  src=0.1047  tgt=0.0374  trans=0.0374  gain=+0.0001  |dz|=0.722  7.8 it/s
step  42950  L=0.0797  src=0.0249  tgt=0.0275  trans=0.0273  gain=+0.0001  |dz|=0.680  7.8 it/s
step  43000  L=0.0742  src=0.0268  tgt=0.0236  trans=0.0238  gain=-0.0001  |dz|=0.807  7.8 it/s
step  43050  L=0.0830  src=0.0439  tgt=0.0195  trans=0.0195  gain=+0.0001  |dz|=0.707  7.8 it/s
step  43100  L=0.0812  src=0.0354  tgt=0.0229  trans=0.0228  gain=+0.0001  |dz|=0.682  7.8 it/s
step  43150  L=0.1213  src=0.0594  tgt=0.0310  trans=0.0309  gain=+0.0001  |dz|=0.824  7.8 it/s
step  43200  L=0.1307  src=0.0588  tgt=0.0360  trans=0.0359  gain=+0.0001  |dz|=0.710  7.8 it/s
step  43250  L=0.1006  src=0.0440  tgt=0.0283  trans=0.0283  gain=+0.0001  |dz|=0.808  7.8 it/s
step  43300  L=0.0821  src=0.0402  tgt=0.0210  trans=0.0209  gain=+0.0001  |dz|=0.706  7.8 it/s
step  43350  L=0.0987  src=0.0452  tgt=0.0268  trans=0.0266  gain=+0.0001  |dz|=0.802  7.8 it/s
step  43400  L=0.1767  src=0.0739  tgt=0.0514  trans=0.0513  gain=+0.0002  |dz|=0.688  7.8 it/s
step  43450  L=0.0879  src=0.0507  tgt=0.0185  trans=0.0187  gain=-0.0002  |dz|=0.803  7.8 it/s
step  43500  L=0.5160  src=0.0505  tgt=0.2329  trans=0.2326  gain=+0.0003  |dz|=0.824  7.8 it/s
step  43550  L=0.0666  src=0.0365  tgt=0.0151  trans=0.0150  gain=+0.0001  |dz|=0.665  7.8 it/s
step  43600  L=0.0885  src=0.0458  tgt=0.0213  trans=0.0213  gain=-0.0000  |dz|=0.797  7.8 it/s
step  43650  L=0.0866  src=0.0451  tgt=0.0208  trans=0.0207  gain=+0.0001  |dz|=0.792  7.8 it/s
step  43700  L=0.4437  src=0.0316  tgt=0.2061  trans=0.2059  gain=+0.0002  |dz|=0.795  7.8 it/s
step  43750  L=0.3726  src=0.0593  tgt=0.1565  trans=0.1567  gain=-0.0002  |dz|=0.827  7.8 it/s
step  43800  L=0.3597  src=0.0460  tgt=0.1568  trans=0.1568  gain=+0.0000  |dz|=0.803  7.8 it/s
step  43850  L=0.1040  src=0.0511  tgt=0.0264  trans=0.0264  gain=-0.0001  |dz|=0.704  7.8 it/s
step  43900  L=0.1140  src=0.0747  tgt=0.0197  trans=0.0196  gain=+0.0001  |dz|=0.671  7.8 it/s
step  43950  L=0.3174  src=0.0495  tgt=0.1339  trans=0.1339  gain=+0.0000  |dz|=0.796  7.8 it/s
step  44000  L=0.4551  src=0.0265  tgt=0.2143  trans=0.2142  gain=+0.0001  |dz|=0.806  7.8 it/s
  [diagnostics @ 44000] loss_correct=0.1020  loss_zero=0.1146  loss_shuffled=0.1189  loss_random=0.1159  loss_target_only=0.1020  loss_mean_z=0.1142  r_basis=0.0718  |dz_transport|=0.7738  z_s_vs_enc_rel=1.7743  z_spread_rel=1.1005  gain_vs_zero=0.0127  gain_vs_shuffled=0.0169  gain_vs_target_only=0.0001  gain_vs_mean_z=0.0122  delta_task=0.0122  z_center_norm=0.0664  task_specific_frac=0.9649
step  44050  L=0.5549  src=0.0638  tgt=0.2455  trans=0.2456  gain=-0.0002  |dz|=0.777  7.8 it/s
step  44100  L=0.1551  src=0.0426  tgt=0.0563  trans=0.0561  gain=+0.0002  |dz|=0.694  7.8 it/s
step  44150  L=0.3555  src=0.0400  tgt=0.1577  trans=0.1578  gain=-0.0001  |dz|=0.814  7.8 it/s
step  44200  L=0.0879  src=0.0401  tgt=0.0239  trans=0.0238  gain=+0.0002  |dz|=0.826  7.8 it/s
step  44250  L=0.1167  src=0.0647  tgt=0.0260  trans=0.0260  gain=+0.0000  |dz|=0.787  7.8 it/s
step  44300  L=0.0997  src=0.0349  tgt=0.0324  trans=0.0323  gain=+0.0001  |dz|=0.711  7.8 it/s
step  44350  L=0.3673  src=0.0606  tgt=0.1533  trans=0.1533  gain=-0.0001  |dz|=0.797  7.8 it/s
step  44400  L=0.1233  src=0.0606  tgt=0.0313  trans=0.0314  gain=-0.0001  |dz|=0.806  7.8 it/s
step  44450  L=0.0955  src=0.0550  tgt=0.0202  trans=0.0203  gain=-0.0001  |dz|=0.804  7.8 it/s
step  44500  L=0.4444  src=0.0592  tgt=0.1926  trans=0.1925  gain=+0.0001  |dz|=0.788  7.8 it/s
step  44550  L=0.3846  src=0.0446  tgt=0.1701  trans=0.1698  gain=+0.0003  |dz|=0.795  7.8 it/s
step  44600  L=0.0942  src=0.0387  tgt=0.0278  trans=0.0277  gain=+0.0000  |dz|=0.801  7.8 it/s
step  44650  L=0.4642  src=0.0330  tgt=0.2156  trans=0.2155  gain=+0.0000  |dz|=0.797  7.8 it/s
step  44700  L=0.4947  src=0.0659  tgt=0.2143  trans=0.2144  gain=-0.0000  |dz|=0.776  7.8 it/s
step  44750  L=0.3166  src=0.0488  tgt=0.1339  trans=0.1338  gain=+0.0002  |dz|=0.794  7.8 it/s
step  44800  L=0.4759  src=0.0464  tgt=0.2147  trans=0.2147  gain=+0.0000  |dz|=0.784  7.8 it/s
step  44850  L=0.4124  src=0.0398  tgt=0.1864  trans=0.1862  gain=+0.0002  |dz|=0.804  7.8 it/s
step  44900  L=0.0998  src=0.0476  tgt=0.0261  trans=0.0260  gain=+0.0001  |dz|=0.701  7.8 it/s
step  44950  L=0.2694  src=0.0540  tgt=0.1076  trans=0.1077  gain=-0.0001  |dz|=0.806  7.8 it/s
step  45000  L=0.0881  src=0.0294  tgt=0.0292  trans=0.0294  gain=-0.0002  |dz|=0.719  7.8 it/s
step  45050  L=0.4108  src=0.0442  tgt=0.1832  trans=0.1832  gain=-0.0000  |dz|=0.747  7.8 it/s
step  45100  L=0.0623  src=0.0329  tgt=0.0147  trans=0.0147  gain=+0.0000  |dz|=0.694  7.8 it/s
step  45150  L=0.4015  src=0.0765  tgt=0.1626  trans=0.1624  gain=+0.0002  |dz|=0.821  7.8 it/s
step  45200  L=0.0513  src=0.0268  tgt=0.0123  trans=0.0121  gain=+0.0002  |dz|=0.691  7.8 it/s
step  45250  L=0.1175  src=0.0611  tgt=0.0282  trans=0.0282  gain=-0.0000  |dz|=0.691  7.8 it/s
step  45300  L=0.1387  src=0.0728  tgt=0.0329  trans=0.0329  gain=+0.0000  |dz|=0.708  7.8 it/s
step  45350  L=0.0996  src=0.0490  tgt=0.0253  trans=0.0253  gain=+0.0001  |dz|=0.712  7.8 it/s
step  45400  L=0.1130  src=0.0346  tgt=0.0392  trans=0.0391  gain=+0.0000  |dz|=0.823  7.8 it/s
step  45450  L=0.0725  src=0.0345  tgt=0.0190  trans=0.0190  gain=-0.0000  |dz|=0.804  7.8 it/s
step  45500  L=0.3079  src=0.0553  tgt=0.1264  trans=0.1262  gain=+0.0002  |dz|=0.767  7.8 it/s
step  45550  L=0.1248  src=0.0514  tgt=0.0367  trans=0.0366  gain=+0.0001  |dz|=0.698  7.8 it/s
step  45600  L=0.1120  src=0.0549  tgt=0.0285  trans=0.0284  gain=+0.0001  |dz|=0.698  7.8 it/s
step  45650  L=0.1135  src=0.0419  tgt=0.0359  trans=0.0357  gain=+0.0002  |dz|=0.827  7.8 it/s
step  45700  L=0.1323  src=0.0695  tgt=0.0313  trans=0.0314  gain=-0.0001  |dz|=0.809  7.8 it/s
step  45750  L=0.1361  src=0.0486  tgt=0.0438  trans=0.0436  gain=+0.0002  |dz|=0.794  7.8 it/s
step  45800  L=0.2750  src=0.0336  tgt=0.1207  trans=0.1206  gain=+0.0001  |dz|=0.787  7.8 it/s
step  45850  L=0.1007  src=0.0534  tgt=0.0235  trans=0.0237  gain=-0.0001  |dz|=0.814  7.8 it/s
step  45900  L=0.0899  src=0.0377  tgt=0.0261  trans=0.0261  gain=-0.0000  |dz|=0.710  7.8 it/s
step  45950  L=0.1205  src=0.0511  tgt=0.0348  trans=0.0346  gain=+0.0001  |dz|=0.698  7.8 it/s
step  46000  L=0.3079  src=0.0607  tgt=0.1236  trans=0.1236  gain=-0.0001  |dz|=0.824  7.8 it/s
  [diagnostics @ 46000] loss_correct=0.0641  loss_zero=0.0723  loss_shuffled=0.0828  loss_random=0.0729  loss_target_only=0.0647  loss_mean_z=0.0725  r_basis=0.0591  |dz_transport|=0.7532  z_s_vs_enc_rel=1.7443  z_spread_rel=1.1631  gain_vs_zero=0.0081  gain_vs_shuffled=0.0187  gain_vs_target_only=0.0005  gain_vs_mean_z=0.0084  delta_task=0.0084  z_center_norm=0.0476  task_specific_frac=1.0266
step  46050  L=0.1276  src=0.0376  tgt=0.0451  trans=0.0449  gain=+0.0001  |dz|=0.707  7.8 it/s
step  46100  L=0.0953  src=0.0380  tgt=0.0286  trans=0.0287  gain=-0.0001  |dz|=0.834  7.8 it/s
step  46150  L=0.0863  src=0.0486  tgt=0.0188  trans=0.0189  gain=-0.0000  |dz|=0.817  7.8 it/s
step  46200  L=0.0867  src=0.0309  tgt=0.0278  trans=0.0279  gain=-0.0001  |dz|=0.707  7.8 it/s
step  46250  L=0.0827  src=0.0341  tgt=0.0243  trans=0.0241  gain=+0.0002  |dz|=0.793  7.8 it/s
step  46300  L=0.0992  src=0.0298  tgt=0.0346  trans=0.0347  gain=-0.0000  |dz|=0.716  7.8 it/s
step  46350  L=0.0597  src=0.0226  tgt=0.0186  trans=0.0185  gain=+0.0001  |dz|=0.689  7.8 it/s
step  46400  L=0.0782  src=0.0365  tgt=0.0209  trans=0.0207  gain=+0.0001  |dz|=0.830  7.8 it/s
step  46450  L=0.2190  src=0.0189  tgt=0.1001  trans=0.0999  gain=+0.0002  |dz|=0.771  7.8 it/s
step  46500  L=0.4886  src=0.0549  tgt=0.2169  trans=0.2167  gain=+0.0002  |dz|=0.768  7.8 it/s
step  46550  L=0.0577  src=0.0225  tgt=0.0177  trans=0.0175  gain=+0.0001  |dz|=0.800  7.8 it/s
step  46600  L=0.3693  src=0.0511  tgt=0.1590  trans=0.1591  gain=-0.0001  |dz|=0.785  7.8 it/s
step  46650  L=0.5840  src=0.0319  tgt=0.2759  trans=0.2761  gain=-0.0002  |dz|=0.830  7.8 it/s
step  46700  L=0.0897  src=0.0593  tgt=0.0151  trans=0.0152  gain=-0.0001  |dz|=0.806  7.8 it/s
step  46750  L=0.1441  src=0.0784  tgt=0.0328  trans=0.0328  gain=-0.0000  |dz|=0.837  7.8 it/s
step  46800  L=0.2642  src=0.0410  tgt=0.1115  trans=0.1115  gain=+0.0000  |dz|=0.801  7.8 it/s
step  46850  L=0.1391  src=0.0723  tgt=0.0333  trans=0.0333  gain=+0.0000  |dz|=0.816  7.8 it/s
step  46900  L=0.1136  src=0.0564  tgt=0.0286  trans=0.0286  gain=-0.0000  |dz|=0.800  7.8 it/s
step  46950  L=0.1111  src=0.0742  tgt=0.0185  trans=0.0184  gain=+0.0001  |dz|=0.708  7.8 it/s
step  47000  L=0.1054  src=0.0489  tgt=0.0283  trans=0.0281  gain=+0.0002  |dz|=0.688  7.8 it/s
step  47050  L=0.0748  src=0.0347  tgt=0.0200  trans=0.0200  gain=+0.0001  |dz|=0.819  7.8 it/s
step  47100  L=0.1343  src=0.0358  tgt=0.0491  trans=0.0493  gain=-0.0002  |dz|=0.722  7.8 it/s
step  47150  L=0.0981  src=0.0479  tgt=0.0251  trans=0.0250  gain=+0.0002  |dz|=0.809  7.8 it/s
step  47200  L=0.1149  src=0.0804  tgt=0.0173  trans=0.0173  gain=+0.0000  |dz|=0.717  7.8 it/s
step  47250  L=0.0855  src=0.0348  tgt=0.0254  trans=0.0252  gain=+0.0002  |dz|=0.698  7.8 it/s
step  47300  L=0.2525  src=0.0655  tgt=0.0935  trans=0.0935  gain=+0.0000  |dz|=0.805  7.8 it/s
step  47350  L=0.1238  src=0.0782  tgt=0.0228  trans=0.0228  gain=+0.0000  |dz|=0.710  7.8 it/s
step  47400  L=0.1061  src=0.0557  tgt=0.0253  trans=0.0251  gain=+0.0002  |dz|=0.727  7.8 it/s
step  47450  L=0.2591  src=0.0433  tgt=0.1079  trans=0.1079  gain=+0.0000  |dz|=0.819  7.8 it/s
step  47500  L=0.3265  src=0.0397  tgt=0.1435  trans=0.1434  gain=+0.0001  |dz|=0.800  7.8 it/s
step  47550  L=0.1182  src=0.0671  tgt=0.0256  trans=0.0255  gain=+0.0001  |dz|=0.701  7.8 it/s
step  47600  L=0.0977  src=0.0527  tgt=0.0225  trans=0.0225  gain=-0.0000  |dz|=0.821  7.8 it/s
step  47650  L=0.0926  src=0.0355  tgt=0.0285  trans=0.0286  gain=-0.0001  |dz|=0.816  7.8 it/s
step  47700  L=0.3436  src=0.0341  tgt=0.1546  trans=0.1548  gain=-0.0001  |dz|=0.789  7.8 it/s
step  47750  L=0.1072  src=0.0421  tgt=0.0326  trans=0.0324  gain=+0.0002  |dz|=0.822  7.8 it/s
step  47800  L=0.0513  src=0.0257  tgt=0.0127  trans=0.0128  gain=-0.0000  |dz|=0.713  7.8 it/s
step  47850  L=0.1504  src=0.0844  tgt=0.0330  trans=0.0330  gain=-0.0001  |dz|=0.708  7.8 it/s
step  47900  L=0.4314  src=0.0439  tgt=0.1938  trans=0.1937  gain=+0.0001  |dz|=0.791  7.8 it/s
step  47950  L=0.0577  src=0.0229  tgt=0.0173  trans=0.0174  gain=-0.0001  |dz|=0.780  7.8 it/s
step  48000  L=0.0937  src=0.0480  tgt=0.0228  trans=0.0229  gain=-0.0001  |dz|=0.816  7.8 it/s
  [diagnostics @ 48000] loss_correct=0.0847  loss_zero=0.0974  loss_shuffled=0.1028  loss_random=0.0978  loss_target_only=0.0852  loss_mean_z=0.0975  r_basis=0.0728  |dz_transport|=0.7810  z_s_vs_enc_rel=1.7477  z_spread_rel=1.1447  gain_vs_zero=0.0127  gain_vs_shuffled=0.0181  gain_vs_target_only=0.0004  gain_vs_mean_z=0.0128  delta_task=0.0128  z_center_norm=0.0422  task_specific_frac=1.0073
step  48050  L=0.0897  src=0.0551  tgt=0.0173  trans=0.0172  gain=+0.0001  |dz|=0.642  7.8 it/s
step  48100  L=0.1304  src=0.0675  tgt=0.0314  trans=0.0314  gain=+0.0000  |dz|=0.724  7.8 it/s
step  48150  L=0.0549  src=0.0199  tgt=0.0175  trans=0.0174  gain=+0.0001  |dz|=0.675  7.8 it/s
step  48200  L=0.4045  src=0.0348  tgt=0.1848  trans=0.1848  gain=+0.0000  |dz|=0.797  7.8 it/s
step  48250  L=0.5595  src=0.0848  tgt=0.2373  trans=0.2374  gain=-0.0001  |dz|=0.786  7.8 it/s
step  48300  L=0.1447  src=0.0683  tgt=0.0381  trans=0.0382  gain=-0.0001  |dz|=0.728  7.8 it/s
step  48350  L=0.1799  src=0.1356  tgt=0.0222  trans=0.0221  gain=+0.0001  |dz|=0.822  7.8 it/s
step  48400  L=0.2872  src=0.0307  tgt=0.1283  trans=0.1281  gain=+0.0001  |dz|=0.775  7.8 it/s
step  48450  L=0.4702  src=0.0556  tgt=0.2073  trans=0.2072  gain=+0.0001  |dz|=0.764  7.8 it/s
step  48500  L=0.1095  src=0.0320  tgt=0.0388  trans=0.0387  gain=+0.0001  |dz|=0.720  7.8 it/s
step  48550  L=0.3021  src=0.0386  tgt=0.1317  trans=0.1318  gain=-0.0001  |dz|=0.806  7.8 it/s
step  48600  L=0.0985  src=0.0302  tgt=0.0341  trans=0.0341  gain=+0.0001  |dz|=0.732  7.8 it/s
step  48650  L=0.0750  src=0.0209  tgt=0.0270  trans=0.0269  gain=+0.0001  |dz|=0.704  7.8 it/s
step  48700  L=0.3794  src=0.0583  tgt=0.1606  trans=0.1604  gain=+0.0002  |dz|=0.810  7.8 it/s
step  48750  L=0.4097  src=0.0576  tgt=0.1759  trans=0.1761  gain=-0.0001  |dz|=0.784  7.8 it/s
step  48800  L=0.0661  src=0.0300  tgt=0.0181  trans=0.0180  gain=+0.0001  |dz|=0.817  7.8 it/s
step  48850  L=0.0746  src=0.0428  tgt=0.0158  trans=0.0159  gain=-0.0001  |dz|=0.697  7.8 it/s
step  48900  L=0.0739  src=0.0524  tgt=0.0108  trans=0.0106  gain=+0.0002  |dz|=0.666  7.8 it/s
step  48950  L=0.1013  src=0.0383  tgt=0.0315  trans=0.0315  gain=-0.0000  |dz|=0.842  7.8 it/s
step  49000  L=0.1196  src=0.0552  tgt=0.0321  trans=0.0322  gain=-0.0001  |dz|=0.717  7.8 it/s
step  49050  L=0.0843  src=0.0439  tgt=0.0203  trans=0.0201  gain=+0.0002  |dz|=0.738  7.8 it/s
step  49100  L=0.5940  src=0.0218  tgt=0.2862  trans=0.2859  gain=+0.0003  |dz|=0.797  7.8 it/s
step  49150  L=0.1018  src=0.0649  tgt=0.0185  trans=0.0184  gain=+0.0001  |dz|=0.797  7.8 it/s
step  49200  L=0.3366  src=0.0409  tgt=0.1479  trans=0.1478  gain=+0.0000  |dz|=0.820  7.8 it/s
step  49250  L=0.5938  src=0.0851  tgt=0.2544  trans=0.2542  gain=+0.0002  |dz|=0.806  7.8 it/s
step  49300  L=0.0963  src=0.0373  tgt=0.0296  trans=0.0294  gain=+0.0002  |dz|=0.816  7.8 it/s
step  49350  L=0.0891  src=0.0525  tgt=0.0183  trans=0.0183  gain=-0.0000  |dz|=0.821  7.8 it/s
step  49400  L=0.1650  src=0.0710  tgt=0.0470  trans=0.0469  gain=+0.0001  |dz|=0.723  7.8 it/s
step  49450  L=0.0805  src=0.0440  tgt=0.0183  trans=0.0182  gain=+0.0001  |dz|=0.826  7.8 it/s
step  49500  L=0.0811  src=0.0350  tgt=0.0232  trans=0.0228  gain=+0.0004  |dz|=0.703  7.8 it/s
step  49550  L=0.3371  src=0.0519  tgt=0.1425  trans=0.1426  gain=-0.0001  |dz|=0.830  7.8 it/s
step  49600  L=0.3348  src=0.0899  tgt=0.1225  trans=0.1223  gain=+0.0002  |dz|=0.804  7.8 it/s
step  49650  L=0.1170  src=0.0580  tgt=0.0295  trans=0.0294  gain=+0.0000  |dz|=0.812  7.8 it/s
step  49700  L=0.0938  src=0.0501  tgt=0.0219  trans=0.0217  gain=+0.0002  |dz|=0.734  7.8 it/s
step  49750  L=0.0964  src=0.0423  tgt=0.0270  trans=0.0270  gain=+0.0000  |dz|=0.809  7.8 it/s
step  49800  L=0.4650  src=0.0666  tgt=0.1992  trans=0.1991  gain=+0.0001  |dz|=0.817  7.8 it/s
step  49850  L=0.0666  src=0.0342  tgt=0.0161  trans=0.0162  gain=-0.0001  |dz|=0.728  7.8 it/s
step  49900  L=0.3045  src=0.0405  tgt=0.1321  trans=0.1318  gain=+0.0003  |dz|=0.795  7.8 it/s
step  49950  L=0.0896  src=0.0491  tgt=0.0202  trans=0.0202  gain=+0.0000  |dz|=0.736  7.8 it/s
step  50000  L=0.0825  src=0.0271  tgt=0.0277  trans=0.0276  gain=+0.0001  |dz|=0.839  7.8 it/s
  [diagnostics @ 50000] loss_correct=0.0688  loss_zero=0.0776  loss_shuffled=0.0850  loss_random=0.0780  loss_target_only=0.0689  loss_mean_z=0.0779  r_basis=0.0603  |dz_transport|=0.7712  z_s_vs_enc_rel=1.7406  z_spread_rel=1.1703  gain_vs_zero=0.0088  gain_vs_shuffled=0.0163  gain_vs_target_only=0.0001  gain_vs_mean_z=0.0091  delta_task=0.0091  z_center_norm=0.0581  task_specific_frac=1.0358
  saved C:\T1D Meta Learning\code\python\meta-diffusion\experiments\linear_transport_replacement_2026-09-24\work\checkpoints\a2_film_step50000.pt

done in 107.5 min. log: C:\T1D Meta Learning\code\python\meta-diffusion\experiments\linear_transport_replacement_2026-09-24\work\checkpoints\a2_film_log.jsonl
