REPLAY cifar_ds3: source checkpoint configuration, transport=linear
device cuda | backbone small_unet | k=16
φ 27.80M + encoder 0.33M + transport 0.4K
training episode combinations 900 | 50000 steps

step      1  L=3.2945  src=1.0977  tgt=1.0984  trans=1.0983  gain=+0.0001  |dz|=0.000  1.4 it/s
step     50  L=1.0747  src=0.3940  tgt=0.3391  trans=0.3415  gain=-0.0024  |dz|=0.006  10.1 it/s
step    100  L=0.4979  src=0.1976  tgt=0.1499  trans=0.1499  gain=+0.0000  |dz|=0.035  10.7 it/s
step    150  L=0.3122  src=0.1444  tgt=0.0835  trans=0.0836  gain=-0.0001  |dz|=0.046  10.9 it/s
step    200  L=0.2504  src=0.0952  tgt=0.0774  trans=0.0769  gain=+0.0004  |dz|=0.049  11.0 it/s
step    250  L=0.2173  src=0.0855  tgt=0.0657  trans=0.0652  gain=+0.0005  |dz|=0.029  11.1 it/s
step    300  L=0.3038  src=0.0942  tgt=0.1042  trans=0.1046  gain=-0.0004  |dz|=0.023  11.1 it/s
step    350  L=0.6561  src=0.1452  tgt=0.2554  trans=0.2548  gain=+0.0006  |dz|=0.041  11.1 it/s
step    400  L=0.4745  src=0.0837  tgt=0.1953  trans=0.1951  gain=+0.0002  |dz|=0.061  11.1 it/s
step    450  L=0.5951  src=0.0804  tgt=0.2586  trans=0.2557  gain=+0.0029  |dz|=0.067  11.2 it/s
step    500  L=0.2730  src=0.0914  tgt=0.0906  trans=0.0907  gain=-0.0001  |dz|=0.027  11.3 it/s
step    550  L=0.1873  src=0.0998  tgt=0.0437  trans=0.0436  gain=+0.0001  |dz|=0.035  11.3 it/s
step    600  L=0.6145  src=0.1152  tgt=0.2514  trans=0.2476  gain=+0.0039  |dz|=0.108  11.3 it/s
step    650  L=0.4966  src=0.1234  tgt=0.1876  trans=0.1854  gain=+0.0022  |dz|=0.116  11.4 it/s
step    700  L=0.5194  src=0.0891  tgt=0.2149  trans=0.2152  gain=-0.0003  |dz|=0.115  11.4 it/s
step    750  L=0.3472  src=0.0633  tgt=0.1423  trans=0.1415  gain=+0.0008  |dz|=0.113  11.4 it/s
step    800  L=0.2226  src=0.1089  tgt=0.0567  trans=0.0568  gain=-0.0001  |dz|=0.048  11.4 it/s
step    850  L=0.1408  src=0.0727  tgt=0.0338  trans=0.0340  gain=-0.0002  |dz|=0.045  11.4 it/s
step    900  L=0.1974  src=0.1129  tgt=0.0419  trans=0.0425  gain=-0.0006  |dz|=0.048  11.5 it/s
step    950  L=0.1016  src=0.0527  tgt=0.0245  trans=0.0243  gain=+0.0002  |dz|=0.050  11.5 it/s
step   1000  L=0.1509  src=0.0748  tgt=0.0379  trans=0.0381  gain=-0.0002  |dz|=0.050  11.5 it/s
  [diagnostics @ 1000] loss_correct=0.1463  loss_zero=0.2156  loss_shuffled=0.1464  loss_random=0.2152  loss_target_only=0.1457  r_basis=0.1915  |dz_transport|=0.0233  z_s_vs_enc_rel=0.0370  z_spread_rel=0.0331  gain_vs_zero=0.0693  gain_vs_shuffled=0.0001  gain_vs_target_only=-0.0006
    ⚠ coordinate collapse: relative spacing of z across episodes is only 0.033 (threshold 0.05) -- the encoder emits a near-constant, so gain_vs_zero reflects the basis acting as shared capacity, not task specificity
    ⚠ z_S and z^enc_T are only 0.037 apart relatively -- the encoder is not separating the source set from the target set
step   1050  L=0.1236  src=0.0507  tgt=0.0363  trans=0.0364  gain=-0.0001  |dz|=0.050  11.5 it/s
step   1100  L=0.4776  src=0.0770  tgt=0.2000  trans=0.2004  gain=-0.0004  |dz|=0.079  11.5 it/s
step   1150  L=0.1586  src=0.0831  tgt=0.0376  trans=0.0377  gain=-0.0001  |dz|=0.055  11.5 it/s
step   1200  L=0.4210  src=0.0775  tgt=0.1719  trans=0.1716  gain=+0.0003  |dz|=0.081  11.5 it/s
step   1250  L=0.1519  src=0.0528  tgt=0.0495  trans=0.0494  gain=+0.0001  |dz|=0.050  11.5 it/s
step   1300  L=0.1213  src=0.0544  tgt=0.0334  trans=0.0334  gain=+0.0000  |dz|=0.058  11.5 it/s
step   1350  L=0.1047  src=0.0492  tgt=0.0277  trans=0.0277  gain=+0.0001  |dz|=0.056  11.5 it/s
step   1400  L=0.0818  src=0.0320  tgt=0.0249  trans=0.0249  gain=-0.0000  |dz|=0.059  11.5 it/s
step   1450  L=0.0998  src=0.0525  tgt=0.0236  trans=0.0236  gain=-0.0000  |dz|=0.066  11.3 it/s
step   1500  L=0.0994  src=0.0450  tgt=0.0272  trans=0.0271  gain=+0.0000  |dz|=0.058  11.2 it/s
step   1550  L=0.1178  src=0.0574  tgt=0.0302  trans=0.0302  gain=+0.0000  |dz|=0.071  11.0 it/s
step   1600  L=0.1592  src=0.1115  tgt=0.0238  trans=0.0238  gain=-0.0000  |dz|=0.063  10.8 it/s
step   1650  L=0.1724  src=0.0594  tgt=0.0565  trans=0.0565  gain=+0.0000  |dz|=0.072  10.6 it/s
step   1700  L=0.2996  src=0.0565  tgt=0.1213  trans=0.1217  gain=-0.0004  |dz|=0.085  10.3 it/s
step   1750  L=0.0874  src=0.0443  tgt=0.0215  trans=0.0215  gain=-0.0000  |dz|=0.063  10.1 it/s
step   1800  L=0.1735  src=0.0499  tgt=0.0617  trans=0.0618  gain=-0.0000  |dz|=0.067  10.0 it/s
step   1850  L=0.1148  src=0.0559  tgt=0.0294  trans=0.0294  gain=-0.0000  |dz|=0.065  9.8 it/s
step   1900  L=0.2164  src=0.1011  tgt=0.0576  trans=0.0577  gain=-0.0001  |dz|=0.066  9.6 it/s
step   1950  L=0.4347  src=0.0668  tgt=0.1839  trans=0.1839  gain=-0.0001  |dz|=0.081  9.5 it/s
step   2000  L=0.3542  src=0.0491  tgt=0.1526  trans=0.1525  gain=+0.0001  |dz|=0.079  9.3 it/s
  [diagnostics @ 2000] loss_correct=0.1040  loss_zero=0.1711  loss_shuffled=0.1045  loss_random=0.1721  loss_target_only=0.1038  r_basis=0.2788  |dz_transport|=0.0551  z_s_vs_enc_rel=0.0533  z_spread_rel=0.0545  gain_vs_zero=0.0671  gain_vs_shuffled=0.0005  gain_vs_target_only=-0.0002
step   2050  L=0.1258  src=0.0662  tgt=0.0298  trans=0.0297  gain=+0.0001  |dz|=0.066  9.2 it/s
step   2100  L=0.1522  src=0.0690  tgt=0.0416  trans=0.0415  gain=+0.0000  |dz|=0.066  9.1 it/s
step   2150  L=0.1600  src=0.0863  tgt=0.0369  trans=0.0368  gain=+0.0001  |dz|=0.066  9.0 it/s
step   2200  L=0.0917  src=0.0501  tgt=0.0208  trans=0.0208  gain=+0.0001  |dz|=0.088  8.9 it/s
step   2250  L=0.1775  src=0.0703  tgt=0.0536  trans=0.0536  gain=+0.0000  |dz|=0.067  8.8 it/s
step   2300  L=0.1361  src=0.0838  tgt=0.0261  trans=0.0262  gain=-0.0001  |dz|=0.066  8.7 it/s
step   2350  L=0.1268  src=0.0458  tgt=0.0405  trans=0.0405  gain=-0.0001  |dz|=0.068  8.6 it/s
step   2400  L=0.5339  src=0.0347  tgt=0.2495  trans=0.2496  gain=-0.0001  |dz|=0.083  8.5 it/s
step   2450  L=0.1322  src=0.0696  tgt=0.0313  trans=0.0313  gain=+0.0001  |dz|=0.092  8.5 it/s
step   2500  L=0.0980  src=0.0472  tgt=0.0254  trans=0.0253  gain=+0.0001  |dz|=0.094  8.4 it/s
step   2550  L=0.0742  src=0.0424  tgt=0.0159  trans=0.0158  gain=+0.0001  |dz|=0.096  8.3 it/s
step   2600  L=0.1003  src=0.0389  tgt=0.0307  trans=0.0306  gain=+0.0001  |dz|=0.069  8.3 it/s
step   2650  L=0.1419  src=0.0707  tgt=0.0356  trans=0.0356  gain=+0.0000  |dz|=0.097  8.2 it/s
step   2700  L=0.0752  src=0.0461  tgt=0.0145  trans=0.0146  gain=-0.0001  |dz|=0.070  8.2 it/s
step   2750  L=0.1620  src=0.0918  tgt=0.0352  trans=0.0350  gain=+0.0002  |dz|=0.071  8.1 it/s
step   2800  L=0.1370  src=0.0666  tgt=0.0352  trans=0.0352  gain=-0.0000  |dz|=0.097  8.1 it/s
step   2850  L=0.3056  src=0.0792  tgt=0.1132  trans=0.1132  gain=+0.0000  |dz|=0.085  8.0 it/s
step   2900  L=0.0978  src=0.0442  tgt=0.0268  trans=0.0268  gain=-0.0000  |dz|=0.100  8.0 it/s
step   2950  L=0.3614  src=0.0795  tgt=0.1409  trans=0.1409  gain=+0.0000  |dz|=0.084  7.9 it/s
step   3000  L=0.0968  src=0.0604  tgt=0.0182  trans=0.0181  gain=+0.0001  |dz|=0.098  7.9 it/s
  [diagnostics @ 3000] loss_correct=0.0836  loss_zero=0.1341  loss_shuffled=0.0840  loss_random=0.1374  loss_target_only=0.0836  r_basis=0.2754  |dz_transport|=0.0732  z_s_vs_enc_rel=0.0783  z_spread_rel=0.0938  gain_vs_zero=0.0505  gain_vs_shuffled=0.0004  gain_vs_target_only=-0.0000
step   3050  L=0.4056  src=0.0536  tgt=0.1760  trans=0.1760  gain=-0.0000  |dz|=0.083  7.8 it/s
step   3100  L=0.1167  src=0.0729  tgt=0.0218  trans=0.0219  gain=-0.0001  |dz|=0.071  7.8 it/s
step   3150  L=0.1049  src=0.0729  tgt=0.0160  trans=0.0160  gain=+0.0000  |dz|=0.072  7.8 it/s
step   3200  L=0.1802  src=0.0726  tgt=0.0538  trans=0.0538  gain=-0.0000  |dz|=0.073  7.7 it/s
step   3250  L=0.0962  src=0.0653  tgt=0.0154  trans=0.0154  gain=+0.0000  |dz|=0.075  7.7 it/s
step   3300  L=0.3393  src=0.0555  tgt=0.1420  trans=0.1418  gain=+0.0001  |dz|=0.092  7.7 it/s
step   3350  L=0.5462  src=0.0709  tgt=0.2377  trans=0.2376  gain=+0.0001  |dz|=0.092  7.7 it/s
step   3400  L=0.1345  src=0.0827  tgt=0.0259  trans=0.0259  gain=+0.0000  |dz|=0.099  7.7 it/s
step   3450  L=0.1070  src=0.0475  tgt=0.0297  trans=0.0297  gain=-0.0000  |dz|=0.074  7.6 it/s
step   3500  L=0.1009  src=0.0292  tgt=0.0359  trans=0.0359  gain=+0.0000  |dz|=0.074  7.6 it/s
step   3550  L=0.4123  src=0.0569  tgt=0.1778  trans=0.1776  gain=+0.0001  |dz|=0.086  7.6 it/s
step   3600  L=0.1450  src=0.0528  tgt=0.0461  trans=0.0461  gain=+0.0000  |dz|=0.101  7.6 it/s
step   3650  L=0.1041  src=0.0373  tgt=0.0334  trans=0.0334  gain=-0.0000  |dz|=0.102  7.6 it/s
step   3700  L=0.2713  src=0.0838  tgt=0.0937  trans=0.0938  gain=-0.0000  |dz|=0.087  7.6 it/s
step   3750  L=0.0953  src=0.0399  tgt=0.0277  trans=0.0277  gain=+0.0001  |dz|=0.102  7.5 it/s
step   3800  L=0.3228  src=0.0815  tgt=0.1207  trans=0.1206  gain=+0.0001  |dz|=0.089  7.5 it/s
step   3850  L=0.1038  src=0.0231  tgt=0.0403  trans=0.0404  gain=-0.0001  |dz|=0.078  7.5 it/s
step   3900  L=0.1612  src=0.0529  tgt=0.0542  trans=0.0541  gain=+0.0000  |dz|=0.077  7.5 it/s
step   3950  L=0.4548  src=0.0419  tgt=0.2064  trans=0.2065  gain=-0.0001  |dz|=0.103  7.5 it/s
step   4000  L=0.1142  src=0.0321  tgt=0.0411  trans=0.0411  gain=-0.0000  |dz|=0.078  7.4 it/s
  [diagnostics @ 4000] loss_correct=0.0909  loss_zero=0.1271  loss_shuffled=0.0914  loss_random=0.1308  loss_target_only=0.0910  r_basis=0.2432  |dz_transport|=0.0786  z_s_vs_enc_rel=0.1443  z_spread_rel=0.1540  gain_vs_zero=0.0362  gain_vs_shuffled=0.0005  gain_vs_target_only=0.0001
step   4050  L=0.1043  src=0.0574  tgt=0.0235  trans=0.0233  gain=+0.0002  |dz|=0.105  7.4 it/s
step   4100  L=0.0919  src=0.0408  tgt=0.0256  trans=0.0256  gain=-0.0000  |dz|=0.106  7.4 it/s
step   4150  L=0.0639  src=0.0264  tgt=0.0187  trans=0.0188  gain=-0.0001  |dz|=0.105  7.4 it/s
step   4200  L=0.4722  src=0.0531  tgt=0.2096  trans=0.2095  gain=+0.0001  |dz|=0.095  7.4 it/s
step   4250  L=0.1265  src=0.0590  tgt=0.0338  trans=0.0337  gain=+0.0001  |dz|=0.108  7.4 it/s
step   4300  L=0.2794  src=0.0370  tgt=0.1212  trans=0.1211  gain=+0.0001  |dz|=0.094  7.3 it/s
step   4350  L=0.1277  src=0.0510  tgt=0.0383  trans=0.0383  gain=+0.0000  |dz|=0.109  7.3 it/s
step   4400  L=0.1138  src=0.0590  tgt=0.0273  trans=0.0274  gain=-0.0000  |dz|=0.108  7.3 it/s
step   4450  L=0.1406  src=0.0713  tgt=0.0347  trans=0.0346  gain=+0.0001  |dz|=0.084  7.3 it/s
step   4500  L=0.1654  src=0.0927  tgt=0.0363  trans=0.0363  gain=-0.0000  |dz|=0.108  7.3 it/s
step   4550  L=0.1139  src=0.0674  tgt=0.0233  trans=0.0232  gain=+0.0001  |dz|=0.110  7.3 it/s
step   4600  L=0.1202  src=0.0586  tgt=0.0308  trans=0.0309  gain=-0.0001  |dz|=0.085  7.3 it/s
step   4650  L=0.5757  src=0.0596  tgt=0.2581  trans=0.2580  gain=+0.0000  |dz|=0.099  7.3 it/s
step   4700  L=0.0903  src=0.0489  tgt=0.0207  trans=0.0207  gain=+0.0000  |dz|=0.086  7.2 it/s
step   4750  L=0.0869  src=0.0494  tgt=0.0187  trans=0.0187  gain=+0.0000  |dz|=0.085  7.2 it/s
step   4800  L=0.3893  src=0.0392  tgt=0.1750  trans=0.1750  gain=-0.0000  |dz|=0.101  7.2 it/s
step   4850  L=0.1018  src=0.0590  tgt=0.0214  trans=0.0214  gain=-0.0001  |dz|=0.088  7.2 it/s
step   4900  L=0.4312  src=0.0762  tgt=0.1775  trans=0.1775  gain=+0.0000  |dz|=0.106  7.2 it/s
step   4950  L=0.1221  src=0.0595  tgt=0.0312  trans=0.0313  gain=-0.0001  |dz|=0.109  7.2 it/s
step   5000  L=0.3894  src=0.0853  tgt=0.1521  trans=0.1521  gain=+0.0000  |dz|=0.100  7.2 it/s
  [diagnostics @ 5000] loss_correct=0.0538  loss_zero=0.0818  loss_shuffled=0.0541  loss_random=0.0833  loss_target_only=0.0539  r_basis=0.2032  |dz_transport|=0.0947  z_s_vs_enc_rel=0.2033  z_spread_rel=0.1744  gain_vs_zero=0.0280  gain_vs_shuffled=0.0003  gain_vs_target_only=0.0001
step   5050  L=0.1072  src=0.0365  tgt=0.0353  trans=0.0353  gain=+0.0001  |dz|=0.106  7.2 it/s
step   5100  L=0.0959  src=0.0576  tgt=0.0191  trans=0.0192  gain=-0.0001  |dz|=0.107  7.1 it/s
step   5150  L=0.4919  src=0.0594  tgt=0.2162  trans=0.2162  gain=-0.0000  |dz|=0.099  7.1 it/s
step   5200  L=0.1610  src=0.0603  tgt=0.0504  trans=0.0503  gain=+0.0001  |dz|=0.110  7.1 it/s
step   5250  L=0.2647  src=0.0543  tgt=0.1052  trans=0.1052  gain=-0.0000  |dz|=0.104  7.1 it/s
step   5300  L=0.4272  src=0.0662  tgt=0.1805  trans=0.1805  gain=-0.0000  |dz|=0.103  7.1 it/s
step   5350  L=0.1356  src=0.0844  tgt=0.0256  trans=0.0256  gain=+0.0000  |dz|=0.108  7.1 it/s
step   5400  L=0.0844  src=0.0455  tgt=0.0195  trans=0.0194  gain=+0.0001  |dz|=0.084  7.1 it/s
step   5450  L=0.4515  src=0.0508  tgt=0.2002  trans=0.2005  gain=-0.0003  |dz|=0.105  7.1 it/s
step   5500  L=0.0827  src=0.0387  tgt=0.0220  trans=0.0219  gain=+0.0002  |dz|=0.106  7.1 it/s
step   5550  L=0.1087  src=0.0353  tgt=0.0367  trans=0.0367  gain=-0.0000  |dz|=0.083  7.1 it/s
step   5600  L=0.0873  src=0.0345  tgt=0.0264  trans=0.0263  gain=+0.0000  |dz|=0.083  7.0 it/s
step   5650  L=0.2131  src=0.0794  tgt=0.0668  trans=0.0669  gain=-0.0001  |dz|=0.086  7.0 it/s
step   5700  L=0.0967  src=0.0530  tgt=0.0219  trans=0.0219  gain=+0.0000  |dz|=0.109  7.0 it/s
step   5750  L=0.1427  src=0.0360  tgt=0.0534  trans=0.0533  gain=+0.0001  |dz|=0.110  7.0 it/s
step   5800  L=0.3016  src=0.0457  tgt=0.1279  trans=0.1279  gain=-0.0001  |dz|=0.105  7.0 it/s
step   5850  L=0.1262  src=0.0728  tgt=0.0267  trans=0.0267  gain=+0.0000  |dz|=0.112  7.0 it/s
step   5900  L=0.1006  src=0.0521  tgt=0.0242  trans=0.0242  gain=+0.0001  |dz|=0.112  7.0 it/s
step   5950  L=0.3071  src=0.0819  tgt=0.1126  trans=0.1126  gain=-0.0000  |dz|=0.107  7.0 it/s
step   6000  L=0.1237  src=0.0554  tgt=0.0341  trans=0.0341  gain=+0.0000  |dz|=0.113  7.0 it/s
  [diagnostics @ 6000] loss_correct=0.0625  loss_zero=0.0822  loss_shuffled=0.0628  loss_random=0.0833  loss_target_only=0.0626  r_basis=0.1688  |dz_transport|=0.0991  z_s_vs_enc_rel=0.2669  z_spread_rel=0.2768  gain_vs_zero=0.0197  gain_vs_shuffled=0.0003  gain_vs_target_only=0.0001
step   6050  L=0.3735  src=0.0528  tgt=0.1603  trans=0.1603  gain=-0.0000  |dz|=0.108  7.0 it/s
step   6100  L=0.4689  src=0.0565  tgt=0.2062  trans=0.2062  gain=+0.0000  |dz|=0.107  7.0 it/s
step   6150  L=0.1141  src=0.0577  tgt=0.0282  trans=0.0282  gain=+0.0001  |dz|=0.111  7.0 it/s
step   6200  L=0.1301  src=0.0786  tgt=0.0258  trans=0.0257  gain=+0.0000  |dz|=0.111  7.0 it/s
step   6250  L=0.3672  src=0.0440  tgt=0.1616  trans=0.1615  gain=+0.0000  |dz|=0.110  7.0 it/s
step   6300  L=0.0915  src=0.0374  tgt=0.0271  trans=0.0270  gain=+0.0001  |dz|=0.111  7.0 it/s
step   6350  L=0.3636  src=0.0631  tgt=0.1503  trans=0.1502  gain=+0.0001  |dz|=0.113  7.0 it/s
step   6400  L=0.1543  src=0.0901  tgt=0.0321  trans=0.0321  gain=+0.0000  |dz|=0.085  6.9 it/s
step   6450  L=0.1148  src=0.0666  tgt=0.0241  trans=0.0241  gain=+0.0000  |dz|=0.085  6.9 it/s
step   6500  L=0.4945  src=0.0900  tgt=0.2023  trans=0.2023  gain=-0.0000  |dz|=0.109  6.9 it/s
step   6550  L=0.1583  src=0.0672  tgt=0.0455  trans=0.0455  gain=+0.0000  |dz|=0.081  6.9 it/s
step   6600  L=0.3697  src=0.0810  tgt=0.1443  trans=0.1443  gain=+0.0000  |dz|=0.111  6.9 it/s
step   6650  L=0.1342  src=0.0795  tgt=0.0274  trans=0.0273  gain=+0.0001  |dz|=0.108  6.9 it/s
step   6700  L=0.1030  src=0.0629  tgt=0.0201  trans=0.0201  gain=+0.0000  |dz|=0.083  6.9 it/s
step   6750  L=0.0920  src=0.0418  tgt=0.0251  trans=0.0251  gain=+0.0000  |dz|=0.110  6.9 it/s
step   6800  L=0.1143  src=0.0614  tgt=0.0264  trans=0.0264  gain=+0.0000  |dz|=0.110  6.9 it/s
step   6850  L=0.1109  src=0.0552  tgt=0.0278  trans=0.0278  gain=+0.0000  |dz|=0.081  6.9 it/s
step   6900  L=0.1942  src=0.1085  tgt=0.0429  trans=0.0428  gain=+0.0001  |dz|=0.083  6.9 it/s
step   6950  L=0.1361  src=0.0599  tgt=0.0381  trans=0.0381  gain=-0.0000  |dz|=0.112  6.9 it/s
step   7000  L=0.0987  src=0.0448  tgt=0.0269  trans=0.0269  gain=+0.0000  |dz|=0.110  6.9 it/s
  [diagnostics @ 7000] loss_correct=0.0679  loss_zero=0.0818  loss_shuffled=0.0683  loss_random=0.0830  loss_target_only=0.0679  r_basis=0.1381  |dz_transport|=0.0982  z_s_vs_enc_rel=0.3845  z_spread_rel=0.4211  gain_vs_zero=0.0139  gain_vs_shuffled=0.0003  gain_vs_target_only=0.0000
step   7050  L=0.1380  src=0.0863  tgt=0.0258  trans=0.0258  gain=+0.0000  |dz|=0.085  6.9 it/s
step   7100  L=0.1437  src=0.0721  tgt=0.0358  trans=0.0358  gain=-0.0000  |dz|=0.086  6.9 it/s
step   7150  L=0.1166  src=0.0671  tgt=0.0248  trans=0.0247  gain=+0.0000  |dz|=0.112  6.9 it/s
step   7200  L=0.0923  src=0.0548  tgt=0.0187  trans=0.0187  gain=-0.0000  |dz|=0.111  6.8 it/s
step   7250  L=0.0765  src=0.0359  tgt=0.0203  trans=0.0203  gain=+0.0000  |dz|=0.086  6.8 it/s
step   7300  L=0.1972  src=0.0923  tgt=0.0524  trans=0.0524  gain=+0.0000  |dz|=0.091  6.8 it/s
step   7350  L=0.3329  src=0.0663  tgt=0.1333  trans=0.1333  gain=-0.0000  |dz|=0.127  6.8 it/s
step   7400  L=0.1367  src=0.0686  tgt=0.0341  trans=0.0341  gain=+0.0000  |dz|=0.113  6.8 it/s
step   7450  L=0.1068  src=0.0676  tgt=0.0196  trans=0.0196  gain=-0.0000  |dz|=0.113  6.8 it/s
step   7500  L=0.1328  src=0.0609  tgt=0.0360  trans=0.0360  gain=+0.0000  |dz|=0.115  6.8 it/s
step   7550  L=0.1638  src=0.0738  tgt=0.0450  trans=0.0450  gain=+0.0001  |dz|=0.090  6.8 it/s
step   7600  L=0.3961  src=0.0776  tgt=0.1593  trans=0.1592  gain=+0.0001  |dz|=0.135  6.8 it/s
step   7650  L=0.1650  src=0.1108  tgt=0.0271  trans=0.0271  gain=+0.0000  |dz|=0.115  6.8 it/s
step   7700  L=0.3724  src=0.0638  tgt=0.1542  trans=0.1543  gain=-0.0001  |dz|=0.136  6.8 it/s
step   7750  L=0.1361  src=0.0913  tgt=0.0225  trans=0.0224  gain=+0.0001  |dz|=0.116  6.8 it/s
step   7800  L=0.1622  src=0.0676  tgt=0.0473  trans=0.0473  gain=+0.0001  |dz|=0.090  6.8 it/s
step   7850  L=0.0904  src=0.0485  tgt=0.0210  trans=0.0209  gain=+0.0000  |dz|=0.116  6.8 it/s
step   7900  L=0.4276  src=0.0754  tgt=0.1762  trans=0.1760  gain=+0.0002  |dz|=0.137  6.8 it/s
step   7950  L=0.0908  src=0.0362  tgt=0.0274  trans=0.0273  gain=+0.0001  |dz|=0.092  6.8 it/s
step   8000  L=0.3325  src=0.0635  tgt=0.1345  trans=0.1345  gain=+0.0000  |dz|=0.138  6.8 it/s
  [diagnostics @ 8000] loss_correct=0.1055  loss_zero=0.1147  loss_shuffled=0.1059  loss_random=0.1150  loss_target_only=0.1055  r_basis=0.1118  |dz_transport|=0.1086  z_s_vs_enc_rel=0.5316  z_spread_rel=0.5332  gain_vs_zero=0.0092  gain_vs_shuffled=0.0004  gain_vs_target_only=0.0000
step   8050  L=0.4585  src=0.0820  tgt=0.1891  trans=0.1874  gain=+0.0017  |dz|=0.150  6.8 it/s
step   8100  L=0.3805  src=0.0380  tgt=0.1714  trans=0.1710  gain=+0.0004  |dz|=0.159  6.8 it/s
step   8150  L=0.1472  src=0.0576  tgt=0.0448  trans=0.0448  gain=-0.0000  |dz|=0.094  6.8 it/s
step   8200  L=0.1072  src=0.0407  tgt=0.0333  trans=0.0332  gain=+0.0001  |dz|=0.092  6.8 it/s
step   8250  L=0.1453  src=0.0564  tgt=0.0444  trans=0.0444  gain=-0.0000  |dz|=0.090  6.8 it/s
step   8300  L=0.3437  src=0.0923  tgt=0.1257  trans=0.1257  gain=-0.0000  |dz|=0.152  6.8 it/s
step   8350  L=0.2548  src=0.0485  tgt=0.1031  trans=0.1031  gain=+0.0000  |dz|=0.148  6.7 it/s
step   8400  L=0.0885  src=0.0446  tgt=0.0219  trans=0.0220  gain=-0.0001  |dz|=0.121  6.7 it/s
step   8450  L=0.1052  src=0.0555  tgt=0.0248  trans=0.0249  gain=-0.0000  |dz|=0.092  6.7 it/s
step   8500  L=0.0875  src=0.0540  tgt=0.0168  trans=0.0167  gain=+0.0001  |dz|=0.089  6.7 it/s
step   8550  L=0.1181  src=0.0627  tgt=0.0277  trans=0.0277  gain=-0.0000  |dz|=0.087  6.7 it/s
step   8600  L=0.0997  src=0.0488  tgt=0.0254  trans=0.0254  gain=+0.0001  |dz|=0.122  6.7 it/s
step   8650  L=0.3883  src=0.1122  tgt=0.1381  trans=0.1380  gain=+0.0000  |dz|=0.142  6.7 it/s
step   8700  L=0.0923  src=0.0499  tgt=0.0213  trans=0.0212  gain=+0.0001  |dz|=0.123  6.7 it/s
step   8750  L=0.1164  src=0.0591  tgt=0.0287  trans=0.0286  gain=+0.0001  |dz|=0.122  6.7 it/s
step   8800  L=0.3860  src=0.0413  tgt=0.1723  trans=0.1724  gain=-0.0001  |dz|=0.146  6.7 it/s
step   8850  L=0.4293  src=0.0551  tgt=0.1872  trans=0.1871  gain=+0.0001  |dz|=0.164  6.7 it/s
step   8900  L=0.1250  src=0.0587  tgt=0.0332  trans=0.0331  gain=+0.0000  |dz|=0.091  6.7 it/s
step   8950  L=0.3770  src=0.0368  tgt=0.1702  trans=0.1700  gain=+0.0002  |dz|=0.161  6.7 it/s
step   9000  L=0.0915  src=0.0428  tgt=0.0243  trans=0.0243  gain=-0.0000  |dz|=0.090  6.7 it/s
  [diagnostics @ 9000] loss_correct=0.0935  loss_zero=0.0995  loss_shuffled=0.0940  loss_random=0.1000  loss_target_only=0.0935  r_basis=0.0863  |dz_transport|=0.1183  z_s_vs_enc_rel=0.7066  z_spread_rel=0.6965  gain_vs_zero=0.0060  gain_vs_shuffled=0.0005  gain_vs_target_only=0.0000
step   9050  L=0.0797  src=0.0495  tgt=0.0151  trans=0.0151  gain=+0.0000  |dz|=0.089  6.7 it/s
step   9100  L=0.4101  src=0.0405  tgt=0.1848  trans=0.1848  gain=-0.0000  |dz|=0.160  6.7 it/s
step   9150  L=0.0627  src=0.0243  tgt=0.0192  trans=0.0192  gain=-0.0000  |dz|=0.089  6.7 it/s
step   9200  L=0.4117  src=0.0564  tgt=0.1777  trans=0.1776  gain=+0.0000  |dz|=0.158  6.7 it/s
step   9250  L=0.1121  src=0.0449  tgt=0.0337  trans=0.0335  gain=+0.0001  |dz|=0.092  6.7 it/s
step   9300  L=0.3558  src=0.0486  tgt=0.1536  trans=0.1536  gain=+0.0000  |dz|=0.153  6.7 it/s
step   9350  L=0.1388  src=0.0607  tgt=0.0391  trans=0.0391  gain=+0.0000  |dz|=0.090  6.7 it/s
step   9400  L=0.3598  src=0.0358  tgt=0.1620  trans=0.1620  gain=+0.0000  |dz|=0.143  6.7 it/s
step   9450  L=0.3740  src=0.0704  tgt=0.1518  trans=0.1518  gain=+0.0000  |dz|=0.142  6.7 it/s
step   9500  L=0.0869  src=0.0495  tgt=0.0187  trans=0.0187  gain=-0.0000  |dz|=0.090  6.7 it/s
step   9550  L=0.1414  src=0.0895  tgt=0.0259  trans=0.0260  gain=-0.0001  |dz|=0.088  6.7 it/s
step   9600  L=0.1618  src=0.0833  tgt=0.0392  trans=0.0392  gain=+0.0000  |dz|=0.089  6.7 it/s
step   9650  L=0.1074  src=0.0636  tgt=0.0219  trans=0.0220  gain=-0.0001  |dz|=0.126  6.7 it/s
step   9700  L=0.4445  src=0.0681  tgt=0.1882  trans=0.1882  gain=+0.0001  |dz|=0.136  6.6 it/s
step   9750  L=0.4830  src=0.0616  tgt=0.2107  trans=0.2107  gain=+0.0000  |dz|=0.135  6.6 it/s
step   9800  L=0.2578  src=0.0257  tgt=0.1160  trans=0.1161  gain=-0.0001  |dz|=0.142  6.6 it/s
step   9850  L=0.1397  src=0.0832  tgt=0.0282  trans=0.0282  gain=+0.0000  |dz|=0.125  6.6 it/s
step   9900  L=0.0602  src=0.0354  tgt=0.0124  trans=0.0124  gain=-0.0000  |dz|=0.085  6.6 it/s
step   9950  L=0.0869  src=0.0318  tgt=0.0275  trans=0.0275  gain=+0.0000  |dz|=0.086  6.6 it/s
step  10000  L=0.2457  src=0.0627  tgt=0.0914  trans=0.0915  gain=-0.0001  |dz|=0.140  6.6 it/s
  [diagnostics @ 10000] loss_correct=0.0817  loss_zero=0.0868  loss_shuffled=0.0821  loss_random=0.0873  loss_target_only=0.0817  r_basis=0.0777  |dz_transport|=0.1257  z_s_vs_enc_rel=0.7707  z_spread_rel=0.7704  gain_vs_zero=0.0051  gain_vs_shuffled=0.0004  gain_vs_target_only=0.0000
  saved C:\T1D Meta Learning\code\python\meta-diffusion\experiments\linear_transport_replacement_2026-09-24\work\checkpoints\cifar_ds3_step10000.pt
step  10050  L=0.1041  src=0.0503  tgt=0.0269  trans=0.0269  gain=+0.0000  |dz|=0.085  6.6 it/s
step  10100  L=0.1357  src=0.0702  tgt=0.0328  trans=0.0327  gain=+0.0001  |dz|=0.084  6.6 it/s
step  10150  L=0.4588  src=0.0436  tgt=0.2076  trans=0.2076  gain=+0.0000  |dz|=0.136  6.6 it/s
step  10200  L=0.0561  src=0.0259  tgt=0.0151  trans=0.0151  gain=+0.0000  |dz|=0.114  6.6 it/s
step  10250  L=0.2924  src=0.0571  tgt=0.1177  trans=0.1176  gain=+0.0001  |dz|=0.139  6.6 it/s
step  10300  L=0.1253  src=0.0527  tgt=0.0363  trans=0.0363  gain=-0.0001  |dz|=0.124  6.6 it/s
step  10350  L=0.4027  src=0.0461  tgt=0.1783  trans=0.1783  gain=+0.0000  |dz|=0.135  6.6 it/s
step  10400  L=0.1252  src=0.0526  tgt=0.0362  trans=0.0363  gain=-0.0002  |dz|=0.118  6.6 it/s
step  10450  L=0.4560  src=0.0324  tgt=0.2118  trans=0.2118  gain=+0.0001  |dz|=0.130  6.6 it/s
step  10500  L=0.1430  src=0.0589  tgt=0.0421  trans=0.0420  gain=+0.0000  |dz|=0.082  6.6 it/s
step  10550  L=0.1436  src=0.0549  tgt=0.0443  trans=0.0444  gain=-0.0000  |dz|=0.083  6.6 it/s
step  10600  L=0.1186  src=0.0638  tgt=0.0274  trans=0.0274  gain=-0.0000  |dz|=0.086  6.6 it/s
step  10650  L=0.1016  src=0.0476  tgt=0.0270  trans=0.0270  gain=+0.0000  |dz|=0.120  6.6 it/s
step  10700  L=0.1191  src=0.0463  tgt=0.0364  trans=0.0364  gain=+0.0000  |dz|=0.082  6.6 it/s
step  10750  L=0.1064  src=0.0398  tgt=0.0334  trans=0.0333  gain=+0.0000  |dz|=0.120  6.6 it/s
step  10800  L=0.3329  src=0.0521  tgt=0.1404  trans=0.1404  gain=+0.0001  |dz|=0.143  6.6 it/s
step  10850  L=0.1688  src=0.0930  tgt=0.0379  trans=0.0379  gain=+0.0000  |dz|=0.087  6.6 it/s
step  10900  L=0.1503  src=0.0623  tgt=0.0440  trans=0.0440  gain=-0.0000  |dz|=0.087  6.6 it/s
step  10950  L=0.4751  src=0.0646  tgt=0.2053  trans=0.2053  gain=-0.0000  |dz|=0.167  6.6 it/s
step  11000  L=0.1605  src=0.0716  tgt=0.0444  trans=0.0444  gain=-0.0000  |dz|=0.079  6.6 it/s
  [diagnostics @ 11000] loss_correct=0.0743  loss_zero=0.0776  loss_shuffled=0.0752  loss_random=0.0779  loss_target_only=0.0744  r_basis=0.0598  |dz_transport|=0.1164  z_s_vs_enc_rel=0.9021  z_spread_rel=0.8747  gain_vs_zero=0.0032  gain_vs_shuffled=0.0009  gain_vs_target_only=0.0001
step  11050  L=0.1071  src=0.0569  tgt=0.0251  trans=0.0251  gain=-0.0000  |dz|=0.079  6.6 it/s
step  11100  L=0.3878  src=0.0389  tgt=0.1745  trans=0.1745  gain=-0.0000  |dz|=0.162  6.6 it/s
step  11150  L=0.1352  src=0.0685  tgt=0.0334  trans=0.0334  gain=-0.0000  |dz|=0.122  6.6 it/s
step  11200  L=0.0875  src=0.0324  tgt=0.0275  trans=0.0276  gain=-0.0001  |dz|=0.077  6.6 it/s
step  11250  L=0.3846  src=0.0587  tgt=0.1630  trans=0.1629  gain=+0.0001  |dz|=0.146  6.6 it/s
step  11300  L=0.3242  src=0.0809  tgt=0.1217  trans=0.1216  gain=+0.0000  |dz|=0.144  6.6 it/s
step  11350  L=0.0866  src=0.0470  tgt=0.0198  trans=0.0198  gain=+0.0000  |dz|=0.120  6.6 it/s
step  11400  L=0.4819  src=0.0843  tgt=0.1988  trans=0.1988  gain=+0.0000  |dz|=0.140  6.6 it/s
step  11450  L=0.3940  src=0.0532  tgt=0.1704  trans=0.1704  gain=+0.0000  |dz|=0.139  6.6 it/s
step  11500  L=0.1352  src=0.0544  tgt=0.0404  trans=0.0404  gain=+0.0000  |dz|=0.073  6.5 it/s
step  11550  L=0.1878  src=0.0902  tgt=0.0488  trans=0.0488  gain=+0.0000  |dz|=0.071  6.5 it/s
step  11600  L=0.4258  src=0.0788  tgt=0.1736  trans=0.1734  gain=+0.0002  |dz|=0.138  6.5 it/s
step  11650  L=0.3272  src=0.0597  tgt=0.1338  trans=0.1337  gain=+0.0000  |dz|=0.137  6.5 it/s
step  11700  L=0.2782  src=0.0646  tgt=0.1069  trans=0.1068  gain=+0.0001  |dz|=0.131  6.5 it/s
step  11750  L=0.1145  src=0.0620  tgt=0.0262  trans=0.0263  gain=-0.0001  |dz|=0.070  6.5 it/s
step  11800  L=0.1205  src=0.0778  tgt=0.0214  trans=0.0213  gain=+0.0001  |dz|=0.112  6.5 it/s
step  11850  L=0.1054  src=0.0504  tgt=0.0275  trans=0.0275  gain=+0.0000  |dz|=0.070  6.5 it/s
step  11900  L=0.2955  src=0.0394  tgt=0.1281  trans=0.1280  gain=+0.0002  |dz|=0.122  6.5 it/s
step  11950  L=0.3744  src=0.0694  tgt=0.1525  trans=0.1525  gain=+0.0000  |dz|=0.124  6.5 it/s
step  12000  L=0.1052  src=0.0517  tgt=0.0268  trans=0.0267  gain=+0.0000  |dz|=0.113  6.5 it/s
  [diagnostics @ 12000] loss_correct=0.1515  loss_zero=0.1526  loss_shuffled=0.1519  loss_random=0.1528  loss_target_only=0.1516  r_basis=0.0353  |dz_transport|=0.1223  z_s_vs_enc_rel=0.9822  z_spread_rel=0.7244  gain_vs_zero=0.0011  gain_vs_shuffled=0.0004  gain_vs_target_only=0.0001
step  12050  L=0.1032  src=0.0616  tgt=0.0208  trans=0.0208  gain=-0.0000  |dz|=0.112  6.5 it/s
step  12100  L=0.0921  src=0.0452  tgt=0.0234  trans=0.0234  gain=+0.0000  |dz|=0.069  6.5 it/s
step  12150  L=0.1698  src=0.1002  tgt=0.0348  trans=0.0348  gain=+0.0000  |dz|=0.071  6.5 it/s
step  12200  L=0.4135  src=0.0693  tgt=0.1721  trans=0.1721  gain=+0.0000  |dz|=0.137  6.5 it/s
step  12250  L=0.2442  src=0.1352  tgt=0.0545  trans=0.0545  gain=+0.0000  |dz|=0.118  6.5 it/s
step  12300  L=0.4792  src=0.0944  tgt=0.1924  trans=0.1924  gain=-0.0001  |dz|=0.128  6.5 it/s
step  12350  L=0.0977  src=0.0537  tgt=0.0220  trans=0.0220  gain=-0.0000  |dz|=0.115  6.5 it/s
step  12400  L=0.1309  src=0.0735  tgt=0.0287  trans=0.0287  gain=-0.0000  |dz|=0.115  6.5 it/s
step  12450  L=0.1116  src=0.0416  tgt=0.0351  trans=0.0349  gain=+0.0001  |dz|=0.107  6.5 it/s
step  12500  L=0.1802  src=0.0830  tgt=0.0486  trans=0.0486  gain=+0.0000  |dz|=0.067  6.5 it/s
step  12550  L=0.3553  src=0.0376  tgt=0.1588  trans=0.1588  gain=+0.0000  |dz|=0.125  6.5 it/s
step  12600  L=0.1158  src=0.0575  tgt=0.0291  trans=0.0291  gain=-0.0000  |dz|=0.069  6.5 it/s
step  12650  L=0.1099  src=0.0300  tgt=0.0399  trans=0.0401  gain=-0.0002  |dz|=0.063  6.5 it/s
step  12700  L=0.1507  src=0.0704  tgt=0.0402  trans=0.0401  gain=+0.0000  |dz|=0.064  6.5 it/s
step  12750  L=0.0889  src=0.0452  tgt=0.0219  trans=0.0218  gain=+0.0001  |dz|=0.062  6.5 it/s
step  12800  L=0.0823  src=0.0373  tgt=0.0225  trans=0.0224  gain=+0.0002  |dz|=0.107  6.5 it/s
step  12850  L=0.3633  src=0.0256  tgt=0.1689  trans=0.1688  gain=+0.0000  |dz|=0.122  6.5 it/s
step  12900  L=0.1059  src=0.0549  tgt=0.0255  trans=0.0255  gain=+0.0000  |dz|=0.103  6.5 it/s
step  12950  L=0.1081  src=0.0370  tgt=0.0356  trans=0.0356  gain=+0.0000  |dz|=0.111  6.5 it/s
step  13000  L=0.0950  src=0.0410  tgt=0.0270  trans=0.0270  gain=-0.0000  |dz|=0.063  6.5 it/s
  [diagnostics @ 13000] loss_correct=0.1277  loss_zero=0.1290  loss_shuffled=0.1288  loss_random=0.1293  loss_target_only=0.1277  r_basis=0.0362  |dz_transport|=0.1173  z_s_vs_enc_rel=1.1113  z_spread_rel=0.9347  gain_vs_zero=0.0013  gain_vs_shuffled=0.0011  gain_vs_target_only=0.0000
step  13050  L=0.1083  src=0.0517  tgt=0.0283  trans=0.0283  gain=+0.0000  |dz|=0.067  6.5 it/s
step  13100  L=0.1500  src=0.0836  tgt=0.0332  trans=0.0332  gain=-0.0000  |dz|=0.112  6.5 it/s
step  13150  L=0.3374  src=0.0377  tgt=0.1499  trans=0.1498  gain=+0.0001  |dz|=0.115  6.5 it/s
step  13200  L=0.4129  src=0.0624  tgt=0.1753  trans=0.1752  gain=+0.0001  |dz|=0.113  6.5 it/s
step  13250  L=0.4771  src=0.0569  tgt=0.2102  trans=0.2100  gain=+0.0001  |dz|=0.112  6.5 it/s
step  13300  L=0.4484  src=0.0712  tgt=0.1886  trans=0.1885  gain=+0.0001  |dz|=0.113  6.5 it/s
step  13350  L=0.0902  src=0.0447  tgt=0.0227  trans=0.0228  gain=-0.0001  |dz|=0.101  6.5 it/s
step  13400  L=0.0865  src=0.0513  tgt=0.0176  trans=0.0176  gain=-0.0000  |dz|=0.104  6.5 it/s
step  13450  L=0.0918  src=0.0380  tgt=0.0269  trans=0.0269  gain=+0.0000  |dz|=0.107  6.5 it/s
step  13500  L=0.1812  src=0.0810  tgt=0.0501  trans=0.0501  gain=-0.0000  |dz|=0.067  6.5 it/s
step  13550  L=0.1754  src=0.1034  tgt=0.0360  trans=0.0360  gain=-0.0000  |dz|=0.066  6.5 it/s
step  13600  L=0.0833  src=0.0555  tgt=0.0140  trans=0.0138  gain=+0.0002  |dz|=0.060  6.5 it/s
step  13650  L=0.4677  src=0.0576  tgt=0.2051  trans=0.2051  gain=+0.0000  |dz|=0.104  6.5 it/s
step  13700  L=0.1405  src=0.0780  tgt=0.0313  trans=0.0312  gain=+0.0001  |dz|=0.109  6.5 it/s
step  13750  L=0.3171  src=0.0556  tgt=0.1309  trans=0.1306  gain=+0.0002  |dz|=0.134  6.5 it/s
step  13800  L=0.2738  src=0.0406  tgt=0.1167  trans=0.1166  gain=+0.0001  |dz|=0.132  6.5 it/s
step  13850  L=0.2053  src=0.0660  tgt=0.0696  trans=0.0697  gain=-0.0001  |dz|=0.070  6.5 it/s
step  13900  L=0.1060  src=0.0493  tgt=0.0284  trans=0.0283  gain=+0.0001  |dz|=0.116  6.5 it/s
step  13950  L=0.0976  src=0.0390  tgt=0.0293  trans=0.0293  gain=-0.0000  |dz|=0.068  6.5 it/s
step  14000  L=0.1206  src=0.0658  tgt=0.0275  trans=0.0273  gain=+0.0002  |dz|=0.112  6.5 it/s
  [diagnostics @ 14000] loss_correct=0.1166  loss_zero=0.1178  loss_shuffled=0.1181  loss_random=0.1181  loss_target_only=0.1166  r_basis=0.0344  |dz_transport|=0.1131  z_s_vs_enc_rel=1.2304  z_spread_rel=1.0829  gain_vs_zero=0.0012  gain_vs_shuffled=0.0016  gain_vs_target_only=0.0000
step  14050  L=0.1074  src=0.0753  tgt=0.0160  trans=0.0161  gain=-0.0000  |dz|=0.063  6.5 it/s
step  14100  L=0.1333  src=0.0609  tgt=0.0362  trans=0.0362  gain=-0.0000  |dz|=0.111  6.5 it/s
step  14150  L=0.1247  src=0.0569  tgt=0.0339  trans=0.0339  gain=+0.0000  |dz|=0.061  6.5 it/s
step  14200  L=0.2929  src=0.0370  tgt=0.1280  trans=0.1279  gain=+0.0001  |dz|=0.119  6.4 it/s
step  14250  L=0.1185  src=0.0492  tgt=0.0347  trans=0.0346  gain=+0.0001  |dz|=0.050  6.4 it/s
step  14300  L=0.3348  src=0.0630  tgt=0.1359  trans=0.1359  gain=+0.0000  |dz|=0.115  6.4 it/s
step  14350  L=0.0598  src=0.0349  tgt=0.0124  trans=0.0125  gain=-0.0000  |dz|=0.096  6.4 it/s
step  14400  L=0.2451  src=0.0442  tgt=0.1004  trans=0.1004  gain=+0.0000  |dz|=0.112  6.4 it/s
step  14450  L=0.0891  src=0.0573  tgt=0.0159  trans=0.0159  gain=+0.0000  |dz|=0.057  6.4 it/s
step  14500  L=0.2081  src=0.0318  tgt=0.0881  trans=0.0882  gain=-0.0000  |dz|=0.110  6.4 it/s
step  14550  L=0.0995  src=0.0394  tgt=0.0301  trans=0.0300  gain=+0.0001  |dz|=0.058  6.4 it/s
step  14600  L=0.4020  src=0.0392  tgt=0.1814  trans=0.1814  gain=+0.0000  |dz|=0.110  6.4 it/s
step  14650  L=0.5052  src=0.0504  tgt=0.2274  trans=0.2274  gain=-0.0000  |dz|=0.111  6.4 it/s
step  14700  L=0.0873  src=0.0519  tgt=0.0177  trans=0.0177  gain=+0.0001  |dz|=0.103  6.4 it/s
step  14750  L=0.1272  src=0.0713  tgt=0.0280  trans=0.0279  gain=+0.0000  |dz|=0.106  6.4 it/s
step  14800  L=0.1497  src=0.0564  tgt=0.0467  trans=0.0467  gain=-0.0000  |dz|=0.061  6.4 it/s
step  14850  L=0.0935  src=0.0492  tgt=0.0222  trans=0.0221  gain=+0.0001  |dz|=0.101  6.4 it/s
step  14900  L=0.2959  src=0.0620  tgt=0.1170  trans=0.1170  gain=+0.0000  |dz|=0.108  6.4 it/s
step  14950  L=0.1755  src=0.0890  tgt=0.0433  trans=0.0433  gain=-0.0000  |dz|=0.055  6.4 it/s
step  15000  L=0.0854  src=0.0441  tgt=0.0207  trans=0.0207  gain=+0.0000  |dz|=0.100  6.4 it/s
  [diagnostics @ 15000] loss_correct=0.0508  loss_zero=0.0522  loss_shuffled=0.0517  loss_random=0.0525  loss_target_only=0.0508  r_basis=0.0359  |dz_transport|=0.0848  z_s_vs_enc_rel=1.0726  z_spread_rel=0.8823  gain_vs_zero=0.0014  gain_vs_shuffled=0.0008  gain_vs_target_only=0.0000
step  15050  L=0.1556  src=0.1116  tgt=0.0220  trans=0.0220  gain=+0.0000  |dz|=0.106  6.3 it/s
step  15100  L=0.1173  src=0.0314  tgt=0.0430  trans=0.0429  gain=+0.0001  |dz|=0.105  6.3 it/s
step  15150  L=0.0755  src=0.0304  tgt=0.0226  trans=0.0225  gain=+0.0001  |dz|=0.096  6.3 it/s
step  15200  L=0.0698  src=0.0333  tgt=0.0182  trans=0.0182  gain=+0.0000  |dz|=0.049  6.3 it/s
step  15250  L=0.1220  src=0.0830  tgt=0.0195  trans=0.0195  gain=+0.0000  |dz|=0.054  6.3 it/s
step  15300  L=0.1074  src=0.0563  tgt=0.0256  trans=0.0256  gain=-0.0000  |dz|=0.103  6.3 it/s
step  15350  L=0.0758  src=0.0317  tgt=0.0221  trans=0.0221  gain=+0.0000  |dz|=0.098  6.3 it/s
step  15400  L=0.0842  src=0.0391  tgt=0.0226  trans=0.0224  gain=+0.0002  |dz|=0.054  6.3 it/s
step  15450  L=0.6401  src=0.0650  tgt=0.2876  trans=0.2874  gain=+0.0001  |dz|=0.114  6.3 it/s
step  15500  L=0.1639  src=0.1079  tgt=0.0280  trans=0.0280  gain=+0.0000  |dz|=0.051  6.3 it/s
step  15550  L=0.1012  src=0.0517  tgt=0.0248  trans=0.0247  gain=+0.0001  |dz|=0.104  6.3 it/s
step  15600  L=0.0522  src=0.0291  tgt=0.0115  trans=0.0116  gain=-0.0000  |dz|=0.048  6.3 it/s
step  15650  L=0.5207  src=0.0654  tgt=0.2276  trans=0.2277  gain=-0.0000  |dz|=0.108  6.3 it/s
step  15700  L=0.0810  src=0.0353  tgt=0.0229  trans=0.0228  gain=+0.0000  |dz|=0.097  6.3 it/s
step  15750  L=0.1117  src=0.0446  tgt=0.0335  trans=0.0335  gain=+0.0000  |dz|=0.105  6.3 it/s
step  15800  L=0.3840  src=0.0606  tgt=0.1617  trans=0.1617  gain=+0.0000  |dz|=0.104  6.3 it/s
step  15850  L=0.4181  src=0.0894  tgt=0.1644  trans=0.1643  gain=+0.0000  |dz|=0.101  6.3 it/s
step  15900  L=0.1262  src=0.0747  tgt=0.0258  trans=0.0257  gain=+0.0001  |dz|=0.102  6.3 it/s
step  15950  L=0.0876  src=0.0530  tgt=0.0173  trans=0.0173  gain=+0.0000  |dz|=0.054  6.3 it/s
step  16000  L=0.1148  src=0.0630  tgt=0.0259  trans=0.0259  gain=+0.0000  |dz|=0.054  6.3 it/s
  [diagnostics @ 16000] loss_correct=0.0544  loss_zero=0.0557  loss_shuffled=0.0553  loss_random=0.0561  loss_target_only=0.0546  r_basis=0.0358  |dz_transport|=0.0946  z_s_vs_enc_rel=1.0928  z_spread_rel=0.7932  gain_vs_zero=0.0013  gain_vs_shuffled=0.0008  gain_vs_target_only=0.0001
step  16050  L=0.0975  src=0.0534  tgt=0.0221  trans=0.0221  gain=-0.0000  |dz|=0.097  6.3 it/s
step  16100  L=0.0931  src=0.0455  tgt=0.0238  trans=0.0238  gain=+0.0000  |dz|=0.052  6.3 it/s
step  16150  L=0.3773  src=0.0422  tgt=0.1677  trans=0.1674  gain=+0.0002  |dz|=0.133  6.3 it/s
step  16200  L=0.1056  src=0.0500  tgt=0.0278  trans=0.0278  gain=-0.0000  |dz|=0.058  6.3 it/s
step  16250  L=0.4459  src=0.0514  tgt=0.1973  trans=0.1972  gain=+0.0001  |dz|=0.117  6.3 it/s
step  16300  L=0.1088  src=0.0634  tgt=0.0228  trans=0.0227  gain=+0.0000  |dz|=0.050  6.2 it/s
step  16350  L=0.0912  src=0.0487  tgt=0.0213  trans=0.0212  gain=+0.0001  |dz|=0.051  6.2 it/s
step  16400  L=0.1562  src=0.0816  tgt=0.0373  trans=0.0373  gain=+0.0000  |dz|=0.097  6.2 it/s
step  16450  L=0.0994  src=0.0496  tgt=0.0249  trans=0.0249  gain=+0.0000  |dz|=0.050  6.2 it/s
step  16500  L=0.1461  src=0.0860  tgt=0.0301  trans=0.0300  gain=+0.0001  |dz|=0.101  6.2 it/s
step  16550  L=0.1093  src=0.0444  tgt=0.0325  trans=0.0325  gain=-0.0000  |dz|=0.052  6.2 it/s
step  16600  L=0.3931  src=0.0878  tgt=0.1526  trans=0.1527  gain=-0.0000  |dz|=0.107  6.2 it/s
step  16650  L=0.1217  src=0.0663  tgt=0.0278  trans=0.0277  gain=+0.0001  |dz|=0.100  6.2 it/s
step  16700  L=0.1295  src=0.0672  tgt=0.0311  trans=0.0311  gain=+0.0000  |dz|=0.052  6.2 it/s
step  16750  L=0.4612  src=0.0727  tgt=0.1943  trans=0.1942  gain=+0.0001  |dz|=0.102  6.2 it/s
step  16800  L=0.0768  src=0.0444  tgt=0.0162  trans=0.0162  gain=+0.0000  |dz|=0.098  6.2 it/s
step  16850  L=0.0986  src=0.0371  tgt=0.0308  trans=0.0307  gain=+0.0001  |dz|=0.053  6.2 it/s
step  16900  L=0.4234  src=0.0641  tgt=0.1797  trans=0.1796  gain=+0.0001  |dz|=0.108  6.2 it/s
step  16950  L=0.0981  src=0.0351  tgt=0.0314  trans=0.0315  gain=-0.0001  |dz|=0.098  6.2 it/s
step  17000  L=0.3014  src=0.0453  tgt=0.1281  trans=0.1280  gain=+0.0000  |dz|=0.105  6.2 it/s
  [diagnostics @ 17000] loss_correct=0.0548  loss_zero=0.0559  loss_shuffled=0.0557  loss_random=0.0561  loss_target_only=0.0548  r_basis=0.0323  |dz_transport|=0.0724  z_s_vs_enc_rel=0.9287  z_spread_rel=0.9235  gain_vs_zero=0.0011  gain_vs_shuffled=0.0010  gain_vs_target_only=0.0000
step  17050  L=0.3674  src=0.0550  tgt=0.1563  trans=0.1561  gain=+0.0002  |dz|=0.103  6.2 it/s
step  17100  L=0.1482  src=0.0751  tgt=0.0365  trans=0.0365  gain=+0.0000  |dz|=0.049  6.2 it/s
step  17150  L=0.0730  src=0.0349  tgt=0.0190  trans=0.0191  gain=-0.0001  |dz|=0.047  6.2 it/s
step  17200  L=0.4724  src=0.0507  tgt=0.2109  trans=0.2108  gain=+0.0001  |dz|=0.100  6.2 it/s
step  17250  L=0.0994  src=0.0667  tgt=0.0163  trans=0.0163  gain=+0.0000  |dz|=0.049  6.2 it/s
step  17300  L=0.1004  src=0.0522  tgt=0.0241  trans=0.0241  gain=-0.0000  |dz|=0.093  6.2 it/s
step  17350  L=0.0844  src=0.0396  tgt=0.0224  trans=0.0224  gain=+0.0000  |dz|=0.091  6.2 it/s
step  17400  L=0.1337  src=0.0773  tgt=0.0282  trans=0.0282  gain=-0.0000  |dz|=0.048  6.2 it/s
step  17450  L=0.1467  src=0.0533  tgt=0.0467  trans=0.0467  gain=-0.0000  |dz|=0.051  6.2 it/s
step  17500  L=0.1386  src=0.0674  tgt=0.0356  trans=0.0356  gain=+0.0000  |dz|=0.097  6.2 it/s
step  17550  L=0.1160  src=0.0542  tgt=0.0309  trans=0.0309  gain=+0.0000  |dz|=0.043  6.2 it/s
step  17600  L=0.1318  src=0.0689  tgt=0.0315  trans=0.0315  gain=-0.0000  |dz|=0.094  6.2 it/s
step  17650  L=0.4072  src=0.0699  tgt=0.1687  trans=0.1686  gain=+0.0000  |dz|=0.102  6.2 it/s
step  17700  L=0.1198  src=0.0656  tgt=0.0271  trans=0.0271  gain=+0.0000  |dz|=0.046  6.2 it/s
step  17750  L=0.1016  src=0.0590  tgt=0.0213  trans=0.0213  gain=-0.0000  |dz|=0.046  6.2 it/s
step  17800  L=0.0866  src=0.0551  tgt=0.0158  trans=0.0157  gain=+0.0000  |dz|=0.045  6.2 it/s
step  17850  L=0.0985  src=0.0625  tgt=0.0181  trans=0.0179  gain=+0.0002  |dz|=0.094  6.2 it/s
step  17900  L=0.1016  src=0.0353  tgt=0.0332  trans=0.0331  gain=+0.0001  |dz|=0.046  6.2 it/s
step  17950  L=0.3915  src=0.0769  tgt=0.1573  trans=0.1573  gain=-0.0000  |dz|=0.093  6.2 it/s
step  18000  L=0.4287  src=0.0539  tgt=0.1874  trans=0.1874  gain=+0.0000  |dz|=0.094  6.2 it/s
  [diagnostics @ 18000] loss_correct=0.0511  loss_zero=0.0522  loss_shuffled=0.0519  loss_random=0.0525  loss_target_only=0.0511  r_basis=0.0305  |dz_transport|=0.0800  z_s_vs_enc_rel=1.1974  z_spread_rel=0.9445  gain_vs_zero=0.0010  gain_vs_shuffled=0.0008  gain_vs_target_only=0.0000
step  18050  L=0.3389  src=0.0517  tgt=0.1436  trans=0.1436  gain=+0.0000  |dz|=0.091  6.2 it/s
step  18100  L=0.1334  src=0.0470  tgt=0.0433  trans=0.0431  gain=+0.0002  |dz|=0.042  6.2 it/s
step  18150  L=0.1055  src=0.0349  tgt=0.0353  trans=0.0353  gain=+0.0000  |dz|=0.042  6.2 it/s
step  18200  L=0.2550  src=0.0483  tgt=0.1034  trans=0.1034  gain=-0.0000  |dz|=0.096  6.2 it/s
step  18250  L=0.0936  src=0.0479  tgt=0.0229  trans=0.0228  gain=+0.0001  |dz|=0.088  6.2 it/s
step  18300  L=0.1049  src=0.0788  tgt=0.0130  trans=0.0131  gain=-0.0000  |dz|=0.046  6.2 it/s
step  18350  L=0.4255  src=0.0883  tgt=0.1686  trans=0.1686  gain=+0.0000  |dz|=0.093  6.2 it/s
step  18400  L=0.4049  src=0.0675  tgt=0.1687  trans=0.1687  gain=+0.0000  |dz|=0.094  6.2 it/s
step  18450  L=0.1217  src=0.0739  tgt=0.0240  trans=0.0239  gain=+0.0001  |dz|=0.087  6.2 it/s
step  18500  L=0.1135  src=0.0428  tgt=0.0354  trans=0.0353  gain=+0.0000  |dz|=0.038  6.2 it/s
step  18550  L=0.0984  src=0.0483  tgt=0.0251  trans=0.0250  gain=+0.0000  |dz|=0.089  6.2 it/s
step  18600  L=0.0871  src=0.0486  tgt=0.0193  trans=0.0192  gain=+0.0000  |dz|=0.043  6.2 it/s
step  18650  L=0.2760  src=0.0458  tgt=0.1151  trans=0.1151  gain=-0.0000  |dz|=0.093  6.2 it/s
step  18700  L=0.0747  src=0.0310  tgt=0.0219  trans=0.0219  gain=+0.0000  |dz|=0.083  6.2 it/s
step  18750  L=0.0803  src=0.0384  tgt=0.0210  trans=0.0209  gain=+0.0001  |dz|=0.088  6.2 it/s
step  18800  L=0.1336  src=0.0520  tgt=0.0408  trans=0.0408  gain=+0.0000  |dz|=0.042  6.2 it/s
step  18850  L=0.3980  src=0.0367  tgt=0.1806  trans=0.1806  gain=+0.0000  |dz|=0.095  6.2 it/s
step  18900  L=0.1176  src=0.0401  tgt=0.0388  trans=0.0387  gain=+0.0000  |dz|=0.049  6.2 it/s
step  18950  L=0.4086  src=0.0967  tgt=0.1560  trans=0.1559  gain=+0.0001  |dz|=0.100  6.2 it/s
step  19000  L=0.3382  src=0.0513  tgt=0.1435  trans=0.1434  gain=+0.0000  |dz|=0.098  6.2 it/s
  [diagnostics @ 19000] loss_correct=0.0612  loss_zero=0.0620  loss_shuffled=0.0627  loss_random=0.0622  loss_target_only=0.0612  r_basis=0.0281  |dz_transport|=0.0749  z_s_vs_enc_rel=1.3037  z_spread_rel=1.1659  gain_vs_zero=0.0008  gain_vs_shuffled=0.0016  gain_vs_target_only=0.0000
step  19050  L=0.3321  src=0.0612  tgt=0.1354  trans=0.1354  gain=-0.0000  |dz|=0.097  6.2 it/s
step  19100  L=0.1118  src=0.0583  tgt=0.0267  trans=0.0267  gain=+0.0000  |dz|=0.089  6.2 it/s
step  19150  L=0.1426  src=0.0442  tgt=0.0492  trans=0.0492  gain=-0.0000  |dz|=0.042  6.2 it/s
step  19200  L=0.1132  src=0.0550  tgt=0.0291  trans=0.0291  gain=-0.0000  |dz|=0.044  6.2 it/s
step  19250  L=0.3558  src=0.0487  tgt=0.1536  trans=0.1535  gain=+0.0001  |dz|=0.094  6.2 it/s
step  19300  L=0.1128  src=0.0703  tgt=0.0213  trans=0.0213  gain=+0.0000  |dz|=0.086  6.2 it/s
step  19350  L=0.4384  src=0.0856  tgt=0.1764  trans=0.1764  gain=+0.0000  |dz|=0.095  6.2 it/s
step  19400  L=0.1172  src=0.0668  tgt=0.0252  trans=0.0252  gain=+0.0000  |dz|=0.086  6.2 it/s
step  19450  L=0.4335  src=0.0619  tgt=0.1858  trans=0.1858  gain=+0.0000  |dz|=0.092  6.1 it/s
step  19500  L=0.1540  src=0.0567  tgt=0.0486  trans=0.0486  gain=+0.0000  |dz|=0.044  6.1 it/s
step  19550  L=0.3876  src=0.0488  tgt=0.1695  trans=0.1693  gain=+0.0001  |dz|=0.095  6.1 it/s
step  19600  L=0.1253  src=0.0651  tgt=0.0301  trans=0.0301  gain=+0.0000  |dz|=0.042  6.1 it/s
step  19650  L=0.3768  src=0.0681  tgt=0.1544  trans=0.1544  gain=+0.0000  |dz|=0.098  6.1 it/s
step  19700  L=0.4869  src=0.0589  tgt=0.2141  trans=0.2139  gain=+0.0002  |dz|=0.097  6.1 it/s
step  19750  L=0.2453  src=0.0597  tgt=0.0929  trans=0.0927  gain=+0.0001  |dz|=0.109  6.1 it/s
step  19800  L=0.3097  src=0.0381  tgt=0.1358  trans=0.1358  gain=+0.0000  |dz|=0.105  6.1 it/s
step  19850  L=0.1058  src=0.0404  tgt=0.0327  trans=0.0327  gain=+0.0000  |dz|=0.041  6.1 it/s
step  19900  L=0.1132  src=0.0408  tgt=0.0362  trans=0.0361  gain=+0.0000  |dz|=0.046  6.1 it/s
step  19950  L=0.4498  src=0.0635  tgt=0.1931  trans=0.1932  gain=-0.0000  |dz|=0.097  6.1 it/s
step  20000  L=0.0963  src=0.0585  tgt=0.0189  trans=0.0189  gain=+0.0001  |dz|=0.085  6.1 it/s
  [diagnostics @ 20000] loss_correct=0.0939  loss_zero=0.0948  loss_shuffled=0.0958  loss_random=0.0950  loss_target_only=0.0939  r_basis=0.0282  |dz_transport|=0.0873  z_s_vs_enc_rel=1.5317  z_spread_rel=1.2309  gain_vs_zero=0.0009  gain_vs_shuffled=0.0019  gain_vs_target_only=0.0001
  saved C:\T1D Meta Learning\code\python\meta-diffusion\experiments\linear_transport_replacement_2026-09-24\work\checkpoints\cifar_ds3_step20000.pt
step  20050  L=0.1001  src=0.0574  tgt=0.0214  trans=0.0213  gain=+0.0000  |dz|=0.088  6.1 it/s
step  20100  L=0.0922  src=0.0372  tgt=0.0276  trans=0.0275  gain=+0.0001  |dz|=0.089  6.1 it/s
step  20150  L=0.0915  src=0.0645  tgt=0.0135  trans=0.0135  gain=+0.0001  |dz|=0.041  6.1 it/s
step  20200  L=0.1213  src=0.0767  tgt=0.0223  trans=0.0223  gain=+0.0000  |dz|=0.090  6.1 it/s
step  20250  L=0.3828  src=0.0829  tgt=0.1500  trans=0.1500  gain=+0.0000  |dz|=0.099  6.1 it/s
step  20300  L=0.1545  src=0.0668  tgt=0.0439  trans=0.0438  gain=+0.0001  |dz|=0.046  6.1 it/s
step  20350  L=0.3201  src=0.0412  tgt=0.1395  trans=0.1394  gain=+0.0000  |dz|=0.096  6.1 it/s
step  20400  L=0.0999  src=0.0418  tgt=0.0291  trans=0.0291  gain=-0.0000  |dz|=0.084  6.1 it/s
step  20450  L=0.3320  src=0.0480  tgt=0.1421  trans=0.1419  gain=+0.0002  |dz|=0.096  6.1 it/s
step  20500  L=0.3763  src=0.0448  tgt=0.1657  trans=0.1657  gain=-0.0000  |dz|=0.095  6.1 it/s
step  20550  L=0.3962  src=0.0432  tgt=0.1765  trans=0.1765  gain=+0.0000  |dz|=0.101  6.1 it/s
step  20600  L=0.4204  src=0.0642  tgt=0.1781  trans=0.1781  gain=+0.0000  |dz|=0.101  6.1 it/s
step  20650  L=0.0837  src=0.0371  tgt=0.0234  trans=0.0233  gain=+0.0001  |dz|=0.045  6.1 it/s
step  20700  L=0.1292  src=0.0576  tgt=0.0358  trans=0.0358  gain=-0.0000  |dz|=0.044  6.1 it/s
step  20750  L=0.4491  src=0.0454  tgt=0.2019  trans=0.2019  gain=+0.0000  |dz|=0.094  6.1 it/s
step  20800  L=0.3464  src=0.0673  tgt=0.1397  trans=0.1394  gain=+0.0002  |dz|=0.113  6.1 it/s
step  20850  L=0.1276  src=0.0612  tgt=0.0332  trans=0.0332  gain=-0.0000  |dz|=0.084  6.1 it/s
step  20900  L=0.1352  src=0.0379  tgt=0.0487  trans=0.0487  gain=-0.0000  |dz|=0.044  6.1 it/s
step  20950  L=0.3798  src=0.0604  tgt=0.1597  trans=0.1597  gain=+0.0000  |dz|=0.110  6.1 it/s
step  21000  L=0.3067  src=0.0586  tgt=0.1240  trans=0.1240  gain=+0.0000  |dz|=0.104  6.1 it/s
  [diagnostics @ 21000] loss_correct=0.0870  loss_zero=0.0878  loss_shuffled=0.0897  loss_random=0.0880  loss_target_only=0.0870  r_basis=0.0289  |dz_transport|=0.0710  z_s_vs_enc_rel=1.3347  z_spread_rel=1.2056  gain_vs_zero=0.0008  gain_vs_shuffled=0.0027  gain_vs_target_only=0.0000
step  21050  L=0.1048  src=0.0345  tgt=0.0351  trans=0.0351  gain=+0.0000  |dz|=0.082  6.1 it/s
step  21100  L=0.1273  src=0.0695  tgt=0.0289  trans=0.0290  gain=-0.0001  |dz|=0.084  6.1 it/s
step  21150  L=0.6168  src=0.0615  tgt=0.2776  trans=0.2777  gain=-0.0000  |dz|=0.097  6.1 it/s
step  21200  L=0.0885  src=0.0472  tgt=0.0206  trans=0.0206  gain=+0.0001  |dz|=0.082  6.1 it/s
step  21250  L=0.4764  src=0.0434  tgt=0.2165  trans=0.2165  gain=+0.0000  |dz|=0.095  6.1 it/s
step  21300  L=0.3389  src=0.0437  tgt=0.1476  trans=0.1476  gain=+0.0001  |dz|=0.096  6.1 it/s
step  21350  L=0.1141  src=0.0584  tgt=0.0279  trans=0.0279  gain=+0.0000  |dz|=0.084  6.1 it/s
step  21400  L=0.1095  src=0.0537  tgt=0.0280  trans=0.0279  gain=+0.0001  |dz|=0.083  6.1 it/s
step  21450  L=0.0914  src=0.0520  tgt=0.0197  trans=0.0197  gain=+0.0000  |dz|=0.082  6.1 it/s
step  21500  L=0.0698  src=0.0234  tgt=0.0232  trans=0.0232  gain=-0.0000  |dz|=0.040  6.1 it/s
step  21550  L=0.1559  src=0.0812  tgt=0.0373  trans=0.0373  gain=-0.0000  |dz|=0.086  6.1 it/s
step  21600  L=0.2542  src=0.0757  tgt=0.0893  trans=0.0892  gain=+0.0001  |dz|=0.116  6.1 it/s
step  21650  L=0.1293  src=0.0592  tgt=0.0351  trans=0.0350  gain=+0.0000  |dz|=0.044  6.1 it/s
step  21700  L=0.4286  src=0.0737  tgt=0.1775  trans=0.1774  gain=+0.0001  |dz|=0.110  6.1 it/s
step  21750  L=0.1436  src=0.0873  tgt=0.0282  trans=0.0281  gain=+0.0001  |dz|=0.045  6.1 it/s
step  21800  L=0.1193  src=0.0463  tgt=0.0365  trans=0.0365  gain=+0.0000  |dz|=0.080  6.1 it/s
step  21850  L=0.1587  src=0.0564  tgt=0.0512  trans=0.0512  gain=-0.0000  |dz|=0.041  6.1 it/s
step  21900  L=0.1363  src=0.0748  tgt=0.0307  trans=0.0308  gain=-0.0000  |dz|=0.078  6.1 it/s
step  21950  L=0.1255  src=0.0654  tgt=0.0301  trans=0.0301  gain=-0.0000  |dz|=0.080  6.1 it/s
step  22000  L=0.3317  src=0.0392  tgt=0.1463  trans=0.1462  gain=+0.0001  |dz|=0.100  6.1 it/s
  [diagnostics @ 22000] loss_correct=0.0819  loss_zero=0.0828  loss_shuffled=0.0847  loss_random=0.0831  loss_target_only=0.0819  r_basis=0.0301  |dz_transport|=0.0800  z_s_vs_enc_rel=1.4849  z_spread_rel=1.2597  gain_vs_zero=0.0009  gain_vs_shuffled=0.0029  gain_vs_target_only=0.0000
step  22050  L=0.1087  src=0.0516  tgt=0.0285  trans=0.0285  gain=+0.0000  |dz|=0.085  6.1 it/s
step  22100  L=0.3823  src=0.0571  tgt=0.1626  trans=0.1626  gain=+0.0000  |dz|=0.098  6.1 it/s
step  22150  L=0.3718  src=0.0557  tgt=0.1581  trans=0.1580  gain=+0.0000  |dz|=0.095  6.1 it/s
step  22200  L=0.0601  src=0.0200  tgt=0.0201  trans=0.0200  gain=+0.0001  |dz|=0.075  6.1 it/s
step  22250  L=0.1323  src=0.0569  tgt=0.0376  trans=0.0377  gain=-0.0001  |dz|=0.039  6.1 it/s
step  22300  L=0.1071  src=0.0537  tgt=0.0267  trans=0.0267  gain=+0.0000  |dz|=0.081  6.1 it/s
step  22350  L=0.1056  src=0.0540  tgt=0.0258  trans=0.0258  gain=+0.0000  |dz|=0.082  6.1 it/s
step  22400  L=0.1126  src=0.0512  tgt=0.0307  trans=0.0307  gain=-0.0000  |dz|=0.079  6.1 it/s
step  22450  L=0.0832  src=0.0495  tgt=0.0168  trans=0.0168  gain=-0.0000  |dz|=0.081  6.1 it/s
step  22500  L=0.3776  src=0.0548  tgt=0.1614  trans=0.1614  gain=+0.0000  |dz|=0.100  6.1 it/s
step  22550  L=0.1078  src=0.0401  tgt=0.0339  trans=0.0338  gain=+0.0001  |dz|=0.077  6.1 it/s
step  22600  L=0.1065  src=0.0503  tgt=0.0281  trans=0.0281  gain=+0.0000  |dz|=0.079  6.1 it/s
step  22650  L=0.3645  src=0.0457  tgt=0.1594  trans=0.1594  gain=+0.0001  |dz|=0.099  6.1 it/s
step  22700  L=0.1190  src=0.0582  tgt=0.0304  trans=0.0304  gain=+0.0000  |dz|=0.077  6.1 it/s
step  22750  L=0.1197  src=0.0715  tgt=0.0241  trans=0.0241  gain=-0.0000  |dz|=0.080  6.1 it/s
step  22800  L=0.1043  src=0.0604  tgt=0.0220  trans=0.0219  gain=+0.0000  |dz|=0.074  6.1 it/s
step  22850  L=0.4866  src=0.0524  tgt=0.2171  trans=0.2171  gain=+0.0000  |dz|=0.094  6.1 it/s
step  22900  L=0.4233  src=0.0443  tgt=0.1896  trans=0.1894  gain=+0.0002  |dz|=0.096  6.1 it/s
step  22950  L=0.5713  src=0.0533  tgt=0.2591  trans=0.2590  gain=+0.0000  |dz|=0.095  6.1 it/s
step  23000  L=0.0847  src=0.0409  tgt=0.0220  trans=0.0219  gain=+0.0000  |dz|=0.043  6.1 it/s
  [diagnostics @ 23000] loss_correct=0.0853  loss_zero=0.0865  loss_shuffled=0.0877  loss_random=0.0867  loss_target_only=0.0853  r_basis=0.0313  |dz_transport|=0.0777  z_s_vs_enc_rel=1.5302  z_spread_rel=1.2695  gain_vs_zero=0.0012  gain_vs_shuffled=0.0024  gain_vs_target_only=0.0000
step  23050  L=0.1009  src=0.0436  tgt=0.0287  trans=0.0287  gain=+0.0000  |dz|=0.079  6.1 it/s
step  23100  L=0.1102  src=0.0594  tgt=0.0255  trans=0.0253  gain=+0.0002  |dz|=0.076  6.1 it/s
step  23150  L=0.3260  src=0.0637  tgt=0.1312  trans=0.1310  gain=+0.0001  |dz|=0.124  6.1 it/s
step  23200  L=0.1237  src=0.0671  tgt=0.0283  trans=0.0283  gain=+0.0000  |dz|=0.081  6.1 it/s
step  23250  L=0.1058  src=0.0521  tgt=0.0269  trans=0.0268  gain=+0.0000  |dz|=0.079  6.1 it/s
step  23300  L=0.1032  src=0.0548  tgt=0.0242  trans=0.0241  gain=+0.0001  |dz|=0.042  6.1 it/s
step  23350  L=0.1213  src=0.0682  tgt=0.0265  trans=0.0265  gain=+0.0000  |dz|=0.047  6.1 it/s
step  23400  L=0.3042  src=0.0706  tgt=0.1168  trans=0.1168  gain=-0.0000  |dz|=0.111  6.1 it/s
step  23450  L=0.0906  src=0.0535  tgt=0.0186  trans=0.0185  gain=+0.0000  |dz|=0.081  6.1 it/s
step  23500  L=0.3417  src=0.0486  tgt=0.1465  trans=0.1465  gain=+0.0000  |dz|=0.107  6.1 it/s
step  23550  L=0.3697  src=0.0579  tgt=0.1559  trans=0.1559  gain=+0.0000  |dz|=0.106  6.1 it/s
step  23600  L=0.1264  src=0.0656  tgt=0.0304  trans=0.0304  gain=+0.0000  |dz|=0.046  6.1 it/s
step  23650  L=0.4213  src=0.0554  tgt=0.1830  trans=0.1830  gain=-0.0000  |dz|=0.104  6.1 it/s
step  23700  L=0.3306  src=0.0478  tgt=0.1414  trans=0.1414  gain=+0.0000  |dz|=0.100  6.1 it/s
step  23750  L=0.2183  src=0.0467  tgt=0.0858  trans=0.0858  gain=+0.0000  |dz|=0.099  6.1 it/s
step  23800  L=0.1235  src=0.0320  tgt=0.0458  trans=0.0458  gain=+0.0000  |dz|=0.081  6.1 it/s
step  23850  L=0.0878  src=0.0363  tgt=0.0258  trans=0.0258  gain=-0.0000  |dz|=0.080  6.1 it/s
step  23900  L=0.0945  src=0.0578  tgt=0.0184  trans=0.0184  gain=+0.0000  |dz|=0.043  6.1 it/s
step  23950  L=0.4027  src=0.0385  tgt=0.1821  trans=0.1821  gain=+0.0001  |dz|=0.097  6.1 it/s
step  24000  L=0.3201  src=0.0331  tgt=0.1435  trans=0.1435  gain=+0.0000  |dz|=0.096  6.1 it/s
  [diagnostics @ 24000] loss_correct=0.0752  loss_zero=0.0762  loss_shuffled=0.0774  loss_random=0.0765  loss_target_only=0.0752  r_basis=0.0333  |dz_transport|=0.0771  z_s_vs_enc_rel=1.4524  z_spread_rel=1.1471  gain_vs_zero=0.0010  gain_vs_shuffled=0.0023  gain_vs_target_only=0.0000
step  24050  L=0.5799  src=0.0445  tgt=0.2677  trans=0.2676  gain=+0.0000  |dz|=0.096  6.1 it/s
step  24100  L=0.3853  src=0.0524  tgt=0.1664  trans=0.1664  gain=+0.0000  |dz|=0.095  6.1 it/s
step  24150  L=0.3890  src=0.0733  tgt=0.1578  trans=0.1579  gain=-0.0001  |dz|=0.095  6.1 it/s
step  24200  L=0.3219  src=0.0693  tgt=0.1263  trans=0.1263  gain=+0.0000  |dz|=0.094  6.1 it/s
step  24250  L=0.1250  src=0.0601  tgt=0.0324  trans=0.0324  gain=+0.0000  |dz|=0.040  6.1 it/s
step  24300  L=0.2596  src=0.0400  tgt=0.1098  trans=0.1098  gain=+0.0000  |dz|=0.093  6.1 it/s
step  24350  L=0.3711  src=0.0656  tgt=0.1527  trans=0.1527  gain=-0.0000  |dz|=0.093  6.1 it/s
step  24400  L=0.0985  src=0.0558  tgt=0.0214  trans=0.0214  gain=-0.0000  |dz|=0.083  6.1 it/s
step  24450  L=0.1343  src=0.0502  tgt=0.0421  trans=0.0420  gain=+0.0001  |dz|=0.042  6.1 it/s
step  24500  L=0.1529  src=0.0604  tgt=0.0463  trans=0.0463  gain=+0.0000  |dz|=0.044  6.1 it/s
step  24550  L=0.0726  src=0.0415  tgt=0.0156  trans=0.0156  gain=+0.0000  |dz|=0.077  6.1 it/s
step  24600  L=0.0704  src=0.0380  tgt=0.0162  trans=0.0161  gain=+0.0001  |dz|=0.042  6.1 it/s
step  24650  L=0.3987  src=0.0221  tgt=0.1883  trans=0.1883  gain=+0.0000  |dz|=0.096  6.1 it/s
step  24700  L=0.3465  src=0.0545  tgt=0.1460  trans=0.1460  gain=-0.0000  |dz|=0.099  6.1 it/s
step  24750  L=0.0770  src=0.0340  tgt=0.0215  trans=0.0215  gain=+0.0000  |dz|=0.082  6.1 it/s
step  24800  L=0.5254  src=0.0375  tgt=0.2440  trans=0.2439  gain=+0.0001  |dz|=0.096  6.1 it/s
step  24850  L=0.2211  src=0.0685  tgt=0.0763  trans=0.0763  gain=-0.0000  |dz|=0.045  6.1 it/s
step  24900  L=0.1237  src=0.0746  tgt=0.0246  trans=0.0246  gain=+0.0001  |dz|=0.084  6.1 it/s
step  24950  L=0.1118  src=0.0574  tgt=0.0272  trans=0.0271  gain=+0.0001  |dz|=0.079  6.1 it/s
step  25000  L=0.3340  src=0.0726  tgt=0.1307  trans=0.1307  gain=+0.0000  |dz|=0.096  6.1 it/s
  [diagnostics @ 25000] loss_correct=0.0551  loss_zero=0.0562  loss_shuffled=0.0566  loss_random=0.0564  loss_target_only=0.0552  r_basis=0.0298  |dz_transport|=0.0702  z_s_vs_enc_rel=1.3507  z_spread_rel=1.1554  gain_vs_zero=0.0011  gain_vs_shuffled=0.0015  gain_vs_target_only=0.0000
step  25050  L=0.2796  src=0.0489  tgt=0.1153  trans=0.1153  gain=+0.0000  |dz|=0.095  6.1 it/s
step  25100  L=0.1349  src=0.0549  tgt=0.0400  trans=0.0400  gain=+0.0000  |dz|=0.043  6.1 it/s
step  25150  L=0.0976  src=0.0360  tgt=0.0308  trans=0.0308  gain=+0.0000  |dz|=0.041  6.1 it/s
step  25200  L=0.0949  src=0.0449  tgt=0.0250  trans=0.0250  gain=+0.0000  |dz|=0.082  6.1 it/s
step  25250  L=0.1133  src=0.0775  tgt=0.0179  trans=0.0179  gain=+0.0000  |dz|=0.039  6.1 it/s
step  25300  L=0.0955  src=0.0444  tgt=0.0255  trans=0.0256  gain=-0.0000  |dz|=0.078  6.1 it/s
step  25350  L=0.1299  src=0.0709  tgt=0.0295  trans=0.0295  gain=+0.0000  |dz|=0.081  6.1 it/s
step  25400  L=0.3514  src=0.0360  tgt=0.1578  trans=0.1576  gain=+0.0001  |dz|=0.095  6.1 it/s
step  25450  L=0.0689  src=0.0356  tgt=0.0166  trans=0.0166  gain=+0.0000  |dz|=0.044  6.1 it/s
step  25500  L=0.0687  src=0.0272  tgt=0.0207  trans=0.0207  gain=+0.0000  |dz|=0.074  6.1 it/s
step  25550  L=0.4234  src=0.0744  tgt=0.1745  trans=0.1745  gain=+0.0000  |dz|=0.095  6.1 it/s
step  25600  L=0.1243  src=0.0685  tgt=0.0279  trans=0.0279  gain=+0.0001  |dz|=0.079  6.1 it/s
step  25650  L=0.1457  src=0.0534  tgt=0.0461  trans=0.0462  gain=-0.0000  |dz|=0.043  6.1 it/s
step  25700  L=0.5296  src=0.0801  tgt=0.2248  trans=0.2248  gain=+0.0000  |dz|=0.095  6.1 it/s
step  25750  L=0.4272  src=0.0482  tgt=0.1895  trans=0.1895  gain=-0.0000  |dz|=0.096  6.1 it/s
step  25800  L=0.1624  src=0.0566  tgt=0.0529  trans=0.0529  gain=+0.0000  |dz|=0.045  6.1 it/s
step  25850  L=0.1373  src=0.0603  tgt=0.0385  trans=0.0385  gain=-0.0000  |dz|=0.044  6.1 it/s
step  25900  L=0.2874  src=0.0509  tgt=0.1183  trans=0.1183  gain=-0.0000  |dz|=0.103  6.1 it/s
step  25950  L=0.1058  src=0.0536  tgt=0.0262  trans=0.0260  gain=+0.0001  |dz|=0.078  6.1 it/s
step  26000  L=0.1070  src=0.0371  tgt=0.0350  trans=0.0349  gain=+0.0000  |dz|=0.044  6.1 it/s
  [diagnostics @ 26000] loss_correct=0.0880  loss_zero=0.0890  loss_shuffled=0.0894  loss_random=0.0892  loss_target_only=0.0880  r_basis=0.0282  |dz_transport|=0.0793  z_s_vs_enc_rel=1.5350  z_spread_rel=1.2922  gain_vs_zero=0.0010  gain_vs_shuffled=0.0014  gain_vs_target_only=0.0000
step  26050  L=0.0766  src=0.0384  tgt=0.0191  trans=0.0191  gain=+0.0000  |dz|=0.077  6.1 it/s
step  26100  L=0.4086  src=0.0643  tgt=0.1721  trans=0.1721  gain=+0.0000  |dz|=0.099  6.1 it/s
step  26150  L=0.1006  src=0.0433  tgt=0.0287  trans=0.0286  gain=+0.0000  |dz|=0.080  6.1 it/s
step  26200  L=0.0788  src=0.0347  tgt=0.0220  trans=0.0220  gain=+0.0000  |dz|=0.078  6.1 it/s
step  26250  L=0.4054  src=0.0245  tgt=0.1905  trans=0.1904  gain=+0.0001  |dz|=0.096  6.1 it/s
step  26300  L=0.3220  src=0.0484  tgt=0.1368  trans=0.1368  gain=-0.0000  |dz|=0.096  6.1 it/s
step  26350  L=0.1187  src=0.0472  tgt=0.0358  trans=0.0357  gain=+0.0000  |dz|=0.080  6.1 it/s
step  26400  L=0.1034  src=0.0564  tgt=0.0236  trans=0.0234  gain=+0.0001  |dz|=0.077  6.1 it/s
step  26450  L=0.0723  src=0.0356  tgt=0.0183  trans=0.0184  gain=-0.0000  |dz|=0.077  6.1 it/s
step  26500  L=0.1011  src=0.0362  tgt=0.0324  trans=0.0324  gain=-0.0000  |dz|=0.043  6.1 it/s
step  26550  L=0.1011  src=0.0447  tgt=0.0282  trans=0.0282  gain=+0.0000  |dz|=0.042  6.1 it/s
step  26600  L=0.4530  src=0.0687  tgt=0.1922  trans=0.1921  gain=+0.0000  |dz|=0.108  6.1 it/s
step  26650  L=0.1066  src=0.0576  tgt=0.0245  trans=0.0245  gain=+0.0000  |dz|=0.043  6.1 it/s
step  26700  L=0.1664  src=0.0669  tgt=0.0497  trans=0.0498  gain=-0.0000  |dz|=0.043  6.2 it/s
step  26750  L=0.1292  src=0.0746  tgt=0.0273  trans=0.0273  gain=+0.0000  |dz|=0.041  6.2 it/s
step  26800  L=0.3776  src=0.0325  tgt=0.1726  trans=0.1725  gain=+0.0001  |dz|=0.102  6.2 it/s
step  26850  L=0.3979  src=0.0637  tgt=0.1671  trans=0.1671  gain=+0.0000  |dz|=0.098  6.2 it/s
step  26900  L=0.0845  src=0.0457  tgt=0.0194  trans=0.0194  gain=+0.0000  |dz|=0.076  6.2 it/s
step  26950  L=0.4796  src=0.0607  tgt=0.2094  trans=0.2094  gain=-0.0000  |dz|=0.101  6.2 it/s
step  27000  L=0.1001  src=0.0536  tgt=0.0232  trans=0.0232  gain=+0.0000  |dz|=0.043  6.2 it/s
  [diagnostics @ 27000] loss_correct=0.1182  loss_zero=0.1195  loss_shuffled=0.1205  loss_random=0.1197  loss_target_only=0.1183  r_basis=0.0379  |dz_transport|=0.0797  z_s_vs_enc_rel=1.5708  z_spread_rel=1.3218  gain_vs_zero=0.0012  gain_vs_shuffled=0.0022  gain_vs_target_only=0.0000
step  27050  L=0.2039  src=0.0591  tgt=0.0724  trans=0.0724  gain=+0.0000  |dz|=0.101  6.2 it/s
step  27100  L=0.3477  src=0.0552  tgt=0.1462  trans=0.1462  gain=-0.0000  |dz|=0.099  6.2 it/s
step  27150  L=0.1321  src=0.0723  tgt=0.0299  trans=0.0299  gain=+0.0000  |dz|=0.082  6.2 it/s
step  27200  L=0.1219  src=0.0802  tgt=0.0209  trans=0.0209  gain=+0.0000  |dz|=0.079  6.2 it/s
step  27250  L=0.0956  src=0.0616  tgt=0.0170  trans=0.0170  gain=+0.0000  |dz|=0.077  6.2 it/s
step  27300  L=0.0773  src=0.0354  tgt=0.0209  trans=0.0210  gain=-0.0000  |dz|=0.041  6.2 it/s
step  27350  L=0.0635  src=0.0293  tgt=0.0171  trans=0.0171  gain=+0.0000  |dz|=0.041  6.2 it/s
step  27400  L=0.1395  src=0.0459  tgt=0.0468  trans=0.0468  gain=-0.0000  |dz|=0.078  6.2 it/s
step  27450  L=0.1003  src=0.0543  tgt=0.0230  trans=0.0230  gain=+0.0000  |dz|=0.080  6.2 it/s
step  27500  L=0.3007  src=0.0462  tgt=0.1273  trans=0.1272  gain=+0.0001  |dz|=0.093  6.2 it/s
step  27550  L=0.1688  src=0.1175  tgt=0.0257  trans=0.0257  gain=+0.0000  |dz|=0.080  6.2 it/s
step  27600  L=0.0796  src=0.0475  tgt=0.0161  trans=0.0160  gain=+0.0001  |dz|=0.078  6.3 it/s
step  27650  L=0.1251  src=0.0557  tgt=0.0347  trans=0.0346  gain=+0.0000  |dz|=0.045  6.3 it/s
step  27700  L=0.1465  src=0.0544  tgt=0.0461  trans=0.0461  gain=+0.0000  |dz|=0.045  6.3 it/s
step  27750  L=0.1045  src=0.0420  tgt=0.0313  trans=0.0312  gain=+0.0000  |dz|=0.042  6.3 it/s
step  27800  L=0.0703  src=0.0305  tgt=0.0199  trans=0.0199  gain=+0.0000  |dz|=0.042  6.3 it/s
step  27850  L=0.0929  src=0.0354  tgt=0.0288  trans=0.0288  gain=+0.0000  |dz|=0.043  6.3 it/s
step  27900  L=0.1197  src=0.0620  tgt=0.0288  trans=0.0288  gain=+0.0001  |dz|=0.080  6.3 it/s
step  27950  L=0.1594  src=0.0429  tgt=0.0582  trans=0.0582  gain=+0.0000  |dz|=0.043  6.3 it/s
step  28000  L=0.0883  src=0.0543  tgt=0.0170  trans=0.0170  gain=+0.0000  |dz|=0.077  6.3 it/s
  [diagnostics @ 28000] loss_correct=0.1028  loss_zero=0.1038  loss_shuffled=0.1056  loss_random=0.1041  loss_target_only=0.1029  r_basis=0.0289  |dz_transport|=0.0765  z_s_vs_enc_rel=1.4437  z_spread_rel=1.1251  gain_vs_zero=0.0010  gain_vs_shuffled=0.0028  gain_vs_target_only=0.0000
step  28050  L=0.1048  src=0.0584  tgt=0.0232  trans=0.0232  gain=+0.0000  |dz|=0.042  6.3 it/s
step  28100  L=0.1597  src=0.0713  tgt=0.0442  trans=0.0442  gain=+0.0000  |dz|=0.045  6.3 it/s
step  28150  L=0.1182  src=0.0749  tgt=0.0217  trans=0.0217  gain=+0.0000  |dz|=0.078  6.3 it/s
step  28200  L=0.0932  src=0.0508  tgt=0.0212  trans=0.0212  gain=+0.0000  |dz|=0.081  6.3 it/s
step  28250  L=0.5107  src=0.0769  tgt=0.2171  trans=0.2167  gain=+0.0004  |dz|=0.102  6.3 it/s
step  28300  L=0.4151  src=0.0437  tgt=0.1857  trans=0.1857  gain=+0.0000  |dz|=0.107  6.3 it/s
step  28350  L=0.4508  src=0.0584  tgt=0.1963  trans=0.1961  gain=+0.0001  |dz|=0.104  6.3 it/s
step  28400  L=0.5473  src=0.0580  tgt=0.2447  trans=0.2446  gain=+0.0001  |dz|=0.099  6.3 it/s
step  28450  L=0.3410  src=0.0645  tgt=0.1382  trans=0.1383  gain=-0.0000  |dz|=0.097  6.3 it/s
step  28500  L=0.1243  src=0.0628  tgt=0.0308  trans=0.0307  gain=+0.0001  |dz|=0.045  6.3 it/s
step  28550  L=0.1706  src=0.0836  tgt=0.0435  trans=0.0435  gain=+0.0000  |dz|=0.045  6.3 it/s
step  28600  L=0.4409  src=0.0765  tgt=0.1822  trans=0.1822  gain=-0.0000  |dz|=0.097  6.4 it/s
step  28650  L=0.4337  src=0.0436  tgt=0.1951  trans=0.1950  gain=+0.0000  |dz|=0.097  6.4 it/s
step  28700  L=0.0838  src=0.0428  tgt=0.0205  trans=0.0205  gain=-0.0000  |dz|=0.040  6.4 it/s
step  28750  L=0.0920  src=0.0591  tgt=0.0165  trans=0.0165  gain=+0.0000  |dz|=0.079  6.4 it/s
step  28800  L=0.2788  src=0.0224  tgt=0.1282  trans=0.1282  gain=+0.0000  |dz|=0.096  6.4 it/s
step  28850  L=0.1040  src=0.0601  tgt=0.0220  trans=0.0219  gain=+0.0000  |dz|=0.077  6.4 it/s
step  28900  L=0.0866  src=0.0372  tgt=0.0247  trans=0.0247  gain=+0.0001  |dz|=0.074  6.4 it/s
step  28950  L=0.4824  src=0.0479  tgt=0.2173  trans=0.2172  gain=+0.0002  |dz|=0.096  6.4 it/s
step  29000  L=0.4189  src=0.0703  tgt=0.1744  trans=0.1743  gain=+0.0001  |dz|=0.094  6.4 it/s
  [diagnostics @ 29000] loss_correct=0.0620  loss_zero=0.0631  loss_shuffled=0.0634  loss_random=0.0633  loss_target_only=0.0620  r_basis=0.0304  |dz_transport|=0.0745  z_s_vs_enc_rel=1.4729  z_spread_rel=1.1590  gain_vs_zero=0.0011  gain_vs_shuffled=0.0014  gain_vs_target_only=0.0000
step  29050  L=0.0829  src=0.0454  tgt=0.0187  trans=0.0188  gain=-0.0001  |dz|=0.044  6.4 it/s
step  29100  L=0.1078  src=0.0658  tgt=0.0210  trans=0.0209  gain=+0.0000  |dz|=0.042  6.4 it/s
step  29150  L=0.1133  src=0.0579  tgt=0.0277  trans=0.0277  gain=+0.0001  |dz|=0.078  6.4 it/s
step  29200  L=0.1605  src=0.0828  tgt=0.0388  trans=0.0388  gain=-0.0000  |dz|=0.040  6.4 it/s
step  29250  L=0.0723  src=0.0421  tgt=0.0151  trans=0.0151  gain=+0.0000  |dz|=0.042  6.4 it/s
step  29300  L=0.1046  src=0.0556  tgt=0.0245  trans=0.0245  gain=+0.0000  |dz|=0.077  6.4 it/s
step  29350  L=0.3327  src=0.0621  tgt=0.1353  trans=0.1353  gain=+0.0000  |dz|=0.095  6.4 it/s
step  29400  L=0.4846  src=0.0462  tgt=0.2192  trans=0.2193  gain=-0.0001  |dz|=0.098  6.4 it/s
step  29450  L=0.1224  src=0.0693  tgt=0.0266  trans=0.0266  gain=+0.0000  |dz|=0.076  6.4 it/s
step  29500  L=0.0805  src=0.0470  tgt=0.0168  trans=0.0167  gain=+0.0001  |dz|=0.077  6.4 it/s
step  29550  L=0.4051  src=0.0512  tgt=0.1770  trans=0.1770  gain=-0.0000  |dz|=0.103  6.4 it/s
step  29600  L=0.0682  src=0.0274  tgt=0.0204  trans=0.0204  gain=-0.0000  |dz|=0.044  6.5 it/s
step  29650  L=0.1722  src=0.0845  tgt=0.0438  trans=0.0438  gain=+0.0000  |dz|=0.081  6.5 it/s
step  29700  L=0.3121  src=0.0767  tgt=0.1177  trans=0.1177  gain=+0.0000  |dz|=0.102  6.5 it/s
step  29750  L=0.1667  src=0.0945  tgt=0.0361  trans=0.0361  gain=+0.0000  |dz|=0.079  6.5 it/s
step  29800  L=0.2309  src=0.0350  tgt=0.0980  trans=0.0980  gain=-0.0000  |dz|=0.104  6.5 it/s
step  29850  L=0.1022  src=0.0662  tgt=0.0180  trans=0.0180  gain=+0.0000  |dz|=0.043  6.5 it/s
step  29900  L=0.3289  src=0.0412  tgt=0.1438  trans=0.1438  gain=+0.0000  |dz|=0.102  6.5 it/s
step  29950  L=0.1116  src=0.0601  tgt=0.0257  trans=0.0257  gain=+0.0001  |dz|=0.042  6.5 it/s
step  30000  L=0.0824  src=0.0270  tgt=0.0277  trans=0.0277  gain=+0.0001  |dz|=0.045  6.5 it/s
  [diagnostics @ 30000] loss_correct=0.0977  loss_zero=0.0992  loss_shuffled=0.1016  loss_random=0.0997  loss_target_only=0.0977  r_basis=0.0359  |dz_transport|=0.0919  z_s_vs_enc_rel=1.8041  z_spread_rel=1.1363  gain_vs_zero=0.0015  gain_vs_shuffled=0.0039  gain_vs_target_only=0.0000
  saved C:\T1D Meta Learning\code\python\meta-diffusion\experiments\linear_transport_replacement_2026-09-24\work\checkpoints\cifar_ds3_step30000.pt
step  30050  L=0.1373  src=0.0630  tgt=0.0372  trans=0.0372  gain=+0.0000  |dz|=0.043  6.5 it/s
step  30100  L=0.0743  src=0.0321  tgt=0.0211  trans=0.0211  gain=-0.0000  |dz|=0.080  6.5 it/s
step  30150  L=0.4151  src=0.0413  tgt=0.1870  trans=0.1869  gain=+0.0001  |dz|=0.097  6.5 it/s
step  30200  L=0.1227  src=0.0614  tgt=0.0306  trans=0.0307  gain=-0.0000  |dz|=0.046  6.5 it/s
step  30250  L=0.1593  src=0.0725  tgt=0.0434  trans=0.0434  gain=+0.0000  |dz|=0.043  6.5 it/s
step  30300  L=0.1347  src=0.0521  tgt=0.0413  trans=0.0412  gain=+0.0000  |dz|=0.042  6.5 it/s
step  30350  L=0.1003  src=0.0681  tgt=0.0161  trans=0.0161  gain=+0.0000  |dz|=0.077  6.5 it/s
step  30400  L=0.1346  src=0.0556  tgt=0.0396  trans=0.0395  gain=+0.0001  |dz|=0.042  6.5 it/s
step  30450  L=0.0773  src=0.0440  tgt=0.0167  trans=0.0167  gain=+0.0000  |dz|=0.075  6.5 it/s
step  30500  L=0.3023  src=0.0458  tgt=0.1283  trans=0.1283  gain=+0.0000  |dz|=0.101  6.5 it/s
step  30550  L=0.2898  src=0.0395  tgt=0.1251  trans=0.1251  gain=+0.0000  |dz|=0.101  6.5 it/s
step  30600  L=0.0921  src=0.0616  tgt=0.0152  trans=0.0152  gain=-0.0000  |dz|=0.079  6.5 it/s
step  30650  L=0.0907  src=0.0548  tgt=0.0179  trans=0.0179  gain=-0.0000  |dz|=0.078  6.6 it/s
step  30700  L=0.1407  src=0.0639  tgt=0.0384  trans=0.0384  gain=-0.0000  |dz|=0.046  6.6 it/s
step  30750  L=0.0653  src=0.0357  tgt=0.0148  trans=0.0147  gain=+0.0001  |dz|=0.077  6.6 it/s
step  30800  L=0.2807  src=0.0998  tgt=0.0905  trans=0.0904  gain=+0.0000  |dz|=0.098  6.6 it/s
step  30850  L=0.0977  src=0.0557  tgt=0.0210  trans=0.0210  gain=-0.0000  |dz|=0.042  6.6 it/s
step  30900  L=0.0972  src=0.0481  tgt=0.0245  trans=0.0245  gain=+0.0000  |dz|=0.077  6.6 it/s
step  30950  L=0.1124  src=0.0545  tgt=0.0290  trans=0.0289  gain=+0.0000  |dz|=0.077  6.6 it/s
step  31000  L=0.1163  src=0.0617  tgt=0.0274  trans=0.0273  gain=+0.0001  |dz|=0.042  6.6 it/s
  [diagnostics @ 31000] loss_correct=0.1015  loss_zero=0.1026  loss_shuffled=0.1038  loss_random=0.1030  loss_target_only=0.1015  r_basis=0.0325  |dz_transport|=0.0797  z_s_vs_enc_rel=1.5437  z_spread_rel=1.3195  gain_vs_zero=0.0012  gain_vs_shuffled=0.0023  gain_vs_target_only=0.0000
step  31050  L=0.0577  src=0.0279  tgt=0.0149  trans=0.0149  gain=+0.0000  |dz|=0.071  6.6 it/s
step  31100  L=0.1217  src=0.0752  tgt=0.0232  trans=0.0232  gain=+0.0000  |dz|=0.078  6.6 it/s
step  31150  L=0.1069  src=0.0332  tgt=0.0368  trans=0.0368  gain=+0.0000  |dz|=0.076  6.6 it/s
step  31200  L=0.2354  src=0.0556  tgt=0.0899  trans=0.0900  gain=-0.0001  |dz|=0.094  6.6 it/s
step  31250  L=0.1477  src=0.0686  tgt=0.0395  trans=0.0395  gain=+0.0000  |dz|=0.043  6.6 it/s
step  31300  L=0.1223  src=0.0505  tgt=0.0359  trans=0.0359  gain=+0.0001  |dz|=0.044  6.6 it/s
step  31350  L=0.5239  src=0.0899  tgt=0.2170  trans=0.2170  gain=+0.0000  |dz|=0.094  6.6 it/s
step  31400  L=0.1894  src=0.0524  tgt=0.0685  trans=0.0685  gain=-0.0000  |dz|=0.047  6.6 it/s
step  31450  L=0.0993  src=0.0700  tgt=0.0147  trans=0.0146  gain=+0.0000  |dz|=0.079  6.6 it/s
step  31500  L=0.0845  src=0.0326  tgt=0.0259  trans=0.0259  gain=-0.0000  |dz|=0.080  6.6 it/s
step  31550  L=0.2418  src=0.0723  tgt=0.0848  trans=0.0847  gain=+0.0000  |dz|=0.042  6.6 it/s
step  31600  L=0.0756  src=0.0334  tgt=0.0211  trans=0.0211  gain=-0.0001  |dz|=0.077  6.6 it/s
step  31650  L=0.0829  src=0.0432  tgt=0.0199  trans=0.0198  gain=+0.0000  |dz|=0.076  6.6 it/s
step  31700  L=0.0639  src=0.0373  tgt=0.0133  trans=0.0133  gain=+0.0000  |dz|=0.038  6.7 it/s
step  31750  L=0.1063  src=0.0485  tgt=0.0289  trans=0.0289  gain=-0.0000  |dz|=0.045  6.7 it/s
step  31800  L=0.1140  src=0.0539  tgt=0.0301  trans=0.0300  gain=+0.0001  |dz|=0.081  6.7 it/s
step  31850  L=0.1122  src=0.0637  tgt=0.0243  trans=0.0242  gain=+0.0000  |dz|=0.041  6.7 it/s
step  31900  L=0.0973  src=0.0547  tgt=0.0213  trans=0.0213  gain=-0.0000  |dz|=0.078  6.7 it/s
step  31950  L=0.0865  src=0.0393  tgt=0.0236  trans=0.0236  gain=+0.0000  |dz|=0.078  6.7 it/s
step  32000  L=0.0734  src=0.0339  tgt=0.0198  trans=0.0197  gain=+0.0000  |dz|=0.077  6.7 it/s
  [diagnostics @ 32000] loss_correct=0.0786  loss_zero=0.0794  loss_shuffled=0.0805  loss_random=0.0797  loss_target_only=0.0786  r_basis=0.0322  |dz_transport|=0.0764  z_s_vs_enc_rel=1.5110  z_spread_rel=1.2844  gain_vs_zero=0.0009  gain_vs_shuffled=0.0019  gain_vs_target_only=0.0000
step  32050  L=0.1072  src=0.0436  tgt=0.0318  trans=0.0318  gain=+0.0000  |dz|=0.076  6.7 it/s
step  32100  L=0.3602  src=0.0398  tgt=0.1602  trans=0.1602  gain=+0.0000  |dz|=0.093  6.7 it/s
step  32150  L=0.0968  src=0.0472  tgt=0.0248  trans=0.0248  gain=-0.0000  |dz|=0.046  6.7 it/s
step  32200  L=0.4219  src=0.0629  tgt=0.1795  trans=0.1794  gain=+0.0001  |dz|=0.099  6.7 it/s
step  32250  L=0.1313  src=0.0702  tgt=0.0306  trans=0.0305  gain=+0.0000  |dz|=0.041  6.7 it/s
step  32300  L=0.3119  src=0.0425  tgt=0.1347  trans=0.1347  gain=+0.0000  |dz|=0.097  6.7 it/s
step  32350  L=0.1269  src=0.0687  tgt=0.0291  trans=0.0291  gain=+0.0000  |dz|=0.042  6.7 it/s
step  32400  L=0.3813  src=0.0483  tgt=0.1665  trans=0.1665  gain=+0.0000  |dz|=0.097  6.7 it/s
step  32450  L=0.1267  src=0.0591  tgt=0.0338  trans=0.0338  gain=+0.0000  |dz|=0.039  6.7 it/s
step  32500  L=0.0895  src=0.0470  tgt=0.0212  trans=0.0213  gain=-0.0000  |dz|=0.076  6.7 it/s
step  32550  L=0.4802  src=0.0395  tgt=0.2204  trans=0.2204  gain=+0.0000  |dz|=0.095  6.7 it/s
step  32600  L=0.0810  src=0.0420  tgt=0.0195  trans=0.0195  gain=+0.0000  |dz|=0.042  6.7 it/s
step  32650  L=0.1001  src=0.0345  tgt=0.0328  trans=0.0328  gain=+0.0000  |dz|=0.077  6.7 it/s
step  32700  L=0.1209  src=0.0596  tgt=0.0306  trans=0.0307  gain=-0.0000  |dz|=0.046  6.7 it/s
step  32750  L=0.4189  src=0.0622  tgt=0.1783  trans=0.1783  gain=-0.0000  |dz|=0.093  6.7 it/s
step  32800  L=0.1746  src=0.0942  tgt=0.0402  trans=0.0402  gain=+0.0000  |dz|=0.048  6.7 it/s
step  32850  L=0.2243  src=0.0231  tgt=0.1006  trans=0.1005  gain=+0.0001  |dz|=0.096  6.8 it/s
step  32900  L=0.2937  src=0.0972  tgt=0.0983  trans=0.0983  gain=-0.0000  |dz|=0.097  6.8 it/s
step  32950  L=0.1397  src=0.0472  tgt=0.0463  trans=0.0463  gain=+0.0000  |dz|=0.045  6.8 it/s
step  33000  L=0.0974  src=0.0377  tgt=0.0299  trans=0.0299  gain=+0.0000  |dz|=0.042  6.8 it/s
  [diagnostics @ 33000] loss_correct=0.0612  loss_zero=0.0621  loss_shuffled=0.0638  loss_random=0.0623  loss_target_only=0.0612  r_basis=0.0303  |dz_transport|=0.0654  z_s_vs_enc_rel=1.1985  z_spread_rel=1.2203  gain_vs_zero=0.0009  gain_vs_shuffled=0.0026  gain_vs_target_only=0.0000
step  33050  L=0.1321  src=0.0804  tgt=0.0258  trans=0.0259  gain=-0.0000  |dz|=0.080  6.8 it/s
step  33100  L=0.3595  src=0.0289  tgt=0.1653  trans=0.1653  gain=-0.0000  |dz|=0.097  6.8 it/s
step  33150  L=0.1042  src=0.0557  tgt=0.0242  trans=0.0242  gain=-0.0000  |dz|=0.079  6.8 it/s
step  33200  L=0.1147  src=0.0611  tgt=0.0268  trans=0.0268  gain=+0.0000  |dz|=0.079  6.8 it/s
step  33250  L=0.0853  src=0.0323  tgt=0.0265  trans=0.0265  gain=+0.0000  |dz|=0.077  6.8 it/s
step  33300  L=0.4194  src=0.0577  tgt=0.1809  trans=0.1808  gain=+0.0000  |dz|=0.096  6.8 it/s
step  33350  L=0.4173  src=0.0817  tgt=0.1678  trans=0.1678  gain=+0.0000  |dz|=0.096  6.8 it/s
step  33400  L=0.1120  src=0.0555  tgt=0.0283  trans=0.0283  gain=-0.0000  |dz|=0.078  6.8 it/s
step  33450  L=0.4085  src=0.0485  tgt=0.1800  trans=0.1800  gain=+0.0001  |dz|=0.095  6.8 it/s
step  33500  L=0.5011  src=0.0537  tgt=0.2237  trans=0.2237  gain=-0.0000  |dz|=0.098  6.8 it/s
step  33550  L=0.0762  src=0.0265  tgt=0.0249  trans=0.0249  gain=+0.0000  |dz|=0.078  6.8 it/s
step  33600  L=0.3078  src=0.0452  tgt=0.1313  trans=0.1313  gain=+0.0000  |dz|=0.096  6.8 it/s
step  33650  L=0.3661  src=0.0410  tgt=0.1626  trans=0.1625  gain=+0.0000  |dz|=0.096  6.8 it/s
step  33700  L=0.1215  src=0.0607  tgt=0.0304  trans=0.0304  gain=-0.0000  |dz|=0.079  6.8 it/s
step  33750  L=0.1629  src=0.0520  tgt=0.0555  trans=0.0555  gain=+0.0000  |dz|=0.045  6.8 it/s
step  33800  L=0.0864  src=0.0471  tgt=0.0196  trans=0.0197  gain=-0.0000  |dz|=0.043  6.8 it/s
step  33850  L=0.4809  src=0.0393  tgt=0.2208  trans=0.2208  gain=-0.0001  |dz|=0.119  6.8 it/s
step  33900  L=0.3901  src=0.0764  tgt=0.1568  trans=0.1569  gain=-0.0000  |dz|=0.115  6.8 it/s
step  33950  L=0.0591  src=0.0226  tgt=0.0183  trans=0.0183  gain=+0.0000  |dz|=0.073  6.8 it/s
step  34000  L=0.3007  src=0.0249  tgt=0.1379  trans=0.1379  gain=+0.0001  |dz|=0.108  6.9 it/s
  [diagnostics @ 34000] loss_correct=0.0969  loss_zero=0.0983  loss_shuffled=0.1011  loss_random=0.0988  loss_target_only=0.0969  r_basis=0.0361  |dz_transport|=0.0837  z_s_vs_enc_rel=1.5969  z_spread_rel=1.2625  gain_vs_zero=0.0014  gain_vs_shuffled=0.0043  gain_vs_target_only=0.0000
step  34050  L=0.4051  src=0.0505  tgt=0.1773  trans=0.1773  gain=+0.0000  |dz|=0.106  6.9 it/s
step  34100  L=0.1504  src=0.0690  tgt=0.0407  trans=0.0407  gain=+0.0000  |dz|=0.042  6.9 it/s
step  34150  L=0.1374  src=0.0607  tgt=0.0383  trans=0.0384  gain=-0.0000  |dz|=0.045  6.9 it/s
step  34200  L=0.4964  src=0.0609  tgt=0.2178  trans=0.2177  gain=+0.0000  |dz|=0.103  6.9 it/s
step  34250  L=0.1119  src=0.0565  tgt=0.0277  trans=0.0277  gain=+0.0000  |dz|=0.082  6.9 it/s
step  34300  L=0.0869  src=0.0410  tgt=0.0230  trans=0.0229  gain=+0.0000  |dz|=0.043  6.9 it/s
step  34350  L=0.1261  src=0.0625  tgt=0.0318  trans=0.0318  gain=+0.0000  |dz|=0.043  6.9 it/s
step  34400  L=0.1591  src=0.1060  tgt=0.0265  trans=0.0265  gain=+0.0000  |dz|=0.080  6.9 it/s
step  34450  L=0.0817  src=0.0365  tgt=0.0226  trans=0.0226  gain=+0.0000  |dz|=0.039  6.9 it/s
step  34500  L=0.0787  src=0.0494  tgt=0.0147  trans=0.0147  gain=+0.0000  |dz|=0.079  6.9 it/s
step  34550  L=0.0659  src=0.0403  tgt=0.0128  trans=0.0128  gain=+0.0000  |dz|=0.039  6.9 it/s
step  34600  L=0.0933  src=0.0381  tgt=0.0276  trans=0.0276  gain=-0.0000  |dz|=0.044  6.9 it/s
step  34650  L=0.3571  src=0.0380  tgt=0.1595  trans=0.1596  gain=-0.0000  |dz|=0.101  6.9 it/s
step  34700  L=0.1166  src=0.0502  tgt=0.0332  trans=0.0332  gain=-0.0000  |dz|=0.044  6.9 it/s
step  34750  L=0.3836  src=0.0318  tgt=0.1759  trans=0.1759  gain=+0.0000  |dz|=0.102  6.9 it/s
step  34800  L=0.0899  src=0.0504  tgt=0.0198  trans=0.0197  gain=+0.0001  |dz|=0.044  6.9 it/s
step  34850  L=0.1566  src=0.0543  tgt=0.0511  trans=0.0511  gain=-0.0000  |dz|=0.043  6.9 it/s
step  34900  L=0.2269  src=0.0463  tgt=0.0903  trans=0.0903  gain=+0.0000  |dz|=0.099  6.9 it/s
step  34950  L=0.1198  src=0.0403  tgt=0.0398  trans=0.0398  gain=+0.0000  |dz|=0.079  6.9 it/s
step  35000  L=0.1336  src=0.0871  tgt=0.0233  trans=0.0232  gain=+0.0000  |dz|=0.078  6.9 it/s
  [diagnostics @ 35000] loss_correct=0.1263  loss_zero=0.1277  loss_shuffled=0.1299  loss_random=0.1279  loss_target_only=0.1264  r_basis=0.0386  |dz_transport|=0.0760  z_s_vs_enc_rel=1.4506  z_spread_rel=1.2828  gain_vs_zero=0.0013  gain_vs_shuffled=0.0035  gain_vs_target_only=0.0000
step  35050  L=0.2932  src=0.0674  tgt=0.1129  trans=0.1129  gain=+0.0000  |dz|=0.099  6.9 it/s
step  35100  L=0.1190  src=0.0478  tgt=0.0356  trans=0.0356  gain=+0.0000  |dz|=0.042  6.9 it/s
step  35150  L=0.0837  src=0.0431  tgt=0.0203  trans=0.0203  gain=-0.0000  |dz|=0.043  6.9 it/s
step  35200  L=0.3807  src=0.0806  tgt=0.1500  trans=0.1500  gain=-0.0000  |dz|=0.097  6.9 it/s
step  35250  L=0.1006  src=0.0366  tgt=0.0320  trans=0.0320  gain=+0.0001  |dz|=0.077  7.0 it/s
step  35300  L=0.1312  src=0.0492  tgt=0.0410  trans=0.0410  gain=+0.0000  |dz|=0.046  7.0 it/s
step  35350  L=0.1373  src=0.0326  tgt=0.0524  trans=0.0523  gain=+0.0001  |dz|=0.043  7.0 it/s
step  35400  L=0.3816  src=0.0429  tgt=0.1694  trans=0.1693  gain=+0.0000  |dz|=0.098  7.0 it/s
step  35450  L=0.0933  src=0.0479  tgt=0.0227  trans=0.0227  gain=+0.0001  |dz|=0.080  7.0 it/s
step  35500  L=0.2877  src=0.0591  tgt=0.1143  trans=0.1143  gain=-0.0000  |dz|=0.100  7.0 it/s
step  35550  L=0.1274  src=0.0576  tgt=0.0349  trans=0.0349  gain=+0.0000  |dz|=0.043  7.0 it/s
step  35600  L=0.1220  src=0.0822  tgt=0.0199  trans=0.0199  gain=+0.0000  |dz|=0.046  7.0 it/s
step  35650  L=0.3493  src=0.0375  tgt=0.1559  trans=0.1559  gain=+0.0000  |dz|=0.100  7.0 it/s
step  35700  L=0.3935  src=0.0577  tgt=0.1679  trans=0.1679  gain=+0.0000  |dz|=0.099  7.0 it/s
step  35750  L=0.1997  src=0.0841  tgt=0.0578  trans=0.0578  gain=+0.0000  |dz|=0.098  7.0 it/s
step  35800  L=0.1450  src=0.0594  tgt=0.0428  trans=0.0428  gain=-0.0000  |dz|=0.046  7.0 it/s
step  35850  L=0.0756  src=0.0525  tgt=0.0116  trans=0.0116  gain=+0.0000  |dz|=0.075  7.0 it/s
step  35900  L=0.1172  src=0.0522  tgt=0.0325  trans=0.0325  gain=-0.0000  |dz|=0.046  7.0 it/s
step  35950  L=0.1220  src=0.0706  tgt=0.0257  trans=0.0257  gain=+0.0000  |dz|=0.078  7.0 it/s
step  36000  L=0.3897  src=0.0399  tgt=0.1749  trans=0.1749  gain=+0.0000  |dz|=0.097  7.0 it/s
  [diagnostics @ 36000] loss_correct=0.0526  loss_zero=0.0541  loss_shuffled=0.0542  loss_random=0.0543  loss_target_only=0.0527  r_basis=0.0360  |dz_transport|=0.0771  z_s_vs_enc_rel=1.5027  z_spread_rel=0.7907  gain_vs_zero=0.0014  gain_vs_shuffled=0.0015  gain_vs_target_only=0.0000
step  36050  L=0.1398  src=0.0722  tgt=0.0338  trans=0.0338  gain=+0.0000  |dz|=0.046  7.0 it/s
step  36100  L=0.0848  src=0.0359  tgt=0.0245  trans=0.0244  gain=+0.0001  |dz|=0.043  7.0 it/s
step  36150  L=0.3854  src=0.0584  tgt=0.1635  trans=0.1635  gain=-0.0000  |dz|=0.098  7.0 it/s
step  36200  L=0.0994  src=0.0477  tgt=0.0258  trans=0.0258  gain=-0.0000  |dz|=0.043  7.0 it/s
step  36250  L=0.0968  src=0.0324  tgt=0.0322  trans=0.0322  gain=-0.0000  |dz|=0.041  7.0 it/s
step  36300  L=0.0992  src=0.0454  tgt=0.0269  trans=0.0269  gain=-0.0000  |dz|=0.080  7.0 it/s
step  36350  L=0.0861  src=0.0451  tgt=0.0205  trans=0.0205  gain=+0.0000  |dz|=0.079  7.0 it/s
step  36400  L=0.0547  src=0.0240  tgt=0.0154  trans=0.0153  gain=+0.0000  |dz|=0.041  7.0 it/s
step  36450  L=0.4344  src=0.0859  tgt=0.1742  trans=0.1742  gain=-0.0000  |dz|=0.097  7.0 it/s
step  36500  L=0.0623  src=0.0299  tgt=0.0162  trans=0.0162  gain=+0.0000  |dz|=0.042  7.1 it/s
step  36550  L=0.0757  src=0.0348  tgt=0.0205  trans=0.0204  gain=+0.0001  |dz|=0.080  7.1 it/s
step  36600  L=0.1025  src=0.0377  tgt=0.0324  trans=0.0324  gain=-0.0000  |dz|=0.043  7.1 it/s
step  36650  L=0.1095  src=0.0416  tgt=0.0340  trans=0.0340  gain=-0.0000  |dz|=0.084  7.1 it/s
step  36700  L=0.4048  src=0.0467  tgt=0.1791  trans=0.1791  gain=+0.0000  |dz|=0.098  7.1 it/s
step  36750  L=0.0789  src=0.0306  tgt=0.0241  trans=0.0241  gain=-0.0000  |dz|=0.046  7.1 it/s
step  36800  L=0.1088  src=0.0435  tgt=0.0327  trans=0.0326  gain=+0.0001  |dz|=0.081  7.1 it/s
step  36850  L=0.1337  src=0.0439  tgt=0.0449  trans=0.0450  gain=-0.0001  |dz|=0.083  7.1 it/s
step  36900  L=0.0975  src=0.0644  tgt=0.0165  trans=0.0165  gain=+0.0000  |dz|=0.045  7.1 it/s
step  36950  L=0.5074  src=0.0288  tgt=0.2393  trans=0.2392  gain=+0.0001  |dz|=0.127  7.1 it/s
step  37000  L=0.1074  src=0.0478  tgt=0.0298  trans=0.0298  gain=+0.0000  |dz|=0.042  7.1 it/s
  [diagnostics @ 37000] loss_correct=0.0542  loss_zero=0.0554  loss_shuffled=0.0571  loss_random=0.0557  loss_target_only=0.0542  r_basis=0.0331  |dz_transport|=0.0765  z_s_vs_enc_rel=1.3800  z_spread_rel=1.1688  gain_vs_zero=0.0013  gain_vs_shuffled=0.0030  gain_vs_target_only=0.0000
step  37050  L=0.1264  src=0.0609  tgt=0.0328  trans=0.0327  gain=+0.0000  |dz|=0.085  7.1 it/s
step  37100  L=0.0992  src=0.0650  tgt=0.0171  trans=0.0171  gain=+0.0000  |dz|=0.046  7.1 it/s
step  37150  L=0.0574  src=0.0165  tgt=0.0205  trans=0.0204  gain=+0.0000  |dz|=0.082  7.1 it/s
step  37200  L=0.1433  src=0.0850  tgt=0.0292  trans=0.0291  gain=+0.0001  |dz|=0.085  7.1 it/s
step  37250  L=0.5444  src=0.0576  tgt=0.2434  trans=0.2434  gain=+0.0000  |dz|=0.113  7.1 it/s
step  37300  L=0.0975  src=0.0438  tgt=0.0268  trans=0.0268  gain=+0.0000  |dz|=0.083  7.1 it/s
step  37350  L=0.1214  src=0.0728  tgt=0.0243  trans=0.0243  gain=-0.0000  |dz|=0.084  7.1 it/s
step  37400  L=0.1072  src=0.0649  tgt=0.0211  trans=0.0211  gain=-0.0000  |dz|=0.084  7.1 it/s
step  37450  L=0.0669  src=0.0374  tgt=0.0147  trans=0.0148  gain=-0.0000  |dz|=0.080  7.1 it/s
step  37500  L=0.1033  src=0.0387  tgt=0.0323  trans=0.0322  gain=+0.0001  |dz|=0.043  7.1 it/s
step  37550  L=0.1053  src=0.0460  tgt=0.0296  trans=0.0296  gain=-0.0000  |dz|=0.042  7.1 it/s
step  37600  L=0.0891  src=0.0502  tgt=0.0195  trans=0.0194  gain=+0.0000  |dz|=0.046  7.1 it/s
step  37650  L=0.5396  src=0.0634  tgt=0.2381  trans=0.2381  gain=-0.0000  |dz|=0.106  7.1 it/s
step  37700  L=0.0641  src=0.0377  tgt=0.0132  trans=0.0132  gain=+0.0000  |dz|=0.044  7.1 it/s
step  37750  L=0.0950  src=0.0349  tgt=0.0301  trans=0.0300  gain=+0.0001  |dz|=0.077  7.1 it/s
step  37800  L=0.0922  src=0.0408  tgt=0.0257  trans=0.0257  gain=+0.0001  |dz|=0.080  7.1 it/s
step  37850  L=0.3884  src=0.0632  tgt=0.1626  trans=0.1626  gain=+0.0000  |dz|=0.110  7.2 it/s
step  37900  L=0.4004  src=0.0503  tgt=0.1750  trans=0.1750  gain=-0.0000  |dz|=0.109  7.2 it/s
step  37950  L=0.0939  src=0.0350  tgt=0.0295  trans=0.0294  gain=+0.0000  |dz|=0.046  7.2 it/s
step  38000  L=0.1400  src=0.0673  tgt=0.0363  trans=0.0363  gain=+0.0000  |dz|=0.083  7.2 it/s
  [diagnostics @ 38000] loss_correct=0.0881  loss_zero=0.0894  loss_shuffled=0.0892  loss_random=0.0896  loss_target_only=0.0881  r_basis=0.0330  |dz_transport|=0.0853  z_s_vs_enc_rel=1.5532  z_spread_rel=1.2791  gain_vs_zero=0.0013  gain_vs_shuffled=0.0011  gain_vs_target_only=0.0001
step  38050  L=0.1852  src=0.1242  tgt=0.0305  trans=0.0305  gain=+0.0000  |dz|=0.083  7.2 it/s
step  38100  L=0.0949  src=0.0445  tgt=0.0252  trans=0.0252  gain=+0.0000  |dz|=0.079  7.2 it/s
step  38150  L=0.0882  src=0.0412  tgt=0.0235  trans=0.0235  gain=+0.0001  |dz|=0.082  7.2 it/s
step  38200  L=0.1259  src=0.0595  tgt=0.0332  trans=0.0332  gain=+0.0000  |dz|=0.081  7.2 it/s
step  38250  L=0.0945  src=0.0558  tgt=0.0193  trans=0.0193  gain=+0.0000  |dz|=0.047  7.2 it/s
step  38300  L=0.1262  src=0.0705  tgt=0.0278  trans=0.0278  gain=-0.0000  |dz|=0.080  7.2 it/s
step  38350  L=0.1355  src=0.0693  tgt=0.0332  trans=0.0331  gain=+0.0001  |dz|=0.080  7.2 it/s
step  38400  L=0.1279  src=0.0631  tgt=0.0324  trans=0.0324  gain=-0.0000  |dz|=0.045  7.2 it/s
step  38450  L=0.3849  src=0.0452  tgt=0.1698  trans=0.1698  gain=+0.0000  |dz|=0.103  7.2 it/s
step  38500  L=0.1203  src=0.0744  tgt=0.0230  trans=0.0230  gain=+0.0000  |dz|=0.081  7.2 it/s
step  38550  L=0.1224  src=0.0420  tgt=0.0402  trans=0.0401  gain=+0.0001  |dz|=0.042  7.2 it/s
step  38600  L=0.0954  src=0.0463  tgt=0.0245  trans=0.0246  gain=-0.0000  |dz|=0.082  7.2 it/s
step  38650  L=0.0907  src=0.0355  tgt=0.0276  trans=0.0276  gain=+0.0001  |dz|=0.080  7.2 it/s
step  38700  L=0.1310  src=0.0725  tgt=0.0292  trans=0.0292  gain=+0.0000  |dz|=0.083  7.2 it/s
step  38750  L=0.1142  src=0.0506  tgt=0.0318  trans=0.0318  gain=+0.0000  |dz|=0.045  7.2 it/s
step  38800  L=0.1197  src=0.0641  tgt=0.0279  trans=0.0278  gain=+0.0001  |dz|=0.041  7.2 it/s
step  38850  L=0.1018  src=0.0392  tgt=0.0313  trans=0.0313  gain=+0.0000  |dz|=0.042  7.2 it/s
step  38900  L=0.1271  src=0.0420  tgt=0.0425  trans=0.0425  gain=-0.0000  |dz|=0.046  7.2 it/s
step  38950  L=0.1149  src=0.0548  tgt=0.0300  trans=0.0300  gain=+0.0000  |dz|=0.080  7.2 it/s
step  39000  L=0.3543  src=0.0351  tgt=0.1597  trans=0.1595  gain=+0.0001  |dz|=0.113  7.2 it/s
  [diagnostics @ 39000] loss_correct=0.0595  loss_zero=0.0609  loss_shuffled=0.0628  loss_random=0.0613  loss_target_only=0.0596  r_basis=0.0364  |dz_transport|=0.0772  z_s_vs_enc_rel=1.4447  z_spread_rel=1.1442  gain_vs_zero=0.0014  gain_vs_shuffled=0.0033  gain_vs_target_only=0.0000
step  39050  L=0.1168  src=0.0623  tgt=0.0273  trans=0.0273  gain=-0.0000  |dz|=0.081  7.2 it/s
step  39100  L=0.1665  src=0.0861  tgt=0.0402  trans=0.0402  gain=+0.0000  |dz|=0.049  7.2 it/s
step  39150  L=0.4203  src=0.0579  tgt=0.1812  trans=0.1812  gain=-0.0000  |dz|=0.105  7.2 it/s
step  39200  L=0.0709  src=0.0230  tgt=0.0239  trans=0.0239  gain=+0.0001  |dz|=0.047  7.2 it/s
step  39250  L=0.1498  src=0.0851  tgt=0.0324  trans=0.0324  gain=+0.0000  |dz|=0.083  7.3 it/s
step  39300  L=0.1106  src=0.0505  tgt=0.0300  trans=0.0300  gain=-0.0000  |dz|=0.083  7.3 it/s
step  39350  L=0.1214  src=0.0529  tgt=0.0342  trans=0.0343  gain=-0.0000  |dz|=0.049  7.3 it/s
step  39400  L=0.1020  src=0.0492  tgt=0.0264  trans=0.0264  gain=-0.0001  |dz|=0.082  7.3 it/s
step  39450  L=0.0746  src=0.0429  tgt=0.0159  trans=0.0159  gain=-0.0000  |dz|=0.076  7.3 it/s
step  39500  L=0.0769  src=0.0442  tgt=0.0164  trans=0.0163  gain=+0.0000  |dz|=0.047  7.3 it/s
step  39550  L=0.0949  src=0.0471  tgt=0.0239  trans=0.0239  gain=-0.0000  |dz|=0.085  7.3 it/s
step  39600  L=0.0822  src=0.0431  tgt=0.0195  trans=0.0195  gain=+0.0000  |dz|=0.044  7.3 it/s
step  39650  L=0.0873  src=0.0363  tgt=0.0256  trans=0.0255  gain=+0.0000  |dz|=0.043  7.3 it/s
step  39700  L=0.1102  src=0.0426  tgt=0.0338  trans=0.0338  gain=-0.0000  |dz|=0.083  7.3 it/s
step  39750  L=0.1094  src=0.0366  tgt=0.0364  trans=0.0363  gain=+0.0001  |dz|=0.044  7.3 it/s
step  39800  L=0.0975  src=0.0598  tgt=0.0189  trans=0.0188  gain=+0.0000  |dz|=0.082  7.3 it/s
step  39850  L=0.0516  src=0.0240  tgt=0.0138  trans=0.0138  gain=+0.0000  |dz|=0.074  7.3 it/s
step  39900  L=0.1253  src=0.0489  tgt=0.0382  trans=0.0382  gain=+0.0000  |dz|=0.047  7.3 it/s
step  39950  L=0.1260  src=0.0565  tgt=0.0348  trans=0.0347  gain=+0.0000  |dz|=0.084  7.3 it/s
step  40000  L=0.4486  src=0.0486  tgt=0.2000  trans=0.1999  gain=+0.0001  |dz|=0.105  7.3 it/s
  [diagnostics @ 40000] loss_correct=0.0440  loss_zero=0.0452  loss_shuffled=0.0460  loss_random=0.0454  loss_target_only=0.0441  r_basis=0.0324  |dz_transport|=0.0711  z_s_vs_enc_rel=1.3268  z_spread_rel=1.0317  gain_vs_zero=0.0012  gain_vs_shuffled=0.0019  gain_vs_target_only=0.0000
  saved C:\T1D Meta Learning\code\python\meta-diffusion\experiments\linear_transport_replacement_2026-09-24\work\checkpoints\cifar_ds3_step40000.pt
step  40050  L=0.1346  src=0.0632  tgt=0.0357  trans=0.0357  gain=+0.0000  |dz|=0.082  7.3 it/s
step  40100  L=0.0830  src=0.0398  tgt=0.0216  trans=0.0216  gain=-0.0000  |dz|=0.045  7.3 it/s
step  40150  L=0.1298  src=0.0508  tgt=0.0395  trans=0.0395  gain=-0.0000  |dz|=0.082  7.3 it/s
step  40200  L=0.1958  src=0.0270  tgt=0.0844  trans=0.0844  gain=+0.0000  |dz|=0.104  7.3 it/s
step  40250  L=0.0777  src=0.0368  tgt=0.0204  trans=0.0204  gain=+0.0000  |dz|=0.043  7.3 it/s
step  40300  L=0.0949  src=0.0442  tgt=0.0254  trans=0.0253  gain=+0.0001  |dz|=0.043  7.3 it/s
step  40350  L=0.0761  src=0.0282  tgt=0.0240  trans=0.0240  gain=+0.0000  |dz|=0.045  7.3 it/s
step  40400  L=0.2262  src=0.0429  tgt=0.0916  trans=0.0916  gain=+0.0000  |dz|=0.102  7.3 it/s
step  40450  L=0.0681  src=0.0310  tgt=0.0186  trans=0.0185  gain=+0.0000  |dz|=0.049  7.3 it/s
step  40500  L=0.1329  src=0.0872  tgt=0.0229  trans=0.0228  gain=+0.0001  |dz|=0.048  7.3 it/s
step  40550  L=0.1090  src=0.0514  tgt=0.0288  trans=0.0287  gain=+0.0000  |dz|=0.084  7.3 it/s
step  40600  L=0.4255  src=0.0620  tgt=0.1817  trans=0.1817  gain=+0.0001  |dz|=0.115  7.3 it/s
step  40650  L=0.1007  src=0.0448  tgt=0.0280  trans=0.0280  gain=-0.0000  |dz|=0.046  7.3 it/s
step  40700  L=0.0802  src=0.0386  tgt=0.0208  trans=0.0208  gain=-0.0000  |dz|=0.084  7.4 it/s
step  40750  L=0.2629  src=0.0447  tgt=0.1091  trans=0.1091  gain=+0.0000  |dz|=0.108  7.4 it/s
step  40800  L=0.0965  src=0.0418  tgt=0.0274  trans=0.0274  gain=-0.0000  |dz|=0.085  7.4 it/s
step  40850  L=0.2111  src=0.0333  tgt=0.0890  trans=0.0889  gain=+0.0000  |dz|=0.106  7.4 it/s
step  40900  L=0.1740  src=0.0754  tgt=0.0493  trans=0.0493  gain=-0.0000  |dz|=0.086  7.4 it/s
step  40950  L=0.4173  src=0.0661  tgt=0.1756  trans=0.1756  gain=+0.0000  |dz|=0.107  7.4 it/s
step  41000  L=0.4468  src=0.0378  tgt=0.2046  trans=0.2045  gain=+0.0001  |dz|=0.108  7.4 it/s
  [diagnostics @ 41000] loss_correct=0.0884  loss_zero=0.0900  loss_shuffled=0.0900  loss_random=0.0904  loss_target_only=0.0884  r_basis=0.0372  |dz_transport|=0.0847  z_s_vs_enc_rel=1.5108  z_spread_rel=1.2829  gain_vs_zero=0.0016  gain_vs_shuffled=0.0016  gain_vs_target_only=0.0000
step  41050  L=0.1056  src=0.0608  tgt=0.0224  trans=0.0224  gain=+0.0000  |dz|=0.084  7.4 it/s
step  41100  L=0.1777  src=0.0925  tgt=0.0427  trans=0.0426  gain=+0.0000  |dz|=0.051  7.4 it/s
step  41150  L=0.0733  src=0.0341  tgt=0.0196  trans=0.0196  gain=+0.0000  |dz|=0.044  7.4 it/s
step  41200  L=0.4174  src=0.0464  tgt=0.1856  trans=0.1855  gain=+0.0000  |dz|=0.103  7.4 it/s
step  41250  L=0.1243  src=0.0543  tgt=0.0350  trans=0.0350  gain=-0.0000  |dz|=0.085  7.4 it/s
step  41300  L=0.0819  src=0.0454  tgt=0.0182  trans=0.0183  gain=-0.0000  |dz|=0.046  7.4 it/s
step  41350  L=0.4490  src=0.0513  tgt=0.1989  trans=0.1988  gain=+0.0000  |dz|=0.103  7.4 it/s
step  41400  L=0.0729  src=0.0399  tgt=0.0165  trans=0.0165  gain=-0.0000  |dz|=0.043  7.4 it/s
step  41450  L=0.1737  src=0.0533  tgt=0.0602  trans=0.0602  gain=+0.0000  |dz|=0.102  7.4 it/s
step  41500  L=0.1247  src=0.0328  tgt=0.0460  trans=0.0460  gain=-0.0000  |dz|=0.049  7.4 it/s
step  41550  L=0.2515  src=0.0554  tgt=0.0980  trans=0.0980  gain=-0.0000  |dz|=0.102  7.4 it/s
step  41600  L=0.4459  src=0.0386  tgt=0.2037  trans=0.2036  gain=+0.0001  |dz|=0.103  7.4 it/s
step  41650  L=0.0781  src=0.0328  tgt=0.0227  trans=0.0226  gain=+0.0000  |dz|=0.044  7.4 it/s
step  41700  L=0.0763  src=0.0400  tgt=0.0181  trans=0.0181  gain=-0.0000  |dz|=0.046  7.4 it/s
step  41750  L=0.3263  src=0.0410  tgt=0.1427  trans=0.1426  gain=+0.0000  |dz|=0.105  7.4 it/s
step  41800  L=0.0760  src=0.0459  tgt=0.0151  trans=0.0150  gain=+0.0000  |dz|=0.048  7.4 it/s
step  41850  L=0.3717  src=0.0528  tgt=0.1595  trans=0.1595  gain=-0.0000  |dz|=0.105  7.4 it/s
step  41900  L=0.5956  src=0.0304  tgt=0.2826  trans=0.2826  gain=+0.0000  |dz|=0.107  7.4 it/s
step  41950  L=0.1460  src=0.0530  tgt=0.0466  trans=0.0465  gain=+0.0001  |dz|=0.049  7.4 it/s
step  42000  L=0.0563  src=0.0363  tgt=0.0100  trans=0.0099  gain=+0.0001  |dz|=0.048  7.4 it/s
  [diagnostics @ 42000] loss_correct=0.0244  loss_zero=0.0257  loss_shuffled=0.0247  loss_random=0.0259  loss_target_only=0.0245  r_basis=0.0316  |dz_transport|=0.0687  z_s_vs_enc_rel=1.3242  z_spread_rel=0.6980  gain_vs_zero=0.0013  gain_vs_shuffled=0.0003  gain_vs_target_only=0.0000
step  42050  L=0.1109  src=0.0364  tgt=0.0372  trans=0.0372  gain=+0.0000  |dz|=0.044  7.4 it/s
step  42100  L=0.2482  src=0.0470  tgt=0.1006  trans=0.1006  gain=-0.0000  |dz|=0.105  7.4 it/s
step  42150  L=0.1270  src=0.0558  tgt=0.0356  trans=0.0356  gain=-0.0000  |dz|=0.048  7.4 it/s
step  42200  L=0.0849  src=0.0263  tgt=0.0293  trans=0.0293  gain=+0.0000  |dz|=0.045  7.4 it/s
step  42250  L=0.3256  src=0.0460  tgt=0.1398  trans=0.1398  gain=+0.0000  |dz|=0.109  7.5 it/s
step  42300  L=0.2306  src=0.0613  tgt=0.0846  trans=0.0846  gain=+0.0000  |dz|=0.109  7.5 it/s
step  42350  L=0.0907  src=0.0536  tgt=0.0186  trans=0.0185  gain=+0.0001  |dz|=0.045  7.5 it/s
step  42400  L=0.1130  src=0.0480  tgt=0.0325  trans=0.0325  gain=+0.0000  |dz|=0.082  7.5 it/s
step  42450  L=0.4463  src=0.0722  tgt=0.1871  trans=0.1870  gain=+0.0000  |dz|=0.106  7.5 it/s
step  42500  L=0.0644  src=0.0291  tgt=0.0176  trans=0.0176  gain=+0.0000  |dz|=0.082  7.5 it/s
step  42550  L=0.1093  src=0.0326  tgt=0.0384  trans=0.0383  gain=+0.0000  |dz|=0.047  7.5 it/s
step  42600  L=0.2761  src=0.0386  tgt=0.1188  trans=0.1188  gain=-0.0000  |dz|=0.103  7.5 it/s
step  42650  L=0.1211  src=0.0642  tgt=0.0285  trans=0.0284  gain=+0.0001  |dz|=0.087  7.5 it/s
step  42700  L=0.1250  src=0.0656  tgt=0.0297  trans=0.0297  gain=+0.0000  |dz|=0.086  7.5 it/s
step  42750  L=0.1430  src=0.0657  tgt=0.0386  trans=0.0386  gain=+0.0000  |dz|=0.084  7.5 it/s
step  42800  L=0.2672  src=0.0666  tgt=0.1003  trans=0.1003  gain=-0.0000  |dz|=0.105  7.5 it/s
step  42850  L=0.1059  src=0.0608  tgt=0.0225  trans=0.0225  gain=+0.0000  |dz|=0.086  7.5 it/s
step  42900  L=0.1103  src=0.0480  tgt=0.0311  trans=0.0312  gain=-0.0000  |dz|=0.048  7.5 it/s
step  42950  L=0.1201  src=0.0556  tgt=0.0322  trans=0.0322  gain=+0.0000  |dz|=0.047  7.5 it/s
step  43000  L=0.0926  src=0.0480  tgt=0.0223  trans=0.0223  gain=+0.0001  |dz|=0.085  7.5 it/s
  [diagnostics @ 43000] loss_correct=0.0974  loss_zero=0.0990  loss_shuffled=0.1005  loss_random=0.0996  loss_target_only=0.0975  r_basis=0.0362  |dz_transport|=0.0944  z_s_vs_enc_rel=1.6416  z_spread_rel=1.1577  gain_vs_zero=0.0016  gain_vs_shuffled=0.0031  gain_vs_target_only=0.0001
step  43050  L=0.1761  src=0.0628  tgt=0.0566  trans=0.0567  gain=-0.0001  |dz|=0.048  7.5 it/s
step  43100  L=0.1065  src=0.0405  tgt=0.0330  trans=0.0330  gain=+0.0000  |dz|=0.049  7.5 it/s
step  43150  L=0.1239  src=0.0811  tgt=0.0214  trans=0.0214  gain=+0.0000  |dz|=0.084  7.5 it/s
step  43200  L=0.1613  src=0.0846  tgt=0.0384  trans=0.0383  gain=+0.0000  |dz|=0.047  7.5 it/s
step  43250  L=0.0938  src=0.0503  tgt=0.0218  trans=0.0217  gain=+0.0000  |dz|=0.085  7.5 it/s
step  43300  L=0.1042  src=0.0392  tgt=0.0325  trans=0.0325  gain=+0.0000  |dz|=0.047  7.5 it/s
step  43350  L=0.1187  src=0.0581  tgt=0.0303  trans=0.0303  gain=+0.0000  |dz|=0.083  7.5 it/s
step  43400  L=0.1261  src=0.0811  tgt=0.0225  trans=0.0225  gain=-0.0000  |dz|=0.048  7.5 it/s
step  43450  L=0.0899  src=0.0521  tgt=0.0189  trans=0.0189  gain=+0.0000  |dz|=0.083  7.5 it/s
step  43500  L=0.2792  src=0.0351  tgt=0.1221  trans=0.1220  gain=+0.0000  |dz|=0.103  7.5 it/s
step  43550  L=0.0653  src=0.0398  tgt=0.0128  trans=0.0127  gain=+0.0000  |dz|=0.046  7.5 it/s
step  43600  L=0.0695  src=0.0392  tgt=0.0152  trans=0.0151  gain=+0.0001  |dz|=0.084  7.5 it/s
step  43650  L=0.1206  src=0.0590  tgt=0.0308  trans=0.0308  gain=+0.0000  |dz|=0.083  7.5 it/s
step  43700  L=0.4883  src=0.0499  tgt=0.2192  trans=0.2192  gain=+0.0000  |dz|=0.106  7.5 it/s
step  43750  L=0.3600  src=0.0669  tgt=0.1465  trans=0.1466  gain=-0.0000  |dz|=0.106  7.5 it/s
step  43800  L=0.4897  src=0.0393  tgt=0.2252  trans=0.2252  gain=-0.0000  |dz|=0.105  7.5 it/s
step  43850  L=0.1245  src=0.0507  tgt=0.0369  trans=0.0369  gain=-0.0000  |dz|=0.048  7.6 it/s
step  43900  L=0.1645  src=0.0553  tgt=0.0546  trans=0.0546  gain=-0.0000  |dz|=0.045  7.6 it/s
step  43950  L=0.3749  src=0.0417  tgt=0.1666  trans=0.1666  gain=+0.0000  |dz|=0.103  7.6 it/s
step  44000  L=0.3891  src=0.0275  tgt=0.1808  trans=0.1808  gain=+0.0000  |dz|=0.102  7.6 it/s
  [diagnostics @ 44000] loss_correct=0.0716  loss_zero=0.0728  loss_shuffled=0.0746  loss_random=0.0732  loss_target_only=0.0716  r_basis=0.0336  |dz_transport|=0.0828  z_s_vs_enc_rel=1.5398  z_spread_rel=1.3092  gain_vs_zero=0.0013  gain_vs_shuffled=0.0031  gain_vs_target_only=0.0000
step  44050  L=0.2739  src=0.0784  tgt=0.0978  trans=0.0978  gain=+0.0000  |dz|=0.100  7.6 it/s
step  44100  L=0.1442  src=0.0621  tgt=0.0410  trans=0.0410  gain=+0.0000  |dz|=0.046  7.6 it/s
step  44150  L=0.4776  src=0.0424  tgt=0.2176  trans=0.2176  gain=+0.0000  |dz|=0.100  7.6 it/s
step  44200  L=0.0775  src=0.0401  tgt=0.0187  trans=0.0187  gain=+0.0000  |dz|=0.080  7.6 it/s
step  44250  L=0.1162  src=0.0548  tgt=0.0307  trans=0.0307  gain=+0.0000  |dz|=0.082  7.6 it/s
step  44300  L=0.0744  src=0.0318  tgt=0.0213  trans=0.0213  gain=-0.0000  |dz|=0.048  7.6 it/s
step  44350  L=0.5742  src=0.0603  tgt=0.2570  trans=0.2570  gain=-0.0000  |dz|=0.105  7.6 it/s
step  44400  L=0.1271  src=0.0725  tgt=0.0273  trans=0.0273  gain=+0.0000  |dz|=0.084  7.6 it/s
step  44450  L=0.0915  src=0.0584  tgt=0.0165  trans=0.0165  gain=-0.0000  |dz|=0.086  7.6 it/s
step  44500  L=0.4879  src=0.0523  tgt=0.2178  trans=0.2178  gain=+0.0000  |dz|=0.102  7.6 it/s
step  44550  L=0.2255  src=0.0232  tgt=0.1011  trans=0.1011  gain=-0.0000  |dz|=0.101  7.6 it/s
step  44600  L=0.1340  src=0.0623  tgt=0.0359  trans=0.0359  gain=+0.0000  |dz|=0.084  7.6 it/s
step  44650  L=0.2518  src=0.0697  tgt=0.0911  trans=0.0910  gain=+0.0000  |dz|=0.103  7.6 it/s
step  44700  L=0.3400  src=0.0534  tgt=0.1433  trans=0.1433  gain=+0.0000  |dz|=0.102  7.6 it/s
step  44750  L=0.3284  src=0.0429  tgt=0.1428  trans=0.1427  gain=+0.0001  |dz|=0.104  7.6 it/s
step  44800  L=0.3023  src=0.0447  tgt=0.1289  trans=0.1288  gain=+0.0000  |dz|=0.101  7.6 it/s
step  44850  L=0.4348  src=0.0409  tgt=0.1969  trans=0.1969  gain=-0.0000  |dz|=0.103  7.6 it/s
step  44900  L=0.1020  src=0.0500  tgt=0.0260  trans=0.0260  gain=-0.0000  |dz|=0.048  7.6 it/s
step  44950  L=0.4216  src=0.0737  tgt=0.1739  trans=0.1739  gain=-0.0000  |dz|=0.106  7.6 it/s
step  45000  L=0.0934  src=0.0482  tgt=0.0226  trans=0.0226  gain=-0.0000  |dz|=0.048  7.6 it/s
  [diagnostics @ 45000] loss_correct=0.0412  loss_zero=0.0425  loss_shuffled=0.0428  loss_random=0.0428  loss_target_only=0.0412  r_basis=0.0352  |dz_transport|=0.0839  z_s_vs_enc_rel=1.5650  z_spread_rel=1.0664  gain_vs_zero=0.0013  gain_vs_shuffled=0.0015  gain_vs_target_only=0.0000
step  45050  L=0.3287  src=0.0267  tgt=0.1510  trans=0.1510  gain=+0.0001  |dz|=0.103  7.6 it/s
step  45100  L=0.0991  src=0.0542  tgt=0.0224  trans=0.0224  gain=+0.0000  |dz|=0.047  7.6 it/s
step  45150  L=0.3139  src=0.0342  tgt=0.1399  trans=0.1398  gain=+0.0000  |dz|=0.103  7.6 it/s
step  45200  L=0.1097  src=0.0314  tgt=0.0391  trans=0.0391  gain=+0.0000  |dz|=0.045  7.6 it/s
step  45250  L=0.1689  src=0.0785  tgt=0.0452  trans=0.0452  gain=-0.0000  |dz|=0.047  7.6 it/s
step  45300  L=0.1102  src=0.0664  tgt=0.0219  trans=0.0219  gain=+0.0000  |dz|=0.049  7.6 it/s
step  45350  L=0.1348  src=0.0499  tgt=0.0425  trans=0.0425  gain=+0.0000  |dz|=0.049  7.6 it/s
step  45400  L=0.0670  src=0.0257  tgt=0.0206  trans=0.0206  gain=-0.0000  |dz|=0.083  7.6 it/s
step  45450  L=0.0920  src=0.0586  tgt=0.0167  trans=0.0167  gain=+0.0000  |dz|=0.084  7.6 it/s
step  45500  L=0.3054  src=0.0589  tgt=0.1233  trans=0.1233  gain=-0.0000  |dz|=0.102  7.6 it/s
step  45550  L=0.1163  src=0.0356  tgt=0.0403  trans=0.0403  gain=-0.0000  |dz|=0.048  7.7 it/s
step  45600  L=0.1034  src=0.0606  tgt=0.0214  trans=0.0214  gain=+0.0000  |dz|=0.048  7.7 it/s
step  45650  L=0.1312  src=0.0554  tgt=0.0379  trans=0.0379  gain=+0.0000  |dz|=0.086  7.7 it/s
step  45700  L=0.1268  src=0.0845  tgt=0.0212  trans=0.0212  gain=-0.0000  |dz|=0.084  7.7 it/s
step  45750  L=0.1115  src=0.0369  tgt=0.0373  trans=0.0373  gain=+0.0000  |dz|=0.083  7.7 it/s
step  45800  L=0.3563  src=0.0523  tgt=0.1520  trans=0.1519  gain=+0.0001  |dz|=0.103  7.7 it/s
step  45850  L=0.1170  src=0.0648  tgt=0.0261  trans=0.0261  gain=-0.0000  |dz|=0.084  7.7 it/s
step  45900  L=0.0649  src=0.0362  tgt=0.0144  trans=0.0144  gain=+0.0000  |dz|=0.045  7.7 it/s
step  45950  L=0.1098  src=0.0667  tgt=0.0215  trans=0.0215  gain=+0.0000  |dz|=0.050  7.7 it/s
step  46000  L=0.3014  src=0.0593  tgt=0.1211  trans=0.1211  gain=-0.0000  |dz|=0.103  7.7 it/s
  [diagnostics @ 46000] loss_correct=0.0773  loss_zero=0.0788  loss_shuffled=0.0792  loss_random=0.0792  loss_target_only=0.0773  r_basis=0.0379  |dz_transport|=0.0860  z_s_vs_enc_rel=1.5297  z_spread_rel=1.2100  gain_vs_zero=0.0015  gain_vs_shuffled=0.0019  gain_vs_target_only=0.0000
step  46050  L=0.0910  src=0.0424  tgt=0.0243  trans=0.0243  gain=-0.0000  |dz|=0.047  7.7 it/s
step  46100  L=0.1073  src=0.0406  tgt=0.0333  trans=0.0333  gain=-0.0000  |dz|=0.087  7.7 it/s
step  46150  L=0.1345  src=0.0604  tgt=0.0371  trans=0.0370  gain=+0.0000  |dz|=0.085  7.7 it/s
step  46200  L=0.1212  src=0.0392  tgt=0.0410  trans=0.0410  gain=-0.0000  |dz|=0.049  7.7 it/s
step  46250  L=0.0914  src=0.0405  tgt=0.0255  trans=0.0255  gain=+0.0000  |dz|=0.084  7.7 it/s
step  46300  L=0.1297  src=0.0483  tgt=0.0407  trans=0.0407  gain=+0.0000  |dz|=0.048  7.7 it/s
step  46350  L=0.0980  src=0.0440  tgt=0.0270  trans=0.0270  gain=-0.0000  |dz|=0.049  7.7 it/s
step  46400  L=0.1005  src=0.0533  tgt=0.0236  trans=0.0236  gain=+0.0000  |dz|=0.085  7.7 it/s
step  46450  L=0.2459  src=0.0399  tgt=0.1030  trans=0.1030  gain=-0.0000  |dz|=0.100  7.7 it/s
step  46500  L=0.2835  src=0.0405  tgt=0.1215  trans=0.1215  gain=-0.0001  |dz|=0.100  7.7 it/s
step  46550  L=0.0792  src=0.0363  tgt=0.0214  trans=0.0214  gain=+0.0000  |dz|=0.085  7.7 it/s
step  46600  L=0.6159  src=0.0983  tgt=0.2588  trans=0.2589  gain=-0.0001  |dz|=0.100  7.7 it/s
step  46650  L=0.3604  src=0.0479  tgt=0.1563  trans=0.1562  gain=+0.0001  |dz|=0.102  7.7 it/s
step  46700  L=0.0751  src=0.0436  tgt=0.0158  trans=0.0158  gain=+0.0000  |dz|=0.082  7.7 it/s
step  46750  L=0.1072  src=0.0418  tgt=0.0327  trans=0.0327  gain=+0.0000  |dz|=0.086  7.7 it/s
step  46800  L=0.2115  src=0.0601  tgt=0.0757  trans=0.0757  gain=-0.0000  |dz|=0.103  7.7 it/s
step  46850  L=0.1624  src=0.1121  tgt=0.0252  trans=0.0251  gain=+0.0000  |dz|=0.086  7.7 it/s
step  46900  L=0.0818  src=0.0375  tgt=0.0222  trans=0.0222  gain=+0.0000  |dz|=0.085  7.7 it/s
step  46950  L=0.0574  src=0.0285  tgt=0.0145  trans=0.0144  gain=+0.0000  |dz|=0.049  7.7 it/s
step  47000  L=0.1551  src=0.0617  tgt=0.0467  trans=0.0467  gain=+0.0000  |dz|=0.052  7.7 it/s
  [diagnostics @ 47000] loss_correct=0.0550  loss_zero=0.0562  loss_shuffled=0.0582  loss_random=0.0564  loss_target_only=0.0550  r_basis=0.0318  |dz_transport|=0.0758  z_s_vs_enc_rel=1.3933  z_spread_rel=1.2355  gain_vs_zero=0.0012  gain_vs_shuffled=0.0032  gain_vs_target_only=0.0000
step  47050  L=0.0880  src=0.0427  tgt=0.0226  trans=0.0226  gain=+0.0000  |dz|=0.090  7.7 it/s
step  47100  L=0.1328  src=0.0610  tgt=0.0359  trans=0.0359  gain=+0.0000  |dz|=0.052  7.7 it/s
step  47150  L=0.0961  src=0.0470  tgt=0.0245  trans=0.0245  gain=-0.0000  |dz|=0.090  7.7 it/s
step  47200  L=0.1197  src=0.0442  tgt=0.0378  trans=0.0377  gain=+0.0000  |dz|=0.048  7.7 it/s
step  47250  L=0.1259  src=0.0585  tgt=0.0337  trans=0.0337  gain=-0.0000  |dz|=0.052  7.7 it/s
step  47300  L=0.5213  src=0.0540  tgt=0.2336  trans=0.2336  gain=+0.0000  |dz|=0.104  7.8 it/s
step  47350  L=0.1016  src=0.0695  tgt=0.0160  trans=0.0160  gain=+0.0000  |dz|=0.049  7.8 it/s
step  47400  L=0.1079  src=0.0372  tgt=0.0354  trans=0.0354  gain=-0.0000  |dz|=0.050  7.8 it/s
step  47450  L=0.3222  src=0.0424  tgt=0.1399  trans=0.1399  gain=+0.0000  |dz|=0.102  7.8 it/s
step  47500  L=0.3889  src=0.0479  tgt=0.1705  trans=0.1705  gain=+0.0000  |dz|=0.099  7.8 it/s
step  47550  L=0.0935  src=0.0477  tgt=0.0229  trans=0.0229  gain=+0.0000  |dz|=0.049  7.8 it/s
step  47600  L=0.0798  src=0.0355  tgt=0.0222  trans=0.0222  gain=+0.0000  |dz|=0.090  7.8 it/s
step  47650  L=0.0984  src=0.0460  tgt=0.0262  trans=0.0262  gain=+0.0000  |dz|=0.090  7.8 it/s
step  47700  L=0.3721  src=0.0376  tgt=0.1673  trans=0.1672  gain=+0.0000  |dz|=0.102  7.8 it/s
step  47750  L=0.1061  src=0.0455  tgt=0.0303  trans=0.0303  gain=+0.0000  |dz|=0.088  7.8 it/s
step  47800  L=0.0940  src=0.0644  tgt=0.0148  trans=0.0148  gain=+0.0000  |dz|=0.053  7.8 it/s
step  47850  L=0.1873  src=0.0636  tgt=0.0619  trans=0.0619  gain=+0.0000  |dz|=0.053  7.8 it/s
step  47900  L=0.4394  src=0.0637  tgt=0.1878  trans=0.1878  gain=+0.0000  |dz|=0.101  7.8 it/s
step  47950  L=0.0817  src=0.0457  tgt=0.0180  trans=0.0180  gain=-0.0000  |dz|=0.086  7.8 it/s
step  48000  L=0.0822  src=0.0461  tgt=0.0181  trans=0.0181  gain=+0.0000  |dz|=0.087  7.8 it/s
  [diagnostics @ 48000] loss_correct=0.0998  loss_zero=0.1015  loss_shuffled=0.1032  loss_random=0.1019  loss_target_only=0.0998  r_basis=0.0372  |dz_transport|=0.0892  z_s_vs_enc_rel=1.6616  z_spread_rel=1.2632  gain_vs_zero=0.0018  gain_vs_shuffled=0.0034  gain_vs_target_only=0.0000
step  48050  L=0.0628  src=0.0359  tgt=0.0135  trans=0.0135  gain=+0.0000  |dz|=0.045  7.8 it/s
step  48100  L=0.1254  src=0.0639  tgt=0.0307  trans=0.0307  gain=+0.0000  |dz|=0.053  7.8 it/s
step  48150  L=0.0527  src=0.0315  tgt=0.0106  trans=0.0106  gain=+0.0000  |dz|=0.048  7.8 it/s
step  48200  L=0.3822  src=0.0558  tgt=0.1632  trans=0.1632  gain=-0.0000  |dz|=0.100  7.8 it/s
step  48250  L=0.5732  src=0.0610  tgt=0.2561  trans=0.2561  gain=-0.0000  |dz|=0.099  7.8 it/s
step  48300  L=0.1012  src=0.0498  tgt=0.0257  trans=0.0257  gain=+0.0000  |dz|=0.052  7.8 it/s
step  48350  L=0.1211  src=0.0692  tgt=0.0259  trans=0.0259  gain=-0.0000  |dz|=0.088  7.8 it/s
step  48400  L=0.4741  src=0.0486  tgt=0.2127  trans=0.2128  gain=-0.0000  |dz|=0.104  7.8 it/s
step  48450  L=0.4082  src=0.0361  tgt=0.1861  trans=0.1860  gain=+0.0000  |dz|=0.101  7.8 it/s
step  48500  L=0.0938  src=0.0420  tgt=0.0259  trans=0.0259  gain=+0.0000  |dz|=0.050  7.8 it/s
step  48550  L=0.2934  src=0.0532  tgt=0.1201  trans=0.1201  gain=+0.0001  |dz|=0.100  7.8 it/s
step  48600  L=0.1163  src=0.0234  tgt=0.0465  trans=0.0464  gain=+0.0000  |dz|=0.047  7.8 it/s
step  48650  L=0.0545  src=0.0288  tgt=0.0129  trans=0.0129  gain=+0.0000  |dz|=0.048  7.8 it/s
step  48700  L=0.3348  src=0.0564  tgt=0.1392  trans=0.1392  gain=+0.0000  |dz|=0.099  7.8 it/s
step  48750  L=0.3103  src=0.0684  tgt=0.1209  trans=0.1209  gain=+0.0000  |dz|=0.102  7.8 it/s
step  48800  L=0.0926  src=0.0447  tgt=0.0240  trans=0.0240  gain=-0.0000  |dz|=0.088  7.8 it/s
step  48850  L=0.0584  src=0.0203  tgt=0.0191  trans=0.0191  gain=-0.0000  |dz|=0.047  7.8 it/s
step  48900  L=0.0380  src=0.0204  tgt=0.0088  trans=0.0088  gain=+0.0000  |dz|=0.046  7.8 it/s
step  48950  L=0.1097  src=0.0429  tgt=0.0334  trans=0.0334  gain=-0.0000  |dz|=0.088  7.8 it/s
step  49000  L=0.1067  src=0.0403  tgt=0.0332  trans=0.0332  gain=-0.0000  |dz|=0.050  7.8 it/s
  [diagnostics @ 49000] loss_correct=0.0793  loss_zero=0.0804  loss_shuffled=0.0827  loss_random=0.0807  loss_target_only=0.0794  r_basis=0.0324  |dz_transport|=0.0691  z_s_vs_enc_rel=1.2590  z_spread_rel=1.1969  gain_vs_zero=0.0011  gain_vs_shuffled=0.0033  gain_vs_target_only=0.0001
step  49050  L=0.0972  src=0.0633  tgt=0.0170  trans=0.0170  gain=-0.0000  |dz|=0.050  7.8 it/s
step  49100  L=0.3783  src=0.0557  tgt=0.1613  trans=0.1613  gain=-0.0000  |dz|=0.106  7.8 it/s
step  49150  L=0.1126  src=0.0570  tgt=0.0278  trans=0.0278  gain=+0.0000  |dz|=0.087  7.8 it/s
step  49200  L=0.2969  src=0.0696  tgt=0.1137  trans=0.1137  gain=-0.0000  |dz|=0.105  7.9 it/s
step  49250  L=0.5974  src=0.0859  tgt=0.2558  trans=0.2558  gain=+0.0000  |dz|=0.104  7.9 it/s
step  49300  L=0.0984  src=0.0275  tgt=0.0354  trans=0.0355  gain=-0.0000  |dz|=0.088  7.9 it/s
step  49350  L=0.0779  src=0.0400  tgt=0.0190  trans=0.0190  gain=+0.0000  |dz|=0.085  7.9 it/s
step  49400  L=0.0863  src=0.0630  tgt=0.0116  trans=0.0116  gain=+0.0000  |dz|=0.054  7.9 it/s
step  49450  L=0.1024  src=0.0557  tgt=0.0234  trans=0.0233  gain=+0.0001  |dz|=0.085  7.9 it/s
step  49500  L=0.1617  src=0.0760  tgt=0.0428  trans=0.0428  gain=+0.0000  |dz|=0.048  7.9 it/s
step  49550  L=0.4643  src=0.0601  tgt=0.2021  trans=0.2021  gain=+0.0000  |dz|=0.101  7.9 it/s
step  49600  L=0.3304  src=0.0160  tgt=0.1573  trans=0.1572  gain=+0.0001  |dz|=0.103  7.9 it/s
step  49650  L=0.1325  src=0.0948  tgt=0.0189  trans=0.0189  gain=-0.0000  |dz|=0.085  7.9 it/s
step  49700  L=0.1122  src=0.0440  tgt=0.0340  trans=0.0341  gain=-0.0000  |dz|=0.050  7.9 it/s
step  49750  L=0.0851  src=0.0354  tgt=0.0248  trans=0.0248  gain=-0.0000  |dz|=0.088  7.9 it/s
step  49800  L=0.2631  src=0.0423  tgt=0.1104  trans=0.1104  gain=+0.0000  |dz|=0.103  7.9 it/s
step  49850  L=0.1722  src=0.1130  tgt=0.0296  trans=0.0296  gain=+0.0000  |dz|=0.051  7.9 it/s
step  49900  L=0.3944  src=0.0280  tgt=0.1832  trans=0.1832  gain=+0.0000  |dz|=0.102  7.9 it/s
step  49950  L=0.0942  src=0.0494  tgt=0.0224  trans=0.0224  gain=+0.0000  |dz|=0.053  7.9 it/s
step  50000  L=0.1026  src=0.0643  tgt=0.0192  trans=0.0192  gain=+0.0000  |dz|=0.087  7.9 it/s
  [diagnostics @ 50000] loss_correct=0.0861  loss_zero=0.0877  loss_shuffled=0.0909  loss_random=0.0880  loss_target_only=0.0861  r_basis=0.0374  |dz_transport|=0.0883  z_s_vs_enc_rel=1.6549  z_spread_rel=1.2178  gain_vs_zero=0.0016  gain_vs_shuffled=0.0048  gain_vs_target_only=0.0000
  saved C:\T1D Meta Learning\code\python\meta-diffusion\experiments\linear_transport_replacement_2026-09-24\work\checkpoints\cifar_ds3_step50000.pt

done in 105.6 min. log: C:\T1D Meta Learning\code\python\meta-diffusion\experiments\linear_transport_replacement_2026-09-24\work\checkpoints\cifar_ds3_log.jsonl
