REPLAY cifar_train25_basis_k16: source checkpoint configuration, transport=linear
device cuda | backbone small_unet | k=16
φ 27.80M + encoder 0.33M + transport 0.4K
training episode combinations 225 | 50000 steps

step      1  L=3.2898  src=1.0966  tgt=1.0966  trans=1.0966  gain=-0.0000  |dz|=0.000  1.5 it/s
step     50  L=1.0426  src=0.3727  tgt=0.3336  trans=0.3362  gain=-0.0027  |dz|=0.007  10.4 it/s
step    100  L=0.4970  src=0.2058  tgt=0.1455  trans=0.1452  gain=+0.0003  |dz|=0.032  11.1 it/s
step    150  L=0.3010  src=0.1402  tgt=0.0800  trans=0.0801  gain=-0.0002  |dz|=0.045  11.3 it/s
step    200  L=0.2510  src=0.1105  tgt=0.0699  trans=0.0697  gain=+0.0002  |dz|=0.048  11.5 it/s
step    250  L=0.2306  src=0.0893  tgt=0.0705  trans=0.0698  gain=+0.0007  |dz|=0.036  11.5 it/s
step    300  L=0.2872  src=0.1002  tgt=0.0930  trans=0.0932  gain=-0.0002  |dz|=0.029  11.6 it/s
step    350  L=0.6046  src=0.1194  tgt=0.2422  trans=0.2424  gain=-0.0003  |dz|=0.045  11.6 it/s
step    400  L=0.4717  src=0.0738  tgt=0.1987  trans=0.1987  gain=-0.0000  |dz|=0.060  11.7 it/s
step    450  L=0.5570  src=0.0639  tgt=0.2464  trans=0.2463  gain=+0.0000  |dz|=0.065  11.7 it/s
step    500  L=0.2666  src=0.0892  tgt=0.0888  trans=0.0882  gain=+0.0006  |dz|=0.031  11.7 it/s
step    550  L=0.1536  src=0.0758  tgt=0.0386  trans=0.0389  gain=-0.0002  |dz|=0.026  11.7 it/s
step    600  L=0.5948  src=0.1147  tgt=0.2405  trans=0.2394  gain=+0.0011  |dz|=0.100  11.7 it/s
step    650  L=0.4918  src=0.1250  tgt=0.1844  trans=0.1821  gain=+0.0023  |dz|=0.109  11.7 it/s
step    700  L=0.5031  src=0.0785  tgt=0.2121  trans=0.2123  gain=-0.0001  |dz|=0.116  11.7 it/s
step    750  L=0.3571  src=0.0674  tgt=0.1445  trans=0.1450  gain=-0.0006  |dz|=0.117  11.7 it/s
step    800  L=0.2746  src=0.1258  tgt=0.0743  trans=0.0743  gain=+0.0000  |dz|=0.046  11.7 it/s
step    850  L=0.2345  src=0.1341  tgt=0.0501  trans=0.0501  gain=-0.0000  |dz|=0.050  11.7 it/s
step    900  L=0.1939  src=0.1112  tgt=0.0414  trans=0.0411  gain=+0.0004  |dz|=0.047  11.7 it/s
step    950  L=0.1128  src=0.0587  tgt=0.0270  trans=0.0268  gain=+0.0002  |dz|=0.058  11.7 it/s
step   1000  L=0.1488  src=0.0728  tgt=0.0379  trans=0.0380  gain=-0.0000  |dz|=0.047  11.7 it/s
step   1050  L=0.1944  src=0.0632  tgt=0.0656  trans=0.0654  gain=+0.0002  |dz|=0.044  11.7 it/s
step   1100  L=0.5089  src=0.0504  tgt=0.2296  trans=0.2287  gain=+0.0009  |dz|=0.072  11.7 it/s
step   1150  L=0.1553  src=0.0656  tgt=0.0448  trans=0.0447  gain=+0.0001  |dz|=0.049  11.7 it/s
step   1200  L=0.2799  src=0.0458  tgt=0.1174  trans=0.1165  gain=+0.0008  |dz|=0.074  11.7 it/s
step   1250  L=0.1407  src=0.0760  tgt=0.0323  trans=0.0323  gain=-0.0000  |dz|=0.050  11.7 it/s
step   1300  L=0.1358  src=0.0752  tgt=0.0305  trans=0.0300  gain=+0.0005  |dz|=0.056  11.8 it/s
step   1350  L=0.1694  src=0.0704  tgt=0.0494  trans=0.0495  gain=-0.0001  |dz|=0.054  11.8 it/s
step   1400  L=0.1026  src=0.0506  tgt=0.0260  trans=0.0258  gain=+0.0001  |dz|=0.056  11.8 it/s
step   1450  L=0.1073  src=0.0594  tgt=0.0239  trans=0.0239  gain=-0.0000  |dz|=0.064  11.8 it/s
step   1500  L=0.1134  src=0.0472  tgt=0.0330  trans=0.0330  gain=+0.0001  |dz|=0.060  11.8 it/s
step   1550  L=0.1395  src=0.0861  tgt=0.0266  trans=0.0267  gain=-0.0001  |dz|=0.068  11.8 it/s
step   1600  L=0.1690  src=0.0643  tgt=0.0523  trans=0.0523  gain=+0.0000  |dz|=0.061  11.8 it/s
step   1650  L=0.1623  src=0.0766  tgt=0.0429  trans=0.0428  gain=+0.0001  |dz|=0.070  11.8 it/s
step   1700  L=0.5825  src=0.1308  tgt=0.2259  trans=0.2258  gain=+0.0001  |dz|=0.076  11.8 it/s
step   1750  L=0.0779  src=0.0357  tgt=0.0211  trans=0.0210  gain=+0.0000  |dz|=0.065  11.8 it/s
step   1800  L=0.1254  src=0.0619  tgt=0.0316  trans=0.0317  gain=-0.0001  |dz|=0.063  11.8 it/s
step   1850  L=0.1261  src=0.0364  tgt=0.0449  trans=0.0447  gain=+0.0002  |dz|=0.065  11.8 it/s
step   1900  L=0.1094  src=0.0509  tgt=0.0292  trans=0.0293  gain=-0.0000  |dz|=0.067  11.8 it/s
step   1950  L=0.5460  src=0.0623  tgt=0.2419  trans=0.2418  gain=+0.0001  |dz|=0.067  11.8 it/s
step   2000  L=0.5060  src=0.0678  tgt=0.2190  trans=0.2191  gain=-0.0000  |dz|=0.071  11.8 it/s
  [diagnostics @ 2000] loss_correct=0.0839  loss_zero=0.1619  loss_shuffled=0.0843  loss_random=0.1653  loss_target_only=0.0835  loss_mean_z=0.0922  r_basis=0.3137  |dz_transport|=0.0533  z_s_vs_enc_rel=0.0563  z_spread_rel=0.0527  gain_vs_zero=0.0781  gain_vs_shuffled=0.0004  gain_vs_target_only=-0.0004  gain_vs_mean_z=0.0083  delta_task=0.0083  z_center_norm=0.6017  task_specific_frac=0.1063
step   2050  L=0.1799  src=0.0760  tgt=0.0519  trans=0.0520  gain=-0.0001  |dz|=0.067  11.6 it/s
step   2100  L=0.1821  src=0.0681  tgt=0.0570  trans=0.0570  gain=-0.0000  |dz|=0.067  11.6 it/s
step   2150  L=0.1401  src=0.0906  tgt=0.0246  trans=0.0248  gain=-0.0003  |dz|=0.066  11.6 it/s
step   2200  L=0.1930  src=0.1129  tgt=0.0400  trans=0.0400  gain=-0.0000  |dz|=0.082  11.6 it/s
step   2250  L=0.1497  src=0.0731  tgt=0.0383  trans=0.0382  gain=+0.0001  |dz|=0.069  11.6 it/s
step   2300  L=0.1067  src=0.0521  tgt=0.0273  trans=0.0273  gain=+0.0000  |dz|=0.071  11.6 it/s
step   2350  L=0.1068  src=0.0646  tgt=0.0211  trans=0.0211  gain=+0.0000  |dz|=0.070  11.6 it/s
step   2400  L=0.2864  src=0.0561  tgt=0.1152  trans=0.1152  gain=+0.0000  |dz|=0.067  11.6 it/s
step   2450  L=0.1120  src=0.0640  tgt=0.0239  trans=0.0240  gain=-0.0001  |dz|=0.084  11.6 it/s
step   2500  L=0.1187  src=0.0586  tgt=0.0301  trans=0.0300  gain=+0.0000  |dz|=0.085  11.6 it/s
step   2550  L=0.1753  src=0.0941  tgt=0.0406  trans=0.0406  gain=+0.0001  |dz|=0.085  11.6 it/s
step   2600  L=0.1909  src=0.1124  tgt=0.0393  trans=0.0393  gain=+0.0000  |dz|=0.075  11.6 it/s
step   2650  L=0.1118  src=0.0347  tgt=0.0385  trans=0.0386  gain=-0.0000  |dz|=0.087  11.6 it/s
step   2700  L=0.1349  src=0.0818  tgt=0.0265  trans=0.0266  gain=-0.0000  |dz|=0.073  11.6 it/s
step   2750  L=0.1511  src=0.0682  tgt=0.0414  trans=0.0415  gain=-0.0000  |dz|=0.072  11.7 it/s
step   2800  L=0.1310  src=0.0962  tgt=0.0174  trans=0.0174  gain=-0.0000  |dz|=0.088  11.7 it/s
step   2850  L=0.2895  src=0.0410  tgt=0.1242  trans=0.1242  gain=-0.0001  |dz|=0.072  11.7 it/s
step   2900  L=0.1039  src=0.0390  tgt=0.0325  trans=0.0323  gain=+0.0002  |dz|=0.088  11.7 it/s
step   2950  L=0.4552  src=0.0694  tgt=0.1929  trans=0.1929  gain=-0.0001  |dz|=0.068  11.7 it/s
step   3000  L=0.1800  src=0.1077  tgt=0.0362  trans=0.0360  gain=+0.0001  |dz|=0.088  11.7 it/s
step   3050  L=0.4719  src=0.0261  tgt=0.2229  trans=0.2228  gain=+0.0000  |dz|=0.070  11.7 it/s
step   3100  L=0.1829  src=0.1158  tgt=0.0333  trans=0.0337  gain=-0.0003  |dz|=0.071  11.7 it/s
step   3150  L=0.1261  src=0.0581  tgt=0.0340  trans=0.0340  gain=+0.0000  |dz|=0.072  11.7 it/s
step   3200  L=0.1375  src=0.0603  tgt=0.0386  trans=0.0386  gain=+0.0001  |dz|=0.074  11.7 it/s
step   3250  L=0.1319  src=0.0714  tgt=0.0303  trans=0.0302  gain=+0.0001  |dz|=0.074  11.7 it/s
step   3300  L=0.4037  src=0.0587  tgt=0.1725  trans=0.1725  gain=+0.0000  |dz|=0.072  11.7 it/s
step   3350  L=0.2087  src=0.0337  tgt=0.0877  trans=0.0873  gain=+0.0005  |dz|=0.073  11.7 it/s
step   3400  L=0.1024  src=0.0511  tgt=0.0257  trans=0.0256  gain=+0.0001  |dz|=0.090  11.7 it/s
step   3450  L=0.1159  src=0.0477  tgt=0.0342  trans=0.0340  gain=+0.0002  |dz|=0.077  11.7 it/s
step   3500  L=0.1509  src=0.0706  tgt=0.0401  trans=0.0401  gain=+0.0000  |dz|=0.077  11.7 it/s
step   3550  L=0.4556  src=0.0767  tgt=0.1894  trans=0.1894  gain=-0.0000  |dz|=0.081  11.7 it/s
step   3600  L=0.1092  src=0.0381  tgt=0.0356  trans=0.0355  gain=+0.0001  |dz|=0.090  11.7 it/s
step   3650  L=0.1161  src=0.0586  tgt=0.0287  trans=0.0287  gain=-0.0000  |dz|=0.089  11.7 it/s
step   3700  L=0.3437  src=0.0754  tgt=0.1341  trans=0.1342  gain=-0.0001  |dz|=0.080  11.7 it/s
step   3750  L=0.1136  src=0.0690  tgt=0.0223  trans=0.0223  gain=+0.0000  |dz|=0.088  11.7 it/s
step   3800  L=0.3036  src=0.0593  tgt=0.1221  trans=0.1222  gain=-0.0002  |dz|=0.083  11.7 it/s
step   3850  L=0.1459  src=0.0366  tgt=0.0547  trans=0.0546  gain=+0.0001  |dz|=0.077  11.7 it/s
step   3900  L=0.1902  src=0.0783  tgt=0.0559  trans=0.0560  gain=-0.0000  |dz|=0.073  11.7 it/s
step   3950  L=0.3029  src=0.0481  tgt=0.1275  trans=0.1273  gain=+0.0002  |dz|=0.105  11.7 it/s
step   4000  L=0.1208  src=0.0569  tgt=0.0319  trans=0.0320  gain=-0.0001  |dz|=0.076  11.7 it/s
  [diagnostics @ 4000] loss_correct=0.0674  loss_zero=0.1103  loss_shuffled=0.0677  loss_random=0.1123  loss_target_only=0.0675  loss_mean_z=0.0692  r_basis=0.2696  |dz_transport|=0.0774  z_s_vs_enc_rel=0.1345  z_spread_rel=0.1177  gain_vs_zero=0.0429  gain_vs_shuffled=0.0003  gain_vs_target_only=0.0001  gain_vs_mean_z=0.0018  delta_task=0.0018  z_center_norm=0.3508  task_specific_frac=0.0413
    ⚠ gain_vs_zero=0.0429 looks healthy but only 4.1% of it is task-specific: one shared mean coordinate does just as well, so the basis is a constant offset, not adaptation
step   4050  L=0.1410  src=0.0543  tgt=0.0434  trans=0.0433  gain=+0.0001  |dz|=0.090  11.6 it/s
step   4100  L=0.1342  src=0.0646  tgt=0.0348  trans=0.0348  gain=+0.0001  |dz|=0.090  11.6 it/s
step   4150  L=0.1040  src=0.0579  tgt=0.0230  trans=0.0230  gain=-0.0000  |dz|=0.090  11.6 it/s
step   4200  L=0.3659  src=0.0494  tgt=0.1583  trans=0.1582  gain=+0.0000  |dz|=0.089  11.6 it/s
step   4250  L=0.0982  src=0.0378  tgt=0.0302  trans=0.0301  gain=+0.0000  |dz|=0.090  11.6 it/s
step   4300  L=0.3364  src=0.0439  tgt=0.1463  trans=0.1462  gain=+0.0001  |dz|=0.090  11.6 it/s
step   4350  L=0.1118  src=0.0505  tgt=0.0307  trans=0.0306  gain=+0.0001  |dz|=0.089  11.6 it/s
step   4400  L=0.1066  src=0.0551  tgt=0.0258  trans=0.0257  gain=+0.0001  |dz|=0.089  11.6 it/s
step   4450  L=0.1062  src=0.0612  tgt=0.0225  trans=0.0225  gain=+0.0000  |dz|=0.078  11.6 it/s
step   4500  L=0.1109  src=0.0687  tgt=0.0211  trans=0.0211  gain=+0.0000  |dz|=0.088  11.6 it/s
step   4550  L=0.1666  src=0.0676  tgt=0.0495  trans=0.0495  gain=-0.0000  |dz|=0.086  11.6 it/s
step   4600  L=0.1013  src=0.0426  tgt=0.0294  trans=0.0294  gain=-0.0000  |dz|=0.080  11.6 it/s
step   4650  L=0.2492  src=0.0600  tgt=0.0946  trans=0.0945  gain=+0.0001  |dz|=0.088  11.6 it/s
step   4700  L=0.1345  src=0.0673  tgt=0.0336  trans=0.0335  gain=+0.0001  |dz|=0.080  11.6 it/s
step   4750  L=0.1141  src=0.0262  tgt=0.0440  trans=0.0439  gain=+0.0001  |dz|=0.080  11.7 it/s
step   4800  L=0.3802  src=0.0385  tgt=0.1709  trans=0.1707  gain=+0.0002  |dz|=0.091  11.7 it/s
step   4850  L=0.1340  src=0.0506  tgt=0.0417  trans=0.0417  gain=+0.0000  |dz|=0.080  11.7 it/s
step   4900  L=0.4667  src=0.0704  tgt=0.1981  trans=0.1981  gain=-0.0000  |dz|=0.090  11.7 it/s
step   4950  L=0.1264  src=0.0797  tgt=0.0234  trans=0.0233  gain=+0.0001  |dz|=0.085  11.7 it/s
step   5000  L=0.3525  src=0.0503  tgt=0.1511  trans=0.1511  gain=+0.0000  |dz|=0.091  11.7 it/s
step   5050  L=0.0956  src=0.0568  tgt=0.0194  trans=0.0194  gain=+0.0000  |dz|=0.087  11.7 it/s
step   5100  L=0.0974  src=0.0559  tgt=0.0207  trans=0.0207  gain=-0.0000  |dz|=0.087  11.7 it/s
step   5150  L=0.4808  src=0.0679  tgt=0.2064  trans=0.2065  gain=-0.0000  |dz|=0.093  11.7 it/s
step   5200  L=0.1450  src=0.0922  tgt=0.0264  trans=0.0264  gain=-0.0000  |dz|=0.086  11.7 it/s
step   5250  L=0.4089  src=0.0469  tgt=0.1809  trans=0.1811  gain=-0.0002  |dz|=0.102  11.7 it/s
step   5300  L=0.5251  src=0.0495  tgt=0.2378  trans=0.2377  gain=+0.0001  |dz|=0.100  11.7 it/s
step   5350  L=0.1471  src=0.0719  tgt=0.0376  trans=0.0375  gain=+0.0001  |dz|=0.086  11.7 it/s
step   5400  L=0.1302  src=0.0666  tgt=0.0317  trans=0.0318  gain=-0.0000  |dz|=0.080  11.7 it/s
step   5450  L=0.4236  src=0.0408  tgt=0.1914  trans=0.1914  gain=+0.0000  |dz|=0.102  11.7 it/s
step   5500  L=0.1419  src=0.0712  tgt=0.0353  trans=0.0353  gain=-0.0000  |dz|=0.086  11.7 it/s
step   5550  L=0.0747  src=0.0351  tgt=0.0198  trans=0.0198  gain=-0.0000  |dz|=0.082  11.7 it/s
step   5600  L=0.1297  src=0.0445  tgt=0.0426  trans=0.0426  gain=+0.0000  |dz|=0.083  11.7 it/s
step   5650  L=0.1669  src=0.0754  tgt=0.0458  trans=0.0457  gain=+0.0000  |dz|=0.082  11.7 it/s
step   5700  L=0.1274  src=0.0632  tgt=0.0322  trans=0.0320  gain=+0.0002  |dz|=0.086  11.7 it/s
step   5750  L=0.1320  src=0.0553  tgt=0.0384  trans=0.0383  gain=+0.0001  |dz|=0.087  11.7 it/s
step   5800  L=0.4507  src=0.0863  tgt=0.1822  trans=0.1822  gain=+0.0000  |dz|=0.108  11.7 it/s
step   5850  L=0.0733  src=0.0356  tgt=0.0188  trans=0.0189  gain=-0.0000  |dz|=0.087  11.7 it/s
step   5900  L=0.1187  src=0.0734  tgt=0.0226  trans=0.0226  gain=-0.0000  |dz|=0.087  11.7 it/s
step   5950  L=0.2911  src=0.0505  tgt=0.1204  trans=0.1201  gain=+0.0003  |dz|=0.116  11.7 it/s
step   6000  L=0.0912  src=0.0415  tgt=0.0249  trans=0.0249  gain=+0.0000  |dz|=0.087  11.7 it/s
  [diagnostics @ 6000] loss_correct=0.0871  loss_zero=0.1082  loss_shuffled=0.0874  loss_random=0.1097  loss_target_only=0.0872  loss_mean_z=0.0878  r_basis=0.1769  |dz_transport|=0.0875  z_s_vs_enc_rel=0.2594  z_spread_rel=0.3104  gain_vs_zero=0.0211  gain_vs_shuffled=0.0003  gain_vs_target_only=0.0000  gain_vs_mean_z=0.0006  delta_task=0.0006  z_center_norm=0.2273  task_specific_frac=0.0306
    ⚠ gain_vs_zero=0.0211 looks healthy but only 3.1% of it is task-specific: one shared mean coordinate does just as well, so the basis is a constant offset, not adaptation
step   6050  L=0.2906  src=0.0596  tgt=0.1154  trans=0.1155  gain=-0.0001  |dz|=0.114  11.6 it/s
step   6100  L=0.3747  src=0.0588  tgt=0.1579  trans=0.1580  gain=-0.0000  |dz|=0.116  11.6 it/s
step   6150  L=0.0807  src=0.0319  tgt=0.0244  trans=0.0243  gain=+0.0001  |dz|=0.087  11.6 it/s
step   6200  L=0.0714  src=0.0291  tgt=0.0211  trans=0.0212  gain=-0.0001  |dz|=0.086  11.6 it/s
step   6250  L=0.3738  src=0.0465  tgt=0.1637  trans=0.1637  gain=-0.0000  |dz|=0.114  11.6 it/s
step   6300  L=0.0953  src=0.0522  tgt=0.0215  trans=0.0215  gain=+0.0000  |dz|=0.087  11.6 it/s
step   6350  L=0.6229  src=0.0558  tgt=0.2836  trans=0.2835  gain=+0.0002  |dz|=0.117  11.6 it/s
step   6400  L=0.1501  src=0.0639  tgt=0.0431  trans=0.0431  gain=-0.0000  |dz|=0.081  11.6 it/s
step   6450  L=0.2017  src=0.0804  tgt=0.0607  trans=0.0607  gain=+0.0000  |dz|=0.082  11.6 it/s
step   6500  L=0.3149  src=0.0383  tgt=0.1384  trans=0.1382  gain=+0.0002  |dz|=0.121  11.6 it/s
step   6550  L=0.0750  src=0.0283  tgt=0.0234  trans=0.0234  gain=-0.0000  |dz|=0.079  11.6 it/s
step   6600  L=0.2672  src=0.0628  tgt=0.1022  trans=0.1022  gain=+0.0000  |dz|=0.114  11.6 it/s
step   6650  L=0.1123  src=0.0490  tgt=0.0317  trans=0.0316  gain=+0.0002  |dz|=0.087  11.6 it/s
step   6700  L=0.1017  src=0.0567  tgt=0.0224  trans=0.0225  gain=-0.0000  |dz|=0.083  11.6 it/s
step   6750  L=0.0780  src=0.0309  tgt=0.0236  trans=0.0235  gain=+0.0000  |dz|=0.086  11.6 it/s
step   6800  L=0.1216  src=0.0482  tgt=0.0367  trans=0.0367  gain=-0.0000  |dz|=0.086  11.6 it/s
step   6850  L=0.1579  src=0.0562  tgt=0.0508  trans=0.0508  gain=-0.0000  |dz|=0.082  11.6 it/s
step   6900  L=0.1526  src=0.0679  tgt=0.0423  trans=0.0423  gain=-0.0000  |dz|=0.082  11.6 it/s
step   6950  L=0.1509  src=0.0784  tgt=0.0363  trans=0.0362  gain=+0.0000  |dz|=0.088  11.6 it/s
step   7000  L=0.1592  src=0.1015  tgt=0.0288  trans=0.0289  gain=-0.0000  |dz|=0.088  11.6 it/s
step   7050  L=0.1142  src=0.0528  tgt=0.0307  trans=0.0307  gain=-0.0000  |dz|=0.084  11.7 it/s
step   7100  L=0.1224  src=0.0564  tgt=0.0330  trans=0.0330  gain=-0.0000  |dz|=0.086  11.7 it/s
step   7150  L=0.1031  src=0.0368  tgt=0.0332  trans=0.0332  gain=+0.0001  |dz|=0.088  11.7 it/s
step   7200  L=0.1082  src=0.0626  tgt=0.0228  trans=0.0228  gain=+0.0000  |dz|=0.088  11.7 it/s
step   7250  L=0.0769  src=0.0377  tgt=0.0196  trans=0.0196  gain=-0.0000  |dz|=0.085  11.7 it/s
step   7300  L=0.0780  src=0.0378  tgt=0.0201  trans=0.0201  gain=-0.0000  |dz|=0.084  11.7 it/s
step   7350  L=0.4880  src=0.0709  tgt=0.2085  trans=0.2086  gain=-0.0001  |dz|=0.130  11.7 it/s
step   7400  L=0.0994  src=0.0607  tgt=0.0193  trans=0.0194  gain=-0.0001  |dz|=0.087  11.7 it/s
step   7450  L=0.1009  src=0.0377  tgt=0.0316  trans=0.0316  gain=+0.0000  |dz|=0.089  11.7 it/s
step   7500  L=0.1100  src=0.0536  tgt=0.0283  trans=0.0281  gain=+0.0002  |dz|=0.086  11.7 it/s
step   7550  L=0.1214  src=0.0525  tgt=0.0346  trans=0.0343  gain=+0.0002  |dz|=0.085  11.7 it/s
step   7600  L=0.4186  src=0.0754  tgt=0.1716  trans=0.1716  gain=+0.0000  |dz|=0.142  11.7 it/s
step   7650  L=0.1092  src=0.0486  tgt=0.0303  trans=0.0303  gain=-0.0000  |dz|=0.084  11.7 it/s
step   7700  L=0.2760  src=0.0449  tgt=0.1156  trans=0.1156  gain=-0.0000  |dz|=0.140  11.7 it/s
step   7750  L=0.1312  src=0.0675  tgt=0.0318  trans=0.0318  gain=+0.0000  |dz|=0.087  11.7 it/s
step   7800  L=0.1042  src=0.0592  tgt=0.0225  trans=0.0225  gain=+0.0000  |dz|=0.082  11.7 it/s
step   7850  L=0.0952  src=0.0530  tgt=0.0211  trans=0.0211  gain=-0.0000  |dz|=0.087  11.7 it/s
step   7900  L=0.3662  src=0.0598  tgt=0.1532  trans=0.1532  gain=-0.0000  |dz|=0.140  11.7 it/s
step   7950  L=0.1173  src=0.0325  tgt=0.0424  trans=0.0424  gain=-0.0000  |dz|=0.083  11.7 it/s
step   8000  L=0.4081  src=0.0399  tgt=0.1841  trans=0.1841  gain=-0.0000  |dz|=0.139  11.7 it/s
  [diagnostics @ 8000] loss_correct=0.0971  loss_zero=0.1066  loss_shuffled=0.0975  loss_random=0.1075  loss_target_only=0.0971  loss_mean_z=0.0974  r_basis=0.1118  |dz_transport|=0.1055  z_s_vs_enc_rel=0.5192  z_spread_rel=0.5464  gain_vs_zero=0.0096  gain_vs_shuffled=0.0004  gain_vs_target_only=0.0000  gain_vs_mean_z=0.0003  delta_task=0.0003  z_center_norm=0.1525  task_specific_frac=0.0359
    ⚠ gain_vs_zero=0.0096 looks healthy but only 3.6% of it is task-specific: one shared mean coordinate does just as well, so the basis is a constant offset, not adaptation
step   8050  L=0.3615  src=0.0353  tgt=0.1631  trans=0.1631  gain=+0.0000  |dz|=0.140  11.6 it/s
step   8100  L=0.5221  src=0.0594  tgt=0.2314  trans=0.2314  gain=-0.0000  |dz|=0.138  11.6 it/s
step   8150  L=0.1267  src=0.0670  tgt=0.0298  trans=0.0298  gain=+0.0000  |dz|=0.082  11.6 it/s
step   8200  L=0.1249  src=0.0457  tgt=0.0396  trans=0.0396  gain=+0.0000  |dz|=0.080  11.6 it/s
step   8250  L=0.0870  src=0.0537  tgt=0.0166  trans=0.0166  gain=-0.0000  |dz|=0.080  11.6 it/s
step   8300  L=0.4459  src=0.0437  tgt=0.2016  trans=0.2006  gain=+0.0010  |dz|=0.158  11.6 it/s
step   8350  L=0.4276  src=0.0739  tgt=0.1768  trans=0.1768  gain=-0.0000  |dz|=0.155  11.6 it/s
step   8400  L=0.0864  src=0.0425  tgt=0.0220  trans=0.0219  gain=+0.0000  |dz|=0.085  11.6 it/s
step   8450  L=0.1034  src=0.0502  tgt=0.0266  trans=0.0266  gain=-0.0000  |dz|=0.080  11.6 it/s
step   8500  L=0.1625  src=0.0740  tgt=0.0443  trans=0.0442  gain=+0.0000  |dz|=0.079  11.6 it/s
step   8550  L=0.1345  src=0.0736  tgt=0.0304  trans=0.0305  gain=-0.0000  |dz|=0.078  11.6 it/s
step   8600  L=0.0963  src=0.0316  tgt=0.0324  trans=0.0324  gain=+0.0000  |dz|=0.086  11.6 it/s
step   8650  L=0.4681  src=0.0767  tgt=0.1957  trans=0.1957  gain=+0.0000  |dz|=0.155  11.6 it/s
step   8700  L=0.1185  src=0.0576  tgt=0.0305  trans=0.0304  gain=+0.0001  |dz|=0.088  11.6 it/s
step   8750  L=0.0990  src=0.0590  tgt=0.0200  trans=0.0200  gain=-0.0000  |dz|=0.088  11.6 it/s
step   8800  L=0.2487  src=0.0442  tgt=0.1023  trans=0.1022  gain=+0.0001  |dz|=0.146  11.6 it/s
step   8850  L=0.4288  src=0.0552  tgt=0.1868  trans=0.1868  gain=+0.0001  |dz|=0.147  11.6 it/s
step   8900  L=0.0969  src=0.0435  tgt=0.0267  trans=0.0267  gain=+0.0000  |dz|=0.075  11.6 it/s
step   8950  L=0.4945  src=0.0550  tgt=0.2197  trans=0.2197  gain=-0.0000  |dz|=0.150  11.6 it/s
step   9000  L=0.0700  src=0.0454  tgt=0.0123  trans=0.0123  gain=+0.0000  |dz|=0.071  11.6 it/s
step   9050  L=0.0802  src=0.0494  tgt=0.0154  trans=0.0155  gain=-0.0001  |dz|=0.074  11.6 it/s
step   9100  L=0.3885  src=0.0421  tgt=0.1732  trans=0.1732  gain=+0.0000  |dz|=0.151  11.6 it/s
step   9150  L=0.0857  src=0.0436  tgt=0.0211  trans=0.0210  gain=+0.0001  |dz|=0.077  11.7 it/s
step   9200  L=0.3358  src=0.0345  tgt=0.1506  trans=0.1506  gain=+0.0000  |dz|=0.149  11.7 it/s
step   9250  L=0.1265  src=0.0793  tgt=0.0236  trans=0.0236  gain=-0.0000  |dz|=0.075  11.7 it/s
step   9300  L=0.2629  src=0.0710  tgt=0.0960  trans=0.0960  gain=+0.0000  |dz|=0.145  11.7 it/s
step   9350  L=0.0912  src=0.0556  tgt=0.0178  trans=0.0177  gain=+0.0000  |dz|=0.074  11.7 it/s
step   9400  L=0.2856  src=0.0338  tgt=0.1259  trans=0.1259  gain=-0.0000  |dz|=0.147  11.7 it/s
step   9450  L=0.2283  src=0.0526  tgt=0.0879  trans=0.0879  gain=+0.0000  |dz|=0.144  11.7 it/s
step   9500  L=0.1405  src=0.0696  tgt=0.0355  trans=0.0354  gain=+0.0000  |dz|=0.076  11.7 it/s
step   9550  L=0.0622  src=0.0280  tgt=0.0171  trans=0.0171  gain=+0.0001  |dz|=0.073  11.7 it/s
step   9600  L=0.1086  src=0.0392  tgt=0.0347  trans=0.0347  gain=-0.0000  |dz|=0.072  11.7 it/s
step   9650  L=0.1292  src=0.0635  tgt=0.0328  trans=0.0329  gain=-0.0001  |dz|=0.087  11.7 it/s
step   9700  L=0.5794  src=0.0546  tgt=0.2625  trans=0.2622  gain=+0.0003  |dz|=0.140  11.7 it/s
step   9750  L=0.3996  src=0.0405  tgt=0.1795  trans=0.1796  gain=-0.0000  |dz|=0.142  11.7 it/s
step   9800  L=0.4985  src=0.0616  tgt=0.2184  trans=0.2184  gain=+0.0000  |dz|=0.142  11.7 it/s
step   9850  L=0.0854  src=0.0504  tgt=0.0175  trans=0.0174  gain=+0.0001  |dz|=0.090  11.7 it/s
step   9900  L=0.1387  src=0.0786  tgt=0.0300  trans=0.0301  gain=-0.0001  |dz|=0.075  11.7 it/s
step   9950  L=0.0663  src=0.0185  tgt=0.0239  trans=0.0239  gain=+0.0000  |dz|=0.073  11.7 it/s
step  10000  L=0.4969  src=0.0835  tgt=0.2067  trans=0.2067  gain=-0.0000  |dz|=0.138  11.7 it/s
  [diagnostics @ 10000] loss_correct=0.0870  loss_zero=0.0921  loss_shuffled=0.0875  loss_random=0.0925  loss_target_only=0.0871  loss_mean_z=0.0875  r_basis=0.0786  |dz_transport|=0.1075  z_s_vs_enc_rel=0.6991  z_spread_rel=0.7201  gain_vs_zero=0.0050  gain_vs_shuffled=0.0004  gain_vs_target_only=0.0000  gain_vs_mean_z=0.0004  delta_task=0.0004  z_center_norm=0.1051  task_specific_frac=0.0845
  saved C:\T1D Meta Learning\code\python\meta-diffusion\experiments\linear_transport_replacement_2026-09-24\work\checkpoints\cifar_train25_basis_k16_step10000.pt
step  10050  L=0.1296  src=0.0549  tgt=0.0373  trans=0.0373  gain=-0.0000  |dz|=0.076  11.6 it/s
step  10100  L=0.0963  src=0.0345  tgt=0.0309  trans=0.0309  gain=-0.0000  |dz|=0.078  11.6 it/s
step  10150  L=0.2902  src=0.0383  tgt=0.1259  trans=0.1259  gain=+0.0000  |dz|=0.138  11.6 it/s
step  10200  L=0.0854  src=0.0349  tgt=0.0253  trans=0.0252  gain=+0.0001  |dz|=0.086  11.6 it/s
step  10250  L=0.3967  src=0.0915  tgt=0.1526  trans=0.1526  gain=-0.0000  |dz|=0.134  11.6 it/s
step  10300  L=0.1519  src=0.0789  tgt=0.0365  trans=0.0365  gain=+0.0000  |dz|=0.087  11.6 it/s
step  10350  L=0.4782  src=0.0760  tgt=0.2011  trans=0.2011  gain=+0.0000  |dz|=0.136  11.6 it/s
step  10400  L=0.1261  src=0.0630  tgt=0.0316  trans=0.0315  gain=+0.0001  |dz|=0.088  11.6 it/s
step  10450  L=0.3600  src=0.0649  tgt=0.1476  trans=0.1475  gain=+0.0000  |dz|=0.167  11.6 it/s
step  10500  L=0.1020  src=0.0453  tgt=0.0284  trans=0.0283  gain=+0.0000  |dz|=0.071  11.6 it/s
step  10550  L=0.1236  src=0.0605  tgt=0.0316  trans=0.0315  gain=+0.0000  |dz|=0.069  11.6 it/s
step  10600  L=0.0688  src=0.0274  tgt=0.0207  trans=0.0207  gain=+0.0000  |dz|=0.069  11.6 it/s
step  10650  L=0.1320  src=0.0686  tgt=0.0317  trans=0.0317  gain=+0.0000  |dz|=0.089  11.6 it/s
step  10700  L=0.1713  src=0.0735  tgt=0.0489  trans=0.0489  gain=+0.0000  |dz|=0.071  11.6 it/s
step  10750  L=0.1219  src=0.0570  tgt=0.0325  trans=0.0324  gain=+0.0001  |dz|=0.090  11.6 it/s
step  10800  L=0.3560  src=0.0350  tgt=0.1605  trans=0.1605  gain=+0.0000  |dz|=0.156  11.6 it/s
step  10850  L=0.0781  src=0.0171  tgt=0.0306  trans=0.0305  gain=+0.0000  |dz|=0.072  11.6 it/s
step  10900  L=0.1121  src=0.0500  tgt=0.0311  trans=0.0311  gain=+0.0000  |dz|=0.070  11.6 it/s
step  10950  L=0.3047  src=0.0545  tgt=0.1251  trans=0.1250  gain=+0.0001  |dz|=0.153  11.6 it/s
step  11000  L=0.1137  src=0.0604  tgt=0.0267  trans=0.0266  gain=+0.0000  |dz|=0.071  11.6 it/s
step  11050  L=0.0954  src=0.0362  tgt=0.0296  trans=0.0296  gain=+0.0000  |dz|=0.071  11.6 it/s
step  11100  L=0.4426  src=0.0376  tgt=0.2025  trans=0.2025  gain=+0.0000  |dz|=0.153  11.6 it/s
step  11150  L=0.1212  src=0.0617  tgt=0.0299  trans=0.0297  gain=+0.0002  |dz|=0.092  11.6 it/s
step  11200  L=0.1158  src=0.0474  tgt=0.0342  trans=0.0342  gain=-0.0000  |dz|=0.074  11.6 it/s
step  11250  L=0.4506  src=0.0386  tgt=0.2059  trans=0.2061  gain=-0.0002  |dz|=0.173  11.6 it/s
step  11300  L=0.4735  src=0.0271  tgt=0.2232  trans=0.2232  gain=+0.0000  |dz|=0.166  11.6 it/s
step  11350  L=0.1050  src=0.0574  tgt=0.0238  trans=0.0238  gain=+0.0000  |dz|=0.093  11.6 it/s
step  11400  L=0.4562  src=0.0636  tgt=0.1963  trans=0.1962  gain=+0.0001  |dz|=0.167  11.6 it/s
step  11450  L=0.4429  src=0.0585  tgt=0.1923  trans=0.1922  gain=+0.0001  |dz|=0.161  11.6 it/s
step  11500  L=0.1547  src=0.0461  tgt=0.0543  trans=0.0543  gain=-0.0000  |dz|=0.072  11.6 it/s
step  11550  L=0.1411  src=0.0550  tgt=0.0431  trans=0.0431  gain=-0.0000  |dz|=0.073  11.6 it/s
step  11600  L=0.2263  src=0.0220  tgt=0.1021  trans=0.1022  gain=-0.0000  |dz|=0.154  11.6 it/s
step  11650  L=0.2390  src=0.0305  tgt=0.1043  trans=0.1042  gain=+0.0001  |dz|=0.152  11.6 it/s
step  11700  L=0.4790  src=0.0868  tgt=0.1960  trans=0.1961  gain=-0.0001  |dz|=0.151  11.6 it/s
step  11750  L=0.0812  src=0.0314  tgt=0.0250  trans=0.0249  gain=+0.0001  |dz|=0.074  11.6 it/s
step  11800  L=0.1153  src=0.0615  tgt=0.0271  trans=0.0267  gain=+0.0004  |dz|=0.094  11.6 it/s
step  11850  L=0.0904  src=0.0484  tgt=0.0209  trans=0.0210  gain=-0.0001  |dz|=0.069  11.6 it/s
step  11900  L=0.3009  src=0.0183  tgt=0.1413  trans=0.1413  gain=-0.0000  |dz|=0.135  11.6 it/s
step  11950  L=0.4138  src=0.0225  tgt=0.1956  trans=0.1957  gain=-0.0000  |dz|=0.137  11.6 it/s
step  12000  L=0.0936  src=0.0588  tgt=0.0174  trans=0.0174  gain=+0.0001  |dz|=0.089  11.6 it/s
  [diagnostics @ 12000] loss_correct=0.0491  loss_zero=0.0524  loss_shuffled=0.0500  loss_random=0.0528  loss_target_only=0.0492  loss_mean_z=0.0496  r_basis=0.0623  |dz_transport|=0.0901  z_s_vs_enc_rel=0.6982  z_spread_rel=0.6266  gain_vs_zero=0.0032  gain_vs_shuffled=0.0008  gain_vs_target_only=0.0000  gain_vs_mean_z=0.0004  delta_task=0.0004  z_center_norm=0.0752  task_specific_frac=0.1325
step  12050  L=0.0664  src=0.0345  tgt=0.0159  trans=0.0160  gain=-0.0000  |dz|=0.090  11.6 it/s
step  12100  L=0.1243  src=0.0800  tgt=0.0222  trans=0.0221  gain=+0.0000  |dz|=0.070  11.6 it/s
step  12150  L=0.0787  src=0.0261  tgt=0.0263  trans=0.0263  gain=+0.0000  |dz|=0.071  11.6 it/s
step  12200  L=0.5733  src=0.0254  tgt=0.2743  trans=0.2737  gain=+0.0006  |dz|=0.139  11.6 it/s
step  12250  L=0.0857  src=0.0315  tgt=0.0271  trans=0.0271  gain=-0.0000  |dz|=0.093  11.6 it/s
step  12300  L=0.4773  src=0.0645  tgt=0.2064  trans=0.2064  gain=+0.0000  |dz|=0.140  11.6 it/s
step  12350  L=0.1091  src=0.0628  tgt=0.0231  trans=0.0231  gain=+0.0000  |dz|=0.095  11.6 it/s
step  12400  L=0.0811  src=0.0544  tgt=0.0134  trans=0.0133  gain=+0.0001  |dz|=0.093  11.6 it/s
step  12450  L=0.1113  src=0.0306  tgt=0.0404  trans=0.0403  gain=+0.0001  |dz|=0.095  11.6 it/s
step  12500  L=0.0610  src=0.0298  tgt=0.0156  trans=0.0156  gain=+0.0000  |dz|=0.071  11.6 it/s
step  12550  L=0.1904  src=0.0332  tgt=0.0786  trans=0.0785  gain=+0.0000  |dz|=0.136  11.6 it/s
step  12600  L=0.1403  src=0.0856  tgt=0.0273  trans=0.0274  gain=-0.0000  |dz|=0.071  11.6 it/s
step  12650  L=0.0914  src=0.0593  tgt=0.0160  trans=0.0160  gain=-0.0000  |dz|=0.071  11.6 it/s
step  12700  L=0.0649  src=0.0269  tgt=0.0190  trans=0.0190  gain=+0.0000  |dz|=0.071  11.6 it/s
step  12750  L=0.1421  src=0.0809  tgt=0.0306  trans=0.0306  gain=+0.0000  |dz|=0.071  11.6 it/s
step  12800  L=0.1194  src=0.0794  tgt=0.0200  trans=0.0200  gain=+0.0000  |dz|=0.095  11.6 it/s
step  12850  L=0.3988  src=0.0476  tgt=0.1757  trans=0.1755  gain=+0.0001  |dz|=0.126  11.6 it/s
step  12900  L=0.1188  src=0.0310  tgt=0.0439  trans=0.0439  gain=+0.0000  |dz|=0.095  11.6 it/s
step  12950  L=0.0922  src=0.0398  tgt=0.0262  trans=0.0262  gain=+0.0000  |dz|=0.095  11.6 it/s
step  13000  L=0.1010  src=0.0538  tgt=0.0236  trans=0.0236  gain=+0.0001  |dz|=0.072  11.6 it/s
step  13050  L=0.0908  src=0.0419  tgt=0.0244  trans=0.0245  gain=-0.0001  |dz|=0.071  11.6 it/s
step  13100  L=0.0955  src=0.0609  tgt=0.0173  trans=0.0173  gain=-0.0000  |dz|=0.103  11.6 it/s
step  13150  L=0.2389  src=0.0248  tgt=0.1071  trans=0.1070  gain=+0.0000  |dz|=0.128  11.6 it/s
step  13200  L=0.4048  src=0.0440  tgt=0.1804  trans=0.1804  gain=-0.0000  |dz|=0.127  11.6 it/s
step  13250  L=0.3627  src=0.0539  tgt=0.1545  trans=0.1544  gain=+0.0001  |dz|=0.125  11.6 it/s
step  13300  L=0.3298  src=0.0402  tgt=0.1448  trans=0.1447  gain=+0.0001  |dz|=0.127  11.6 it/s
step  13350  L=0.0695  src=0.0320  tgt=0.0188  trans=0.0187  gain=+0.0000  |dz|=0.096  11.6 it/s
step  13400  L=0.0928  src=0.0323  tgt=0.0303  trans=0.0303  gain=-0.0000  |dz|=0.091  11.6 it/s
step  13450  L=0.0952  src=0.0454  tgt=0.0248  trans=0.0249  gain=-0.0000  |dz|=0.096  11.6 it/s
step  13500  L=0.0777  src=0.0260  tgt=0.0259  trans=0.0259  gain=-0.0000  |dz|=0.068  11.6 it/s
step  13550  L=0.1145  src=0.0579  tgt=0.0283  trans=0.0283  gain=+0.0000  |dz|=0.061  11.6 it/s
step  13600  L=0.0609  src=0.0213  tgt=0.0198  trans=0.0198  gain=+0.0000  |dz|=0.064  11.6 it/s
step  13650  L=0.4915  src=0.0628  tgt=0.2144  trans=0.2144  gain=-0.0000  |dz|=0.116  11.6 it/s
step  13700  L=0.0721  src=0.0266  tgt=0.0227  trans=0.0227  gain=+0.0000  |dz|=0.091  11.6 it/s
step  13750  L=0.3753  src=0.0813  tgt=0.1470  trans=0.1470  gain=+0.0000  |dz|=0.124  11.6 it/s
step  13800  L=0.2894  src=0.0407  tgt=0.1244  trans=0.1244  gain=-0.0000  |dz|=0.121  11.6 it/s
step  13850  L=0.0993  src=0.0261  tgt=0.0366  trans=0.0367  gain=-0.0000  |dz|=0.064  11.6 it/s
step  13900  L=0.1578  src=0.0548  tgt=0.0515  trans=0.0515  gain=-0.0000  |dz|=0.094  11.6 it/s
step  13950  L=0.0679  src=0.0254  tgt=0.0212  trans=0.0212  gain=-0.0000  |dz|=0.061  11.6 it/s
step  14000  L=0.0942  src=0.0300  tgt=0.0321  trans=0.0321  gain=-0.0000  |dz|=0.097  11.6 it/s
  [diagnostics @ 14000] loss_correct=0.0772  loss_zero=0.0786  loss_shuffled=0.0786  loss_random=0.0789  loss_target_only=0.0772  loss_mean_z=0.0779  r_basis=0.0392  |dz_transport|=0.0981  z_s_vs_enc_rel=0.9760  z_spread_rel=0.9572  gain_vs_zero=0.0014  gain_vs_shuffled=0.0014  gain_vs_target_only=0.0000  gain_vs_mean_z=0.0007  delta_task=0.0007  z_center_norm=0.0622  task_specific_frac=0.4989
step  14050  L=0.0633  src=0.0191  tgt=0.0221  trans=0.0221  gain=+0.0000  |dz|=0.064  11.6 it/s
step  14100  L=0.0615  src=0.0231  tgt=0.0192  trans=0.0192  gain=-0.0000  |dz|=0.097  11.6 it/s
step  14150  L=0.1135  src=0.0453  tgt=0.0341  trans=0.0341  gain=+0.0000  |dz|=0.074  11.6 it/s
step  14200  L=0.4275  src=0.0629  tgt=0.1823  trans=0.1823  gain=-0.0000  |dz|=0.166  11.6 it/s
step  14250  L=0.0925  src=0.0401  tgt=0.0262  trans=0.0262  gain=+0.0000  |dz|=0.060  11.6 it/s
step  14300  L=0.3767  src=0.0185  tgt=0.1793  trans=0.1790  gain=+0.0003  |dz|=0.143  11.6 it/s
step  14350  L=0.1352  src=0.0576  tgt=0.0388  trans=0.0388  gain=+0.0000  |dz|=0.092  11.6 it/s
step  14400  L=0.2864  src=0.0288  tgt=0.1288  trans=0.1287  gain=+0.0000  |dz|=0.143  11.6 it/s
step  14450  L=0.1010  src=0.0480  tgt=0.0265  trans=0.0265  gain=+0.0001  |dz|=0.063  11.6 it/s
step  14500  L=0.2947  src=0.0240  tgt=0.1354  trans=0.1354  gain=+0.0000  |dz|=0.140  11.6 it/s
step  14550  L=0.0545  src=0.0233  tgt=0.0156  trans=0.0156  gain=+0.0000  |dz|=0.062  11.6 it/s
step  14600  L=0.2581  src=0.0235  tgt=0.1174  trans=0.1173  gain=+0.0001  |dz|=0.139  11.6 it/s
step  14650  L=0.3913  src=0.0432  tgt=0.1741  trans=0.1741  gain=-0.0000  |dz|=0.137  11.6 it/s
step  14700  L=0.0819  src=0.0276  tgt=0.0272  trans=0.0271  gain=+0.0000  |dz|=0.092  11.6 it/s
step  14750  L=0.0630  src=0.0249  tgt=0.0191  trans=0.0190  gain=+0.0000  |dz|=0.090  11.6 it/s
step  14800  L=0.1200  src=0.0312  tgt=0.0445  trans=0.0444  gain=+0.0001  |dz|=0.063  11.6 it/s
step  14850  L=0.0647  src=0.0165  tgt=0.0241  trans=0.0241  gain=+0.0000  |dz|=0.091  11.6 it/s
step  14900  L=0.3929  src=0.0367  tgt=0.1782  trans=0.1781  gain=+0.0001  |dz|=0.132  11.6 it/s
step  14950  L=0.0818  src=0.0449  tgt=0.0185  trans=0.0185  gain=-0.0000  |dz|=0.061  11.6 it/s
step  15000  L=0.0868  src=0.0376  tgt=0.0246  trans=0.0246  gain=+0.0000  |dz|=0.092  11.6 it/s
step  15050  L=0.1060  src=0.0544  tgt=0.0258  trans=0.0258  gain=-0.0000  |dz|=0.090  11.6 it/s
step  15100  L=0.1018  src=0.0600  tgt=0.0209  trans=0.0209  gain=+0.0000  |dz|=0.092  11.6 it/s
step  15150  L=0.0777  src=0.0268  tgt=0.0254  trans=0.0255  gain=-0.0001  |dz|=0.088  11.6 it/s
step  15200  L=0.1080  src=0.0445  tgt=0.0317  trans=0.0318  gain=-0.0000  |dz|=0.062  11.6 it/s
step  15250  L=0.1449  src=0.0438  tgt=0.0505  trans=0.0505  gain=-0.0000  |dz|=0.061  11.6 it/s
step  15300  L=0.0794  src=0.0219  tgt=0.0287  trans=0.0287  gain=+0.0000  |dz|=0.094  11.6 it/s
step  15350  L=0.0722  src=0.0306  tgt=0.0208  trans=0.0208  gain=-0.0000  |dz|=0.097  11.6 it/s
step  15400  L=0.0921  src=0.0264  tgt=0.0329  trans=0.0328  gain=+0.0000  |dz|=0.061  11.6 it/s
step  15450  L=0.1892  src=0.0335  tgt=0.0779  trans=0.0778  gain=+0.0000  |dz|=0.117  11.6 it/s
step  15500  L=0.0865  src=0.0429  tgt=0.0218  trans=0.0218  gain=+0.0000  |dz|=0.063  11.6 it/s
step  15550  L=0.0978  src=0.0459  tgt=0.0260  trans=0.0259  gain=+0.0000  |dz|=0.093  11.6 it/s
step  15600  L=0.0983  src=0.0452  tgt=0.0266  trans=0.0265  gain=+0.0001  |dz|=0.063  11.6 it/s
step  15650  L=0.4100  src=0.0240  tgt=0.1930  trans=0.1929  gain=+0.0001  |dz|=0.115  11.6 it/s
step  15700  L=0.0911  src=0.0308  tgt=0.0301  trans=0.0302  gain=-0.0000  |dz|=0.091  11.6 it/s
step  15750  L=0.0968  src=0.0388  tgt=0.0290  trans=0.0290  gain=+0.0000  |dz|=0.091  11.6 it/s
step  15800  L=0.4572  src=0.0458  tgt=0.2057  trans=0.2057  gain=+0.0000  |dz|=0.111  11.6 it/s
step  15850  L=0.4566  src=0.0196  tgt=0.2185  trans=0.2185  gain=-0.0001  |dz|=0.119  11.6 it/s
step  15900  L=0.0831  src=0.0245  tgt=0.0293  trans=0.0292  gain=+0.0001  |dz|=0.092  11.6 it/s
step  15950  L=0.1168  src=0.0382  tgt=0.0393  trans=0.0393  gain=-0.0000  |dz|=0.057  11.6 it/s
step  16000  L=0.0912  src=0.0509  tgt=0.0201  trans=0.0201  gain=+0.0000  |dz|=0.059  11.6 it/s
  [diagnostics @ 16000] loss_correct=0.0730  loss_zero=0.0742  loss_shuffled=0.0750  loss_random=0.0745  loss_target_only=0.0731  loss_mean_z=0.0740  r_basis=0.0334  |dz_transport|=0.0946  z_s_vs_enc_rel=1.0831  z_spread_rel=1.0339  gain_vs_zero=0.0012  gain_vs_shuffled=0.0019  gain_vs_target_only=0.0001  gain_vs_mean_z=0.0009  delta_task=0.0009  z_center_norm=0.0497  task_specific_frac=0.8053
step  16050  L=0.0603  src=0.0210  tgt=0.0197  trans=0.0196  gain=+0.0000  |dz|=0.088  11.6 it/s
step  16100  L=0.0972  src=0.0468  tgt=0.0252  trans=0.0252  gain=+0.0000  |dz|=0.059  11.6 it/s
step  16150  L=0.1907  src=0.0343  tgt=0.0782  trans=0.0782  gain=-0.0000  |dz|=0.126  11.6 it/s
step  16200  L=0.1020  src=0.0547  tgt=0.0237  trans=0.0236  gain=+0.0000  |dz|=0.059  11.6 it/s
step  16250  L=0.3283  src=0.0301  tgt=0.1491  trans=0.1491  gain=+0.0000  |dz|=0.117  11.6 it/s
step  16300  L=0.1153  src=0.0553  tgt=0.0300  trans=0.0300  gain=-0.0000  |dz|=0.057  11.6 it/s
step  16350  L=0.0693  src=0.0274  tgt=0.0209  trans=0.0209  gain=+0.0000  |dz|=0.055  11.6 it/s
step  16400  L=0.0631  src=0.0121  tgt=0.0255  trans=0.0255  gain=+0.0000  |dz|=0.092  11.6 it/s
step  16450  L=0.1050  src=0.0519  tgt=0.0265  trans=0.0266  gain=-0.0000  |dz|=0.054  11.6 it/s
step  16500  L=0.1082  src=0.0327  tgt=0.0377  trans=0.0378  gain=-0.0000  |dz|=0.088  11.6 it/s
step  16550  L=0.0790  src=0.0526  tgt=0.0133  trans=0.0132  gain=+0.0001  |dz|=0.054  11.6 it/s
step  16600  L=0.4893  src=0.0478  tgt=0.2208  trans=0.2207  gain=+0.0000  |dz|=0.114  11.6 it/s
step  16650  L=0.1022  src=0.0279  tgt=0.0372  trans=0.0372  gain=-0.0000  |dz|=0.091  11.6 it/s
step  16700  L=0.0812  src=0.0301  tgt=0.0256  trans=0.0256  gain=-0.0000  |dz|=0.058  11.6 it/s
step  16750  L=0.2193  src=0.0202  tgt=0.0996  trans=0.0996  gain=-0.0000  |dz|=0.114  11.6 it/s
step  16800  L=0.1079  src=0.0428  tgt=0.0325  trans=0.0326  gain=-0.0000  |dz|=0.091  11.6 it/s
step  16850  L=0.0997  src=0.0457  tgt=0.0270  trans=0.0270  gain=+0.0000  |dz|=0.056  11.6 it/s
step  16900  L=0.2830  src=0.0420  tgt=0.1205  trans=0.1206  gain=-0.0001  |dz|=0.108  11.6 it/s
step  16950  L=0.0703  src=0.0255  tgt=0.0224  trans=0.0224  gain=-0.0000  |dz|=0.088  11.6 it/s
step  17000  L=0.3515  src=0.0390  tgt=0.1563  trans=0.1562  gain=+0.0001  |dz|=0.131  11.6 it/s
step  17050  L=0.3026  src=0.0362  tgt=0.1332  trans=0.1332  gain=+0.0000  |dz|=0.129  11.6 it/s
step  17100  L=0.1194  src=0.0555  tgt=0.0320  trans=0.0319  gain=+0.0000  |dz|=0.055  11.6 it/s
step  17150  L=0.1020  src=0.0457  tgt=0.0281  trans=0.0281  gain=+0.0000  |dz|=0.054  11.6 it/s
step  17200  L=0.2524  src=0.0462  tgt=0.1031  trans=0.1031  gain=-0.0000  |dz|=0.119  11.6 it/s
step  17250  L=0.1151  src=0.0382  tgt=0.0385  trans=0.0384  gain=+0.0000  |dz|=0.051  11.6 it/s
step  17300  L=0.0893  src=0.0368  tgt=0.0263  trans=0.0263  gain=+0.0000  |dz|=0.090  11.6 it/s
step  17350  L=0.0789  src=0.0437  tgt=0.0176  trans=0.0175  gain=+0.0001  |dz|=0.091  11.6 it/s
step  17400  L=0.0552  src=0.0330  tgt=0.0110  trans=0.0111  gain=-0.0000  |dz|=0.051  11.6 it/s
step  17450  L=0.0632  src=0.0200  tgt=0.0216  trans=0.0216  gain=-0.0000  |dz|=0.054  11.6 it/s
step  17500  L=0.0672  src=0.0180  tgt=0.0246  trans=0.0246  gain=-0.0000  |dz|=0.093  11.6 it/s
step  17550  L=0.1022  src=0.0379  tgt=0.0322  trans=0.0321  gain=+0.0000  |dz|=0.054  11.6 it/s
step  17600  L=0.1414  src=0.0692  tgt=0.0361  trans=0.0361  gain=+0.0000  |dz|=0.093  11.6 it/s
step  17650  L=0.2812  src=0.0323  tgt=0.1245  trans=0.1245  gain=-0.0000  |dz|=0.112  11.6 it/s
step  17700  L=0.0795  src=0.0465  tgt=0.0165  trans=0.0165  gain=+0.0000  |dz|=0.054  11.6 it/s
step  17750  L=0.0681  src=0.0273  tgt=0.0204  trans=0.0204  gain=+0.0000  |dz|=0.053  11.6 it/s
step  17800  L=0.0692  src=0.0313  tgt=0.0190  trans=0.0190  gain=-0.0000  |dz|=0.054  11.6 it/s
step  17850  L=0.1092  src=0.0464  tgt=0.0314  trans=0.0314  gain=+0.0000  |dz|=0.091  11.6 it/s
step  17900  L=0.0925  src=0.0529  tgt=0.0198  trans=0.0198  gain=-0.0000  |dz|=0.052  11.6 it/s
step  17950  L=0.4354  src=0.0319  tgt=0.2017  trans=0.2018  gain=-0.0001  |dz|=0.148  11.6 it/s
step  18000  L=0.3257  src=0.0278  tgt=0.1491  trans=0.1488  gain=+0.0003  |dz|=0.151  11.6 it/s
  [diagnostics @ 18000] loss_correct=0.0924  loss_zero=0.0935  loss_shuffled=0.0941  loss_random=0.0936  loss_target_only=0.0924  loss_mean_z=0.0938  r_basis=0.0312  |dz_transport|=0.0914  z_s_vs_enc_rel=1.2030  z_spread_rel=1.1635  gain_vs_zero=0.0011  gain_vs_shuffled=0.0017  gain_vs_target_only=0.0000  gain_vs_mean_z=0.0014  delta_task=0.0014  z_center_norm=0.0439  task_specific_frac=1.3611
step  18050  L=0.2485  src=0.0154  tgt=0.1166  trans=0.1165  gain=+0.0001  |dz|=0.141  11.6 it/s
step  18100  L=0.0889  src=0.0274  tgt=0.0307  trans=0.0308  gain=-0.0001  |dz|=0.051  11.6 it/s
step  18150  L=0.0511  src=0.0173  tgt=0.0169  trans=0.0169  gain=-0.0000  |dz|=0.052  11.6 it/s
step  18200  L=0.5493  src=0.0164  tgt=0.2664  trans=0.2665  gain=-0.0000  |dz|=0.136  11.6 it/s
step  18250  L=0.0632  src=0.0216  tgt=0.0208  trans=0.0208  gain=+0.0000  |dz|=0.088  11.6 it/s
step  18300  L=0.0901  src=0.0309  tgt=0.0296  trans=0.0296  gain=+0.0000  |dz|=0.052  11.6 it/s
step  18350  L=0.2864  src=0.0239  tgt=0.1313  trans=0.1313  gain=-0.0000  |dz|=0.129  11.6 it/s
step  18400  L=0.3932  src=0.0733  tgt=0.1600  trans=0.1599  gain=+0.0001  |dz|=0.131  11.6 it/s
step  18450  L=0.0959  src=0.0252  tgt=0.0353  trans=0.0354  gain=-0.0000  |dz|=0.090  11.6 it/s
step  18500  L=0.1061  src=0.0479  tgt=0.0291  trans=0.0291  gain=-0.0000  |dz|=0.053  11.6 it/s
step  18550  L=0.0754  src=0.0280  tgt=0.0237  trans=0.0237  gain=+0.0000  |dz|=0.088  11.6 it/s
step  18600  L=0.0841  src=0.0357  tgt=0.0243  trans=0.0241  gain=+0.0001  |dz|=0.046  11.6 it/s
step  18650  L=0.6364  src=0.0236  tgt=0.3064  trans=0.3064  gain=-0.0000  |dz|=0.123  11.6 it/s
step  18700  L=0.1023  src=0.0473  tgt=0.0275  trans=0.0275  gain=+0.0000  |dz|=0.084  11.6 it/s
step  18750  L=0.0791  src=0.0383  tgt=0.0204  trans=0.0204  gain=+0.0000  |dz|=0.086  11.6 it/s
step  18800  L=0.0643  src=0.0348  tgt=0.0148  trans=0.0147  gain=+0.0001  |dz|=0.046  11.6 it/s
step  18850  L=0.3418  src=0.0658  tgt=0.1380  trans=0.1380  gain=-0.0000  |dz|=0.120  11.6 it/s
step  18900  L=0.0972  src=0.0516  tgt=0.0228  trans=0.0228  gain=-0.0000  |dz|=0.047  11.6 it/s
step  18950  L=0.3950  src=0.0582  tgt=0.1684  trans=0.1684  gain=-0.0000  |dz|=0.119  11.6 it/s
step  19000  L=0.2707  src=0.0117  tgt=0.1295  trans=0.1295  gain=+0.0000  |dz|=0.120  11.6 it/s
step  19050  L=0.2546  src=0.0268  tgt=0.1139  trans=0.1139  gain=-0.0000  |dz|=0.118  11.6 it/s
step  19100  L=0.0645  src=0.0198  tgt=0.0224  trans=0.0223  gain=+0.0000  |dz|=0.087  11.6 it/s
step  19150  L=0.0664  src=0.0360  tgt=0.0152  trans=0.0152  gain=-0.0000  |dz|=0.042  11.6 it/s
step  19200  L=0.0925  src=0.0201  tgt=0.0362  trans=0.0362  gain=+0.0000  |dz|=0.047  11.6 it/s
step  19250  L=0.4795  src=0.0180  tgt=0.2307  trans=0.2308  gain=-0.0000  |dz|=0.115  11.6 it/s
step  19300  L=0.1434  src=0.0669  tgt=0.0382  trans=0.0382  gain=+0.0000  |dz|=0.090  11.6 it/s
step  19350  L=0.3582  src=0.0533  tgt=0.1525  trans=0.1525  gain=-0.0000  |dz|=0.114  11.6 it/s
step  19400  L=0.1045  src=0.0449  tgt=0.0298  trans=0.0298  gain=-0.0000  |dz|=0.089  11.6 it/s
step  19450  L=0.3286  src=0.0331  tgt=0.1477  trans=0.1477  gain=-0.0000  |dz|=0.114  11.6 it/s
step  19500  L=0.1135  src=0.0321  tgt=0.0407  trans=0.0407  gain=+0.0000  |dz|=0.047  11.6 it/s
step  19550  L=0.2610  src=0.0240  tgt=0.1185  trans=0.1185  gain=+0.0000  |dz|=0.114  11.6 it/s
step  19600  L=0.0820  src=0.0292  tgt=0.0264  trans=0.0264  gain=+0.0000  |dz|=0.046  11.6 it/s
step  19650  L=0.4841  src=0.0143  tgt=0.2349  trans=0.2349  gain=+0.0000  |dz|=0.109  11.6 it/s
step  19700  L=0.3248  src=0.0333  tgt=0.1458  trans=0.1457  gain=+0.0000  |dz|=0.112  11.6 it/s
step  19750  L=0.4508  src=0.0540  tgt=0.1984  trans=0.1984  gain=+0.0001  |dz|=0.112  11.6 it/s
step  19800  L=0.3061  src=0.0298  tgt=0.1382  trans=0.1381  gain=+0.0000  |dz|=0.113  11.6 it/s
step  19850  L=0.1331  src=0.0328  tgt=0.0501  trans=0.0501  gain=+0.0000  |dz|=0.048  11.6 it/s
step  19900  L=0.1226  src=0.0698  tgt=0.0264  trans=0.0264  gain=+0.0000  |dz|=0.047  11.6 it/s
step  19950  L=0.3070  src=0.0192  tgt=0.1440  trans=0.1438  gain=+0.0001  |dz|=0.120  11.6 it/s
step  20000  L=0.1195  src=0.0442  tgt=0.0377  trans=0.0376  gain=+0.0000  |dz|=0.091  11.6 it/s
  [diagnostics @ 20000] loss_correct=0.0964  loss_zero=0.0975  loss_shuffled=0.0992  loss_random=0.0977  loss_target_only=0.0964  loss_mean_z=0.0981  r_basis=0.0305  |dz_transport|=0.0956  z_s_vs_enc_rel=1.3539  z_spread_rel=1.1977  gain_vs_zero=0.0011  gain_vs_shuffled=0.0028  gain_vs_target_only=0.0001  gain_vs_mean_z=0.0017  delta_task=0.0017  z_center_norm=0.0389  task_specific_frac=1.5847
  saved C:\T1D Meta Learning\code\python\meta-diffusion\experiments\linear_transport_replacement_2026-09-24\work\checkpoints\cifar_train25_basis_k16_step20000.pt
step  20050  L=0.0702  src=0.0265  tgt=0.0218  trans=0.0218  gain=-0.0000  |dz|=0.087  11.6 it/s
step  20100  L=0.0631  src=0.0203  tgt=0.0215  trans=0.0214  gain=+0.0001  |dz|=0.092  11.6 it/s
step  20150  L=0.0922  src=0.0188  tgt=0.0367  trans=0.0367  gain=-0.0000  |dz|=0.045  11.6 it/s
step  20200  L=0.1087  src=0.0352  tgt=0.0368  trans=0.0368  gain=+0.0001  |dz|=0.089  11.6 it/s
step  20250  L=0.3873  src=0.0318  tgt=0.1778  trans=0.1777  gain=+0.0001  |dz|=0.119  11.6 it/s
step  20300  L=0.1080  src=0.0257  tgt=0.0411  trans=0.0411  gain=+0.0000  |dz|=0.046  11.6 it/s
step  20350  L=0.3485  src=0.0325  tgt=0.1580  trans=0.1579  gain=+0.0001  |dz|=0.118  11.6 it/s
step  20400  L=0.0687  src=0.0296  tgt=0.0196  trans=0.0196  gain=+0.0001  |dz|=0.084  11.6 it/s
step  20450  L=0.2872  src=0.0374  tgt=0.1248  trans=0.1249  gain=-0.0000  |dz|=0.116  11.6 it/s
step  20500  L=0.3141  src=0.0362  tgt=0.1389  trans=0.1389  gain=-0.0000  |dz|=0.115  11.6 it/s
step  20550  L=0.3293  src=0.0156  tgt=0.1569  trans=0.1568  gain=+0.0001  |dz|=0.113  11.6 it/s
step  20600  L=0.3766  src=0.0347  tgt=0.1709  trans=0.1710  gain=-0.0001  |dz|=0.116  11.6 it/s
step  20650  L=0.1044  src=0.0400  tgt=0.0322  trans=0.0322  gain=+0.0000  |dz|=0.046  11.6 it/s
step  20700  L=0.0681  src=0.0230  tgt=0.0226  trans=0.0226  gain=+0.0000  |dz|=0.046  11.6 it/s
step  20750  L=0.3291  src=0.0287  tgt=0.1502  trans=0.1502  gain=-0.0000  |dz|=0.110  11.6 it/s
step  20800  L=0.3299  src=0.0372  tgt=0.1464  trans=0.1464  gain=-0.0000  |dz|=0.109  11.6 it/s
step  20850  L=0.0674  src=0.0216  tgt=0.0229  trans=0.0229  gain=+0.0000  |dz|=0.087  11.6 it/s
step  20900  L=0.0721  src=0.0319  tgt=0.0201  trans=0.0201  gain=-0.0000  |dz|=0.042  11.6 it/s
step  20950  L=0.3656  src=0.0229  tgt=0.1713  trans=0.1713  gain=-0.0000  |dz|=0.108  11.6 it/s
step  21000  L=0.3269  src=0.0251  tgt=0.1509  trans=0.1509  gain=+0.0000  |dz|=0.109  11.6 it/s
step  21050  L=0.0689  src=0.0133  tgt=0.0278  trans=0.0278  gain=+0.0001  |dz|=0.089  11.6 it/s
step  21100  L=0.0628  src=0.0334  tgt=0.0147  trans=0.0147  gain=+0.0000  |dz|=0.089  11.6 it/s
step  21150  L=0.2566  src=0.0160  tgt=0.1203  trans=0.1203  gain=-0.0000  |dz|=0.108  11.6 it/s
step  21200  L=0.0647  src=0.0176  tgt=0.0235  trans=0.0235  gain=-0.0000  |dz|=0.079  11.6 it/s
step  21250  L=0.4117  src=0.0437  tgt=0.1840  trans=0.1840  gain=-0.0000  |dz|=0.107  11.6 it/s
step  21300  L=0.3489  src=0.0261  tgt=0.1613  trans=0.1614  gain=-0.0000  |dz|=0.109  11.6 it/s
step  21350  L=0.0811  src=0.0315  tgt=0.0248  trans=0.0248  gain=-0.0000  |dz|=0.086  11.6 it/s
step  21400  L=0.0913  src=0.0311  tgt=0.0302  trans=0.0301  gain=+0.0001  |dz|=0.083  11.6 it/s
step  21450  L=0.0864  src=0.0243  tgt=0.0310  trans=0.0311  gain=-0.0000  |dz|=0.085  11.6 it/s
step  21500  L=0.0917  src=0.0545  tgt=0.0186  trans=0.0186  gain=+0.0000  |dz|=0.044  11.6 it/s
step  21550  L=0.1040  src=0.0267  tgt=0.0386  trans=0.0386  gain=+0.0000  |dz|=0.086  11.6 it/s
step  21600  L=0.4538  src=0.0340  tgt=0.2099  trans=0.2099  gain=-0.0001  |dz|=0.106  11.6 it/s
step  21650  L=0.1413  src=0.0442  tgt=0.0486  trans=0.0485  gain=+0.0001  |dz|=0.046  11.6 it/s
step  21700  L=0.3444  src=0.0307  tgt=0.1568  trans=0.1568  gain=-0.0000  |dz|=0.104  11.6 it/s
step  21750  L=0.1448  src=0.0352  tgt=0.0548  trans=0.0548  gain=+0.0001  |dz|=0.042  11.6 it/s
step  21800  L=0.1025  src=0.0503  tgt=0.0261  trans=0.0261  gain=+0.0000  |dz|=0.087  11.6 it/s
step  21850  L=0.0480  src=0.0164  tgt=0.0158  trans=0.0158  gain=-0.0000  |dz|=0.041  11.6 it/s
step  21900  L=0.0722  src=0.0227  tgt=0.0248  trans=0.0247  gain=+0.0000  |dz|=0.088  11.6 it/s
step  21950  L=0.0650  src=0.0201  tgt=0.0224  trans=0.0224  gain=-0.0000  |dz|=0.088  11.6 it/s
step  22000  L=0.6141  src=0.0274  tgt=0.2934  trans=0.2933  gain=+0.0000  |dz|=0.109  11.6 it/s
  [diagnostics @ 22000] loss_correct=0.0868  loss_zero=0.0879  loss_shuffled=0.0891  loss_random=0.0881  loss_target_only=0.0869  loss_mean_z=0.0883  r_basis=0.0304  |dz_transport|=0.0813  z_s_vs_enc_rel=1.2374  z_spread_rel=1.2088  gain_vs_zero=0.0010  gain_vs_shuffled=0.0023  gain_vs_target_only=0.0001  gain_vs_mean_z=0.0015  delta_task=0.0015  z_center_norm=0.0336  task_specific_frac=1.3895
step  22050  L=0.0817  src=0.0257  tgt=0.0285  trans=0.0275  gain=+0.0010  |dz|=0.086  11.6 it/s
step  22100  L=0.2613  src=0.0378  tgt=0.1115  trans=0.1120  gain=-0.0005  |dz|=0.128  11.6 it/s
step  22150  L=0.3771  src=0.0221  tgt=0.1776  trans=0.1774  gain=+0.0003  |dz|=0.123  11.6 it/s
step  22200  L=0.0960  src=0.0447  tgt=0.0256  trans=0.0256  gain=-0.0000  |dz|=0.094  11.6 it/s
step  22250  L=0.0895  src=0.0309  tgt=0.0293  trans=0.0293  gain=+0.0000  |dz|=0.041  11.6 it/s
step  22300  L=0.0865  src=0.0398  tgt=0.0234  trans=0.0234  gain=-0.0000  |dz|=0.095  11.6 it/s
step  22350  L=0.0902  src=0.0380  tgt=0.0261  trans=0.0261  gain=-0.0000  |dz|=0.096  11.6 it/s
step  22400  L=0.0668  src=0.0228  tgt=0.0220  trans=0.0220  gain=-0.0000  |dz|=0.090  11.6 it/s
step  22450  L=0.0938  src=0.0274  tgt=0.0332  trans=0.0332  gain=+0.0000  |dz|=0.090  11.6 it/s
step  22500  L=0.4523  src=0.0564  tgt=0.1979  trans=0.1979  gain=+0.0000  |dz|=0.117  11.6 it/s
step  22550  L=0.0935  src=0.0579  tgt=0.0178  trans=0.0178  gain=+0.0000  |dz|=0.090  11.6 it/s
step  22600  L=0.0948  src=0.0333  tgt=0.0308  trans=0.0307  gain=+0.0000  |dz|=0.089  11.6 it/s
step  22650  L=0.4057  src=0.0281  tgt=0.1888  trans=0.1888  gain=+0.0000  |dz|=0.115  11.6 it/s
step  22700  L=0.1023  src=0.0708  tgt=0.0158  trans=0.0158  gain=-0.0000  |dz|=0.092  11.6 it/s
step  22750  L=0.0563  src=0.0348  tgt=0.0107  trans=0.0107  gain=+0.0000  |dz|=0.089  11.6 it/s
step  22800  L=0.0765  src=0.0324  tgt=0.0220  trans=0.0220  gain=+0.0000  |dz|=0.084  11.6 it/s
step  22850  L=0.4260  src=0.0318  tgt=0.1971  trans=0.1971  gain=+0.0000  |dz|=0.112  11.6 it/s
step  22900  L=0.5031  src=0.0320  tgt=0.2356  trans=0.2356  gain=-0.0000  |dz|=0.112  11.6 it/s
step  22950  L=0.2422  src=0.0288  tgt=0.1067  trans=0.1067  gain=-0.0000  |dz|=0.112  11.6 it/s
step  23000  L=0.0813  src=0.0286  tgt=0.0264  trans=0.0264  gain=-0.0000  |dz|=0.041  11.6 it/s
step  23050  L=0.0646  src=0.0178  tgt=0.0234  trans=0.0234  gain=+0.0000  |dz|=0.087  11.6 it/s
step  23100  L=0.0667  src=0.0219  tgt=0.0224  trans=0.0224  gain=+0.0000  |dz|=0.088  11.6 it/s
step  23150  L=0.3075  src=0.0311  tgt=0.1383  trans=0.1382  gain=+0.0001  |dz|=0.110  11.6 it/s
step  23200  L=0.1189  src=0.0643  tgt=0.0273  trans=0.0273  gain=-0.0000  |dz|=0.087  11.6 it/s
step  23250  L=0.0694  src=0.0191  tgt=0.0252  trans=0.0252  gain=-0.0000  |dz|=0.086  11.6 it/s
step  23300  L=0.0895  src=0.0314  tgt=0.0291  trans=0.0290  gain=+0.0000  |dz|=0.043  11.6 it/s
step  23350  L=0.1614  src=0.0253  tgt=0.0680  trans=0.0681  gain=-0.0001  |dz|=0.042  11.6 it/s
step  23400  L=0.3041  src=0.0544  tgt=0.1248  trans=0.1248  gain=+0.0001  |dz|=0.115  11.6 it/s
step  23450  L=0.0702  src=0.0125  tgt=0.0288  trans=0.0288  gain=+0.0000  |dz|=0.094  11.6 it/s
step  23500  L=0.4594  src=0.0366  tgt=0.2114  trans=0.2114  gain=+0.0000  |dz|=0.113  11.6 it/s
step  23550  L=0.4230  src=0.0349  tgt=0.1940  trans=0.1941  gain=-0.0000  |dz|=0.112  11.6 it/s
step  23600  L=0.0917  src=0.0280  tgt=0.0319  trans=0.0318  gain=+0.0000  |dz|=0.042  11.6 it/s
step  23650  L=0.4129  src=0.0705  tgt=0.1712  trans=0.1712  gain=+0.0000  |dz|=0.112  11.6 it/s
step  23700  L=0.4276  src=0.0302  tgt=0.1987  trans=0.1987  gain=-0.0000  |dz|=0.110  11.6 it/s
step  23750  L=0.3692  src=0.0193  tgt=0.1750  trans=0.1749  gain=+0.0001  |dz|=0.112  11.6 it/s
step  23800  L=0.0808  src=0.0433  tgt=0.0188  trans=0.0187  gain=+0.0000  |dz|=0.091  11.6 it/s
step  23850  L=0.0777  src=0.0349  tgt=0.0214  trans=0.0214  gain=-0.0000  |dz|=0.090  11.6 it/s
step  23900  L=0.0698  src=0.0247  tgt=0.0226  trans=0.0226  gain=-0.0000  |dz|=0.042  11.6 it/s
step  23950  L=0.4536  src=0.0604  tgt=0.1966  trans=0.1966  gain=+0.0000  |dz|=0.119  11.6 it/s
step  24000  L=0.4119  src=0.0624  tgt=0.1748  trans=0.1747  gain=+0.0000  |dz|=0.118  11.6 it/s
  [diagnostics @ 24000] loss_correct=0.0774  loss_zero=0.0787  loss_shuffled=0.0804  loss_random=0.0790  loss_target_only=0.0775  loss_mean_z=0.0792  r_basis=0.0320  |dz_transport|=0.0883  z_s_vs_enc_rel=1.3701  z_spread_rel=1.1688  gain_vs_zero=0.0013  gain_vs_shuffled=0.0030  gain_vs_target_only=0.0001  gain_vs_mean_z=0.0018  delta_task=0.0018  z_center_norm=0.0350  task_specific_frac=1.3624
step  24050  L=0.2717  src=0.0224  tgt=0.1246  trans=0.1247  gain=-0.0000  |dz|=0.116  11.6 it/s
step  24100  L=0.2404  src=0.0236  tgt=0.1084  trans=0.1084  gain=-0.0000  |dz|=0.117  11.6 it/s
step  24150  L=0.3887  src=0.0393  tgt=0.1747  trans=0.1747  gain=-0.0000  |dz|=0.115  11.6 it/s
step  24200  L=0.3142  src=0.0470  tgt=0.1336  trans=0.1336  gain=+0.0000  |dz|=0.112  11.6 it/s
step  24250  L=0.1010  src=0.0424  tgt=0.0293  trans=0.0293  gain=-0.0000  |dz|=0.041  11.6 it/s
step  24300  L=0.3601  src=0.0183  tgt=0.1709  trans=0.1709  gain=+0.0000  |dz|=0.108  11.6 it/s
step  24350  L=0.4150  src=0.0245  tgt=0.1952  trans=0.1952  gain=+0.0000  |dz|=0.109  11.6 it/s
step  24400  L=0.0840  src=0.0279  tgt=0.0281  trans=0.0280  gain=+0.0001  |dz|=0.087  11.6 it/s
step  24450  L=0.0941  src=0.0303  tgt=0.0319  trans=0.0319  gain=+0.0000  |dz|=0.042  11.6 it/s
step  24500  L=0.1086  src=0.0335  tgt=0.0376  trans=0.0376  gain=-0.0000  |dz|=0.043  11.6 it/s
step  24550  L=0.0662  src=0.0294  tgt=0.0185  trans=0.0183  gain=+0.0002  |dz|=0.087  11.6 it/s
step  24600  L=0.0806  src=0.0230  tgt=0.0288  trans=0.0288  gain=-0.0000  |dz|=0.043  11.6 it/s
step  24650  L=0.4826  src=0.0411  tgt=0.2207  trans=0.2207  gain=+0.0000  |dz|=0.110  11.6 it/s
step  24700  L=0.3651  src=0.0283  tgt=0.1684  trans=0.1684  gain=-0.0000  |dz|=0.108  11.6 it/s
step  24750  L=0.0635  src=0.0355  tgt=0.0140  trans=0.0140  gain=+0.0000  |dz|=0.087  11.6 it/s
step  24800  L=0.3592  src=0.0371  tgt=0.1611  trans=0.1610  gain=+0.0001  |dz|=0.113  11.6 it/s
step  24850  L=0.1326  src=0.0323  tgt=0.0502  trans=0.0502  gain=-0.0000  |dz|=0.041  11.6 it/s
step  24900  L=0.0613  src=0.0189  tgt=0.0212  trans=0.0212  gain=+0.0000  |dz|=0.090  11.6 it/s
step  24950  L=0.0783  src=0.0396  tgt=0.0194  trans=0.0194  gain=+0.0000  |dz|=0.087  11.6 it/s
step  25000  L=0.5405  src=0.0306  tgt=0.2550  trans=0.2550  gain=+0.0000  |dz|=0.108  11.6 it/s
step  25050  L=0.3207  src=0.0143  tgt=0.1532  trans=0.1532  gain=+0.0001  |dz|=0.112  11.6 it/s
step  25100  L=0.0732  src=0.0187  tgt=0.0272  trans=0.0272  gain=+0.0000  |dz|=0.043  11.6 it/s
step  25150  L=0.1056  src=0.0361  tgt=0.0348  trans=0.0348  gain=-0.0000  |dz|=0.042  11.6 it/s
step  25200  L=0.0560  src=0.0239  tgt=0.0161  trans=0.0161  gain=+0.0000  |dz|=0.083  11.6 it/s
step  25250  L=0.0664  src=0.0254  tgt=0.0205  trans=0.0205  gain=+0.0000  |dz|=0.042  11.6 it/s
step  25300  L=0.0636  src=0.0174  tgt=0.0231  trans=0.0231  gain=+0.0000  |dz|=0.085  11.6 it/s
step  25350  L=0.0551  src=0.0251  tgt=0.0150  trans=0.0150  gain=+0.0000  |dz|=0.086  11.6 it/s
step  25400  L=0.2878  src=0.0169  tgt=0.1354  trans=0.1354  gain=+0.0000  |dz|=0.105  11.6 it/s
step  25450  L=0.0512  src=0.0255  tgt=0.0128  trans=0.0128  gain=-0.0000  |dz|=0.040  11.6 it/s
step  25500  L=0.0511  src=0.0141  tgt=0.0185  trans=0.0185  gain=+0.0000  |dz|=0.085  11.6 it/s
step  25550  L=0.2558  src=0.0151  tgt=0.1203  trans=0.1203  gain=+0.0000  |dz|=0.106  11.6 it/s
step  25600  L=0.0582  src=0.0284  tgt=0.0149  trans=0.0149  gain=+0.0000  |dz|=0.089  11.6 it/s
step  25650  L=0.0789  src=0.0303  tgt=0.0243  trans=0.0243  gain=-0.0000  |dz|=0.040  11.6 it/s
step  25700  L=0.4456  src=0.0537  tgt=0.1959  trans=0.1959  gain=-0.0000  |dz|=0.110  11.6 it/s
step  25750  L=0.5586  src=0.0295  tgt=0.2646  trans=0.2646  gain=+0.0000  |dz|=0.108  11.6 it/s
step  25800  L=0.1266  src=0.0287  tgt=0.0489  trans=0.0489  gain=-0.0000  |dz|=0.043  11.6 it/s
step  25850  L=0.0811  src=0.0272  tgt=0.0269  trans=0.0270  gain=-0.0000  |dz|=0.043  11.6 it/s
step  25900  L=0.2543  src=0.0251  tgt=0.1146  trans=0.1146  gain=+0.0000  |dz|=0.107  11.6 it/s
step  25950  L=0.0610  src=0.0147  tgt=0.0232  trans=0.0231  gain=+0.0000  |dz|=0.087  11.6 it/s
step  26000  L=0.0484  src=0.0147  tgt=0.0169  trans=0.0169  gain=+0.0000  |dz|=0.044  11.6 it/s
  [diagnostics @ 26000] loss_correct=0.0784  loss_zero=0.0797  loss_shuffled=0.0809  loss_random=0.0800  loss_target_only=0.0785  loss_mean_z=0.0801  r_basis=0.0319  |dz_transport|=0.0829  z_s_vs_enc_rel=1.3668  z_spread_rel=1.1650  gain_vs_zero=0.0013  gain_vs_shuffled=0.0025  gain_vs_target_only=0.0001  gain_vs_mean_z=0.0017  delta_task=0.0017  z_center_norm=0.0301  task_specific_frac=1.3213
step  26050  L=0.0961  src=0.0450  tgt=0.0256  trans=0.0256  gain=-0.0000  |dz|=0.085  11.6 it/s
step  26100  L=0.2902  src=0.0232  tgt=0.1335  trans=0.1335  gain=-0.0000  |dz|=0.107  11.6 it/s
step  26150  L=0.0641  src=0.0236  tgt=0.0203  trans=0.0202  gain=+0.0000  |dz|=0.085  11.6 it/s
step  26200  L=0.0603  src=0.0150  tgt=0.0227  trans=0.0227  gain=+0.0000  |dz|=0.086  11.6 it/s
step  26250  L=0.3185  src=0.0351  tgt=0.1417  trans=0.1417  gain=+0.0000  |dz|=0.107  11.6 it/s
step  26300  L=0.3107  src=0.0172  tgt=0.1468  trans=0.1468  gain=-0.0000  |dz|=0.106  11.6 it/s
step  26350  L=0.1329  src=0.0853  tgt=0.0238  trans=0.0238  gain=+0.0000  |dz|=0.086  11.6 it/s
step  26400  L=0.0740  src=0.0245  tgt=0.0248  trans=0.0247  gain=+0.0000  |dz|=0.084  11.6 it/s
step  26450  L=0.1133  src=0.0388  tgt=0.0373  trans=0.0372  gain=+0.0000  |dz|=0.086  11.6 it/s
step  26500  L=0.0997  src=0.0341  tgt=0.0328  trans=0.0328  gain=-0.0000  |dz|=0.042  11.6 it/s
step  26550  L=0.1126  src=0.0211  tgt=0.0457  trans=0.0457  gain=-0.0000  |dz|=0.042  11.6 it/s
step  26600  L=0.5476  src=0.0208  tgt=0.2634  trans=0.2634  gain=+0.0000  |dz|=0.109  11.6 it/s
step  26650  L=0.0751  src=0.0231  tgt=0.0260  trans=0.0259  gain=+0.0000  |dz|=0.042  11.6 it/s
step  26700  L=0.0535  src=0.0258  tgt=0.0139  trans=0.0139  gain=+0.0000  |dz|=0.042  11.6 it/s
step  26750  L=0.0495  src=0.0298  tgt=0.0098  trans=0.0098  gain=-0.0000  |dz|=0.041  11.6 it/s
step  26800  L=0.4046  src=0.0343  tgt=0.1851  trans=0.1852  gain=-0.0001  |dz|=0.108  11.6 it/s
step  26850  L=0.3121  src=0.0359  tgt=0.1382  trans=0.1379  gain=+0.0003  |dz|=0.109  11.6 it/s
step  26900  L=0.0809  src=0.0469  tgt=0.0170  trans=0.0170  gain=+0.0000  |dz|=0.092  11.6 it/s
step  26950  L=0.5361  src=0.0180  tgt=0.2593  trans=0.2589  gain=+0.0005  |dz|=0.145  11.6 it/s
step  27000  L=0.0746  src=0.0203  tgt=0.0272  trans=0.0272  gain=-0.0000  |dz|=0.042  11.6 it/s
step  27050  L=0.4922  src=0.0334  tgt=0.2294  trans=0.2294  gain=+0.0000  |dz|=0.133  11.6 it/s
step  27100  L=0.3504  src=0.0314  tgt=0.1595  trans=0.1595  gain=+0.0000  |dz|=0.129  11.6 it/s
step  27150  L=0.0363  src=0.0109  tgt=0.0127  trans=0.0127  gain=+0.0000  |dz|=0.087  11.6 it/s
step  27200  L=0.0578  src=0.0127  tgt=0.0226  trans=0.0226  gain=-0.0000  |dz|=0.085  11.6 it/s
step  27250  L=0.0604  src=0.0215  tgt=0.0194  trans=0.0194  gain=+0.0000  |dz|=0.087  11.6 it/s
step  27300  L=0.0700  src=0.0195  tgt=0.0252  trans=0.0252  gain=+0.0000  |dz|=0.041  11.6 it/s
step  27350  L=0.1197  src=0.0380  tgt=0.0409  trans=0.0408  gain=+0.0000  |dz|=0.042  11.6 it/s
step  27400  L=0.0694  src=0.0363  tgt=0.0165  trans=0.0166  gain=-0.0000  |dz|=0.085  11.6 it/s
step  27450  L=0.0810  src=0.0494  tgt=0.0159  trans=0.0158  gain=+0.0001  |dz|=0.085  11.6 it/s
step  27500  L=0.3586  src=0.0292  tgt=0.1647  trans=0.1647  gain=+0.0000  |dz|=0.117  11.6 it/s
step  27550  L=0.0729  src=0.0349  tgt=0.0190  trans=0.0190  gain=-0.0000  |dz|=0.088  11.6 it/s
step  27600  L=0.0703  src=0.0421  tgt=0.0141  trans=0.0141  gain=-0.0000  |dz|=0.084  11.6 it/s
step  27650  L=0.0949  src=0.0336  tgt=0.0306  trans=0.0306  gain=+0.0000  |dz|=0.042  11.6 it/s
step  27700  L=0.0558  src=0.0263  tgt=0.0148  trans=0.0148  gain=+0.0000  |dz|=0.042  11.6 it/s
step  27750  L=0.0768  src=0.0300  tgt=0.0234  trans=0.0234  gain=+0.0000  |dz|=0.041  11.6 it/s
step  27800  L=0.0465  src=0.0111  tgt=0.0177  trans=0.0177  gain=+0.0000  |dz|=0.042  11.6 it/s
step  27850  L=0.1014  src=0.0300  tgt=0.0357  trans=0.0357  gain=+0.0000  |dz|=0.042  11.6 it/s
step  27900  L=0.0914  src=0.0605  tgt=0.0155  trans=0.0154  gain=+0.0001  |dz|=0.089  11.6 it/s
step  27950  L=0.0935  src=0.0515  tgt=0.0210  trans=0.0210  gain=+0.0000  |dz|=0.041  11.6 it/s
step  28000  L=0.0556  src=0.0265  tgt=0.0146  trans=0.0145  gain=+0.0001  |dz|=0.088  11.6 it/s
  [diagnostics @ 28000] loss_correct=0.0637  loss_zero=0.0650  loss_shuffled=0.0655  loss_random=0.0654  loss_target_only=0.0638  loss_mean_z=0.0653  r_basis=0.0332  |dz_transport|=0.0776  z_s_vs_enc_rel=1.3222  z_spread_rel=1.1020  gain_vs_zero=0.0013  gain_vs_shuffled=0.0018  gain_vs_target_only=0.0001  gain_vs_mean_z=0.0016  delta_task=0.0016  z_center_norm=0.0310  task_specific_frac=1.2685
step  28050  L=0.0890  src=0.0337  tgt=0.0277  trans=0.0276  gain=+0.0000  |dz|=0.043  11.6 it/s
step  28100  L=0.0717  src=0.0395  tgt=0.0161  trans=0.0161  gain=+0.0000  |dz|=0.042  11.6 it/s
step  28150  L=0.0849  src=0.0454  tgt=0.0197  trans=0.0197  gain=+0.0000  |dz|=0.090  11.6 it/s
step  28200  L=0.0760  src=0.0298  tgt=0.0231  trans=0.0231  gain=-0.0000  |dz|=0.087  11.6 it/s
step  28250  L=0.3550  src=0.0349  tgt=0.1600  trans=0.1600  gain=+0.0000  |dz|=0.112  11.6 it/s
step  28300  L=0.3920  src=0.0218  tgt=0.1851  trans=0.1851  gain=-0.0000  |dz|=0.112  11.6 it/s
step  28350  L=0.7372  src=0.0190  tgt=0.3591  trans=0.3591  gain=+0.0000  |dz|=0.109  11.6 it/s
step  28400  L=0.3966  src=0.0287  tgt=0.1839  trans=0.1840  gain=-0.0000  |dz|=0.109  11.6 it/s
step  28450  L=0.4654  src=0.0365  tgt=0.2145  trans=0.2144  gain=+0.0001  |dz|=0.109  11.6 it/s
step  28500  L=0.0893  src=0.0363  tgt=0.0265  trans=0.0265  gain=+0.0000  |dz|=0.042  11.6 it/s
step  28550  L=0.1037  src=0.0527  tgt=0.0256  trans=0.0255  gain=+0.0001  |dz|=0.041  11.6 it/s
step  28600  L=0.2888  src=0.0106  tgt=0.1391  trans=0.1390  gain=+0.0001  |dz|=0.105  11.6 it/s
step  28650  L=0.4284  src=0.0613  tgt=0.1836  trans=0.1835  gain=+0.0001  |dz|=0.107  11.6 it/s
step  28700  L=0.0851  src=0.0430  tgt=0.0211  trans=0.0211  gain=+0.0000  |dz|=0.043  11.6 it/s
step  28750  L=0.0624  src=0.0248  tgt=0.0188  trans=0.0188  gain=-0.0000  |dz|=0.087  11.6 it/s
step  28800  L=0.2824  src=0.0288  tgt=0.1268  trans=0.1268  gain=-0.0000  |dz|=0.111  11.6 it/s
step  28850  L=0.0695  src=0.0198  tgt=0.0249  trans=0.0248  gain=+0.0001  |dz|=0.090  11.6 it/s
step  28900  L=0.1040  src=0.0310  tgt=0.0365  trans=0.0365  gain=+0.0000  |dz|=0.089  11.6 it/s
step  28950  L=0.2563  src=0.0119  tgt=0.1223  trans=0.1221  gain=+0.0001  |dz|=0.108  11.6 it/s
step  29000  L=0.3776  src=0.0546  tgt=0.1615  trans=0.1615  gain=+0.0000  |dz|=0.109  11.6 it/s
step  29050  L=0.0683  src=0.0420  tgt=0.0132  trans=0.0131  gain=+0.0001  |dz|=0.042  11.6 it/s
step  29100  L=0.0690  src=0.0186  tgt=0.0252  trans=0.0252  gain=+0.0000  |dz|=0.042  11.6 it/s
step  29150  L=0.0411  src=0.0218  tgt=0.0096  trans=0.0097  gain=-0.0001  |dz|=0.083  11.6 it/s
step  29200  L=0.0683  src=0.0187  tgt=0.0248  trans=0.0248  gain=+0.0000  |dz|=0.042  11.6 it/s
step  29250  L=0.0727  src=0.0260  tgt=0.0234  trans=0.0234  gain=+0.0000  |dz|=0.040  11.6 it/s
step  29300  L=0.0569  src=0.0317  tgt=0.0126  trans=0.0126  gain=+0.0000  |dz|=0.087  11.6 it/s
step  29350  L=0.1775  src=0.0158  tgt=0.0808  trans=0.0809  gain=-0.0000  |dz|=0.109  11.6 it/s
step  29400  L=0.2226  src=0.0204  tgt=0.1011  trans=0.1011  gain=+0.0000  |dz|=0.113  11.6 it/s
step  29450  L=0.1223  src=0.0459  tgt=0.0382  trans=0.0382  gain=+0.0000  |dz|=0.093  11.6 it/s
step  29500  L=0.0727  src=0.0254  tgt=0.0236  trans=0.0236  gain=+0.0000  |dz|=0.092  11.6 it/s
step  29550  L=0.3660  src=0.0136  tgt=0.1762  trans=0.1762  gain=+0.0001  |dz|=0.113  11.6 it/s
step  29600  L=0.1103  src=0.0354  tgt=0.0375  trans=0.0374  gain=+0.0001  |dz|=0.042  11.6 it/s
step  29650  L=0.0668  src=0.0318  tgt=0.0175  trans=0.0175  gain=+0.0000  |dz|=0.087  11.6 it/s
step  29700  L=0.2675  src=0.0164  tgt=0.1256  trans=0.1255  gain=+0.0001  |dz|=0.109  11.6 it/s
step  29750  L=0.0586  src=0.0338  tgt=0.0124  trans=0.0124  gain=-0.0001  |dz|=0.083  11.6 it/s
step  29800  L=0.2987  src=0.0311  tgt=0.1338  trans=0.1338  gain=-0.0000  |dz|=0.107  11.6 it/s
step  29850  L=0.0619  src=0.0351  tgt=0.0134  trans=0.0134  gain=+0.0000  |dz|=0.042  11.6 it/s
step  29900  L=0.3126  src=0.0400  tgt=0.1363  trans=0.1363  gain=+0.0000  |dz|=0.107  11.6 it/s
step  29950  L=0.0510  src=0.0213  tgt=0.0149  trans=0.0148  gain=+0.0001  |dz|=0.038  11.6 it/s
step  30000  L=0.0879  src=0.0422  tgt=0.0229  trans=0.0229  gain=-0.0000  |dz|=0.043  11.6 it/s
  [diagnostics @ 30000] loss_correct=0.0849  loss_zero=0.0864  loss_shuffled=0.0878  loss_random=0.0868  loss_target_only=0.0850  loss_mean_z=0.0870  r_basis=0.0346  |dz_transport|=0.0898  z_s_vs_enc_rel=1.5576  z_spread_rel=1.1150  gain_vs_zero=0.0015  gain_vs_shuffled=0.0029  gain_vs_target_only=0.0001  gain_vs_mean_z=0.0022  delta_task=0.0022  z_center_norm=0.0280  task_specific_frac=1.3952
  saved C:\T1D Meta Learning\code\python\meta-diffusion\experiments\linear_transport_replacement_2026-09-24\work\checkpoints\cifar_train25_basis_k16_step30000.pt
step  30050  L=0.0951  src=0.0293  tgt=0.0329  trans=0.0329  gain=+0.0000  |dz|=0.047  11.6 it/s
step  30100  L=0.0814  src=0.0307  tgt=0.0254  trans=0.0254  gain=+0.0000  |dz|=0.092  11.6 it/s
step  30150  L=0.2021  src=0.0396  tgt=0.0813  trans=0.0813  gain=-0.0000  |dz|=0.127  11.6 it/s
step  30200  L=0.1564  src=0.0331  tgt=0.0616  trans=0.0616  gain=+0.0000  |dz|=0.046  11.6 it/s
step  30250  L=0.0740  src=0.0137  tgt=0.0301  trans=0.0301  gain=-0.0000  |dz|=0.043  11.6 it/s
step  30300  L=0.0789  src=0.0232  tgt=0.0278  trans=0.0278  gain=+0.0000  |dz|=0.045  11.6 it/s
step  30350  L=0.0718  src=0.0294  tgt=0.0212  trans=0.0212  gain=-0.0000  |dz|=0.089  11.6 it/s
step  30400  L=0.0583  src=0.0162  tgt=0.0210  trans=0.0210  gain=-0.0000  |dz|=0.043  11.6 it/s
step  30450  L=0.0680  src=0.0244  tgt=0.0218  trans=0.0218  gain=+0.0000  |dz|=0.090  11.6 it/s
step  30500  L=0.2231  src=0.0142  tgt=0.1045  trans=0.1044  gain=+0.0000  |dz|=0.116  11.6 it/s
step  30550  L=0.4038  src=0.0210  tgt=0.1914  trans=0.1914  gain=+0.0000  |dz|=0.115  11.6 it/s
step  30600  L=0.0864  src=0.0426  tgt=0.0219  trans=0.0219  gain=+0.0000  |dz|=0.091  11.6 it/s
step  30650  L=0.0609  src=0.0254  tgt=0.0178  trans=0.0177  gain=+0.0000  |dz|=0.089  11.6 it/s
step  30700  L=0.0929  src=0.0191  tgt=0.0369  trans=0.0369  gain=-0.0000  |dz|=0.042  11.6 it/s
step  30750  L=0.1101  src=0.0414  tgt=0.0343  trans=0.0343  gain=-0.0000  |dz|=0.090  11.6 it/s
step  30800  L=0.2018  src=0.0160  tgt=0.0929  trans=0.0929  gain=+0.0000  |dz|=0.113  11.6 it/s
step  30850  L=0.0874  src=0.0292  tgt=0.0291  trans=0.0290  gain=+0.0001  |dz|=0.044  11.6 it/s
step  30900  L=0.0537  src=0.0140  tgt=0.0199  trans=0.0199  gain=-0.0000  |dz|=0.088  11.6 it/s
step  30950  L=0.0546  src=0.0130  tgt=0.0208  trans=0.0208  gain=-0.0000  |dz|=0.090  11.6 it/s
step  31000  L=0.0589  src=0.0208  tgt=0.0191  trans=0.0190  gain=+0.0000  |dz|=0.041  11.6 it/s
step  31050  L=0.0794  src=0.0295  tgt=0.0249  trans=0.0249  gain=+0.0000  |dz|=0.088  11.6 it/s
step  31100  L=0.0632  src=0.0363  tgt=0.0134  trans=0.0134  gain=-0.0000  |dz|=0.088  11.6 it/s
step  31150  L=0.0677  src=0.0338  tgt=0.0169  trans=0.0169  gain=+0.0000  |dz|=0.089  11.6 it/s
step  31200  L=0.2764  src=0.0566  tgt=0.1099  trans=0.1099  gain=-0.0000  |dz|=0.110  11.6 it/s
step  31250  L=0.0865  src=0.0246  tgt=0.0310  trans=0.0310  gain=+0.0000  |dz|=0.040  11.6 it/s
step  31300  L=0.1111  src=0.0137  tgt=0.0487  trans=0.0487  gain=-0.0000  |dz|=0.041  11.6 it/s
step  31350  L=0.2238  src=0.0311  tgt=0.0964  trans=0.0964  gain=-0.0000  |dz|=0.109  11.6 it/s
step  31400  L=0.0877  src=0.0198  tgt=0.0340  trans=0.0339  gain=+0.0001  |dz|=0.042  11.6 it/s
step  31450  L=0.0573  src=0.0326  tgt=0.0123  trans=0.0123  gain=-0.0000  |dz|=0.091  11.6 it/s
step  31500  L=0.0636  src=0.0347  tgt=0.0144  trans=0.0145  gain=-0.0000  |dz|=0.088  11.6 it/s
step  31550  L=0.0725  src=0.0235  tgt=0.0245  trans=0.0245  gain=-0.0000  |dz|=0.040  11.6 it/s
step  31600  L=0.0619  src=0.0355  tgt=0.0132  trans=0.0132  gain=+0.0000  |dz|=0.088  11.6 it/s
step  31650  L=0.0402  src=0.0101  tgt=0.0150  trans=0.0150  gain=+0.0000  |dz|=0.087  11.6 it/s
step  31700  L=0.0731  src=0.0140  tgt=0.0296  trans=0.0296  gain=+0.0000  |dz|=0.042  11.6 it/s
step  31750  L=0.0550  src=0.0213  tgt=0.0169  trans=0.0168  gain=+0.0000  |dz|=0.042  11.6 it/s
step  31800  L=0.0825  src=0.0336  tgt=0.0244  trans=0.0244  gain=+0.0000  |dz|=0.089  11.6 it/s
step  31850  L=0.1343  src=0.0429  tgt=0.0457  trans=0.0457  gain=+0.0000  |dz|=0.042  11.6 it/s
step  31900  L=0.0651  src=0.0316  tgt=0.0168  trans=0.0168  gain=+0.0000  |dz|=0.088  11.6 it/s
step  31950  L=0.0747  src=0.0456  tgt=0.0145  trans=0.0146  gain=-0.0001  |dz|=0.085  11.6 it/s
step  32000  L=0.0463  src=0.0143  tgt=0.0160  trans=0.0160  gain=+0.0001  |dz|=0.087  11.6 it/s
  [diagnostics @ 32000] loss_correct=0.0832  loss_zero=0.0850  loss_shuffled=0.0868  loss_random=0.0853  loss_target_only=0.0833  loss_mean_z=0.0856  r_basis=0.0348  |dz_transport|=0.0869  z_s_vs_enc_rel=1.4611  z_spread_rel=1.1860  gain_vs_zero=0.0018  gain_vs_shuffled=0.0036  gain_vs_target_only=0.0001  gain_vs_mean_z=0.0025  delta_task=0.0025  z_center_norm=0.0257  task_specific_frac=1.3786
step  32050  L=0.0602  src=0.0247  tgt=0.0177  trans=0.0177  gain=-0.0000  |dz|=0.089  11.6 it/s
step  32100  L=0.3360  src=0.0142  tgt=0.1609  trans=0.1609  gain=-0.0000  |dz|=0.106  11.6 it/s
step  32150  L=0.0830  src=0.0140  tgt=0.0345  trans=0.0345  gain=-0.0000  |dz|=0.040  11.6 it/s
step  32200  L=0.3462  src=0.0591  tgt=0.1436  trans=0.1435  gain=+0.0000  |dz|=0.104  11.6 it/s
step  32250  L=0.0800  src=0.0343  tgt=0.0228  trans=0.0228  gain=+0.0000  |dz|=0.040  11.6 it/s
step  32300  L=0.3045  src=0.0254  tgt=0.1395  trans=0.1395  gain=-0.0000  |dz|=0.105  11.6 it/s
step  32350  L=0.0463  src=0.0148  tgt=0.0158  trans=0.0158  gain=+0.0000  |dz|=0.041  11.6 it/s
step  32400  L=0.2773  src=0.0225  tgt=0.1274  trans=0.1274  gain=-0.0000  |dz|=0.104  11.6 it/s
step  32450  L=0.0553  src=0.0289  tgt=0.0132  trans=0.0132  gain=+0.0000  |dz|=0.038  11.6 it/s
step  32500  L=0.0974  src=0.0563  tgt=0.0206  trans=0.0206  gain=+0.0000  |dz|=0.087  11.6 it/s
step  32550  L=0.3320  src=0.0182  tgt=0.1569  trans=0.1569  gain=+0.0000  |dz|=0.103  11.6 it/s
step  32600  L=0.0843  src=0.0162  tgt=0.0340  trans=0.0340  gain=+0.0000  |dz|=0.041  11.6 it/s
step  32650  L=0.0680  src=0.0188  tgt=0.0246  trans=0.0246  gain=+0.0000  |dz|=0.088  11.6 it/s
step  32700  L=0.0579  src=0.0184  tgt=0.0197  trans=0.0197  gain=+0.0001  |dz|=0.040  11.6 it/s
step  32750  L=0.3091  src=0.0193  tgt=0.1449  trans=0.1449  gain=+0.0001  |dz|=0.139  11.6 it/s
step  32800  L=0.0832  src=0.0343  tgt=0.0245  trans=0.0245  gain=-0.0000  |dz|=0.041  11.6 it/s
step  32850  L=0.2304  src=0.0170  tgt=0.1067  trans=0.1067  gain=-0.0000  |dz|=0.131  11.6 it/s
step  32900  L=0.2664  src=0.0146  tgt=0.1260  trans=0.1258  gain=+0.0003  |dz|=0.133  11.6 it/s
step  32950  L=0.0816  src=0.0369  tgt=0.0223  trans=0.0224  gain=-0.0000  |dz|=0.041  11.6 it/s
step  33000  L=0.1036  src=0.0244  tgt=0.0396  trans=0.0396  gain=+0.0000  |dz|=0.042  11.6 it/s
step  33050  L=0.0587  src=0.0233  tgt=0.0178  trans=0.0177  gain=+0.0000  |dz|=0.097  11.6 it/s
step  33100  L=0.3289  src=0.0395  tgt=0.1447  trans=0.1447  gain=-0.0000  |dz|=0.127  11.6 it/s
step  33150  L=0.0806  src=0.0254  tgt=0.0276  trans=0.0276  gain=+0.0000  |dz|=0.098  11.6 it/s
step  33200  L=0.0745  src=0.0321  tgt=0.0212  trans=0.0212  gain=-0.0000  |dz|=0.094  11.6 it/s
step  33250  L=0.0954  src=0.0314  tgt=0.0320  trans=0.0320  gain=+0.0000  |dz|=0.097  11.6 it/s
step  33300  L=0.4213  src=0.0368  tgt=0.1923  trans=0.1923  gain=-0.0000  |dz|=0.121  11.6 it/s
step  33350  L=0.3729  src=0.0500  tgt=0.1615  trans=0.1615  gain=-0.0000  |dz|=0.121  11.6 it/s
step  33400  L=0.0666  src=0.0324  tgt=0.0171  trans=0.0170  gain=+0.0000  |dz|=0.099  11.6 it/s
step  33450  L=0.2409  src=0.0207  tgt=0.1101  trans=0.1101  gain=+0.0000  |dz|=0.121  11.6 it/s
step  33500  L=0.3946  src=0.0154  tgt=0.1896  trans=0.1896  gain=-0.0000  |dz|=0.121  11.6 it/s
step  33550  L=0.0674  src=0.0248  tgt=0.0213  trans=0.0213  gain=+0.0000  |dz|=0.095  11.6 it/s
step  33600  L=0.3301  src=0.0383  tgt=0.1459  trans=0.1459  gain=+0.0000  |dz|=0.120  11.6 it/s
step  33650  L=0.4390  src=0.0551  tgt=0.1920  trans=0.1920  gain=-0.0000  |dz|=0.118  11.6 it/s
step  33700  L=0.0713  src=0.0343  tgt=0.0185  trans=0.0185  gain=-0.0000  |dz|=0.091  11.6 it/s
step  33750  L=0.0839  src=0.0149  tgt=0.0345  trans=0.0345  gain=+0.0000  |dz|=0.043  11.6 it/s
step  33800  L=0.0761  src=0.0236  tgt=0.0263  trans=0.0263  gain=+0.0000  |dz|=0.041  11.6 it/s
step  33850  L=0.2871  src=0.0227  tgt=0.1322  trans=0.1322  gain=-0.0000  |dz|=0.117  11.6 it/s
step  33900  L=0.3438  src=0.0280  tgt=0.1579  trans=0.1578  gain=+0.0001  |dz|=0.118  11.6 it/s
step  33950  L=0.0551  src=0.0131  tgt=0.0210  trans=0.0210  gain=-0.0000  |dz|=0.088  11.6 it/s
step  34000  L=0.2410  src=0.0155  tgt=0.1128  trans=0.1128  gain=+0.0000  |dz|=0.114  11.6 it/s
  [diagnostics @ 34000] loss_correct=0.0853  loss_zero=0.0872  loss_shuffled=0.0893  loss_random=0.0876  loss_target_only=0.0855  loss_mean_z=0.0881  r_basis=0.0371  |dz_transport|=0.0828  z_s_vs_enc_rel=1.3670  z_spread_rel=1.2322  gain_vs_zero=0.0019  gain_vs_shuffled=0.0040  gain_vs_target_only=0.0002  gain_vs_mean_z=0.0028  delta_task=0.0028  z_center_norm=0.0310  task_specific_frac=1.4597
step  34050  L=0.2262  src=0.0234  tgt=0.1014  trans=0.1014  gain=-0.0000  |dz|=0.115  11.6 it/s
step  34100  L=0.1230  src=0.0456  tgt=0.0387  trans=0.0387  gain=+0.0001  |dz|=0.042  11.6 it/s
step  34150  L=0.0989  src=0.0258  tgt=0.0366  trans=0.0365  gain=+0.0000  |dz|=0.041  11.6 it/s
step  34200  L=0.4433  src=0.0602  tgt=0.1916  trans=0.1915  gain=+0.0000  |dz|=0.113  11.6 it/s
step  34250  L=0.0706  src=0.0348  tgt=0.0179  trans=0.0179  gain=-0.0000  |dz|=0.092  11.6 it/s
step  34300  L=0.0875  src=0.0301  tgt=0.0287  trans=0.0287  gain=-0.0000  |dz|=0.044  11.6 it/s
step  34350  L=0.0835  src=0.0182  tgt=0.0327  trans=0.0327  gain=+0.0000  |dz|=0.044  11.6 it/s
step  34400  L=0.0643  src=0.0318  tgt=0.0163  trans=0.0163  gain=-0.0000  |dz|=0.091  11.6 it/s
step  34450  L=0.0459  src=0.0167  tgt=0.0146  trans=0.0146  gain=+0.0001  |dz|=0.042  11.6 it/s
step  34500  L=0.0585  src=0.0157  tgt=0.0214  trans=0.0214  gain=+0.0000  |dz|=0.091  11.6 it/s
step  34550  L=0.0862  src=0.0166  tgt=0.0348  trans=0.0349  gain=-0.0000  |dz|=0.042  11.6 it/s
step  34600  L=0.0494  src=0.0153  tgt=0.0170  trans=0.0170  gain=+0.0000  |dz|=0.044  11.6 it/s
step  34650  L=0.3427  src=0.0120  tgt=0.1653  trans=0.1653  gain=+0.0000  |dz|=0.112  11.6 it/s
step  34700  L=0.0563  src=0.0247  tgt=0.0158  trans=0.0158  gain=+0.0000  |dz|=0.043  11.6 it/s
step  34750  L=0.3248  src=0.0316  tgt=0.1466  trans=0.1466  gain=+0.0000  |dz|=0.110  11.6 it/s
step  34800  L=0.0728  src=0.0159  tgt=0.0285  trans=0.0284  gain=+0.0000  |dz|=0.043  11.6 it/s
step  34850  L=0.0727  src=0.0249  tgt=0.0239  trans=0.0239  gain=-0.0000  |dz|=0.046  11.6 it/s
step  34900  L=0.3333  src=0.0320  tgt=0.1507  trans=0.1507  gain=-0.0000  |dz|=0.111  11.6 it/s
step  34950  L=0.0980  src=0.0442  tgt=0.0269  trans=0.0269  gain=+0.0000  |dz|=0.089  11.6 it/s
step  35000  L=0.0928  src=0.0405  tgt=0.0261  trans=0.0262  gain=-0.0000  |dz|=0.088  11.6 it/s
step  35050  L=0.2763  src=0.0492  tgt=0.1136  trans=0.1135  gain=+0.0001  |dz|=0.110  11.6 it/s
step  35100  L=0.0936  src=0.0269  tgt=0.0333  trans=0.0333  gain=+0.0000  |dz|=0.045  11.6 it/s
step  35150  L=0.0480  src=0.0171  tgt=0.0155  trans=0.0154  gain=+0.0000  |dz|=0.044  11.6 it/s
step  35200  L=0.3034  src=0.0172  tgt=0.1431  trans=0.1431  gain=+0.0000  |dz|=0.109  11.6 it/s
step  35250  L=0.0519  src=0.0118  tgt=0.0201  trans=0.0201  gain=+0.0000  |dz|=0.089  11.6 it/s
step  35300  L=0.0501  src=0.0211  tgt=0.0145  trans=0.0145  gain=+0.0000  |dz|=0.040  11.6 it/s
step  35350  L=0.0985  src=0.0437  tgt=0.0274  trans=0.0274  gain=+0.0000  |dz|=0.045  11.6 it/s
step  35400  L=0.3340  src=0.0322  tgt=0.1509  trans=0.1509  gain=+0.0000  |dz|=0.115  11.6 it/s
step  35450  L=0.0898  src=0.0405  tgt=0.0246  trans=0.0246  gain=-0.0000  |dz|=0.094  11.6 it/s
step  35500  L=0.4207  src=0.0136  tgt=0.2036  trans=0.2036  gain=+0.0000  |dz|=0.113  11.6 it/s
step  35550  L=0.1071  src=0.0115  tgt=0.0479  trans=0.0477  gain=+0.0001  |dz|=0.047  11.6 it/s
step  35600  L=0.0721  src=0.0205  tgt=0.0258  trans=0.0258  gain=+0.0000  |dz|=0.043  11.6 it/s
step  35650  L=0.2306  src=0.0175  tgt=0.1066  trans=0.1065  gain=+0.0000  |dz|=0.112  11.6 it/s
step  35700  L=0.3838  src=0.0144  tgt=0.1847  trans=0.1847  gain=+0.0000  |dz|=0.113  11.6 it/s
step  35750  L=0.4106  src=0.0392  tgt=0.1858  trans=0.1857  gain=+0.0001  |dz|=0.111  11.6 it/s
step  35800  L=0.1278  src=0.0319  tgt=0.0480  trans=0.0480  gain=-0.0000  |dz|=0.046  11.6 it/s
step  35850  L=0.0604  src=0.0231  tgt=0.0186  trans=0.0186  gain=-0.0000  |dz|=0.093  11.6 it/s
step  35900  L=0.1020  src=0.0264  tgt=0.0378  trans=0.0378  gain=+0.0000  |dz|=0.044  11.6 it/s
step  35950  L=0.0576  src=0.0275  tgt=0.0150  trans=0.0150  gain=+0.0000  |dz|=0.094  11.6 it/s
step  36000  L=0.2028  src=0.0162  tgt=0.0933  trans=0.0933  gain=+0.0001  |dz|=0.109  11.6 it/s
  [diagnostics @ 36000] loss_correct=0.0955  loss_zero=0.0975  loss_shuffled=0.0977  loss_random=0.0978  loss_target_only=0.0956  loss_mean_z=0.0984  r_basis=0.0368  |dz_transport|=0.0822  z_s_vs_enc_rel=1.4152  z_spread_rel=1.2314  gain_vs_zero=0.0020  gain_vs_shuffled=0.0022  gain_vs_target_only=0.0001  gain_vs_mean_z=0.0029  delta_task=0.0029  z_center_norm=0.0282  task_specific_frac=1.4922
step  36050  L=0.0746  src=0.0293  tgt=0.0226  trans=0.0226  gain=-0.0000  |dz|=0.043  11.6 it/s
step  36100  L=0.0749  src=0.0386  tgt=0.0182  trans=0.0181  gain=+0.0000  |dz|=0.044  11.6 it/s
step  36150  L=0.4631  src=0.0148  tgt=0.2242  trans=0.2242  gain=-0.0000  |dz|=0.109  11.6 it/s
step  36200  L=0.0472  src=0.0216  tgt=0.0128  trans=0.0128  gain=+0.0000  |dz|=0.044  11.6 it/s
step  36250  L=0.0382  src=0.0127  tgt=0.0128  trans=0.0128  gain=+0.0000  |dz|=0.044  11.6 it/s
step  36300  L=0.0602  src=0.0302  tgt=0.0150  trans=0.0150  gain=+0.0001  |dz|=0.088  11.6 it/s
step  36350  L=0.0833  src=0.0406  tgt=0.0214  trans=0.0213  gain=+0.0001  |dz|=0.089  11.6 it/s
step  36400  L=0.0663  src=0.0205  tgt=0.0229  trans=0.0229  gain=-0.0000  |dz|=0.042  11.6 it/s
step  36450  L=0.2822  src=0.0292  tgt=0.1265  trans=0.1265  gain=+0.0000  |dz|=0.111  11.6 it/s
step  36500  L=0.0984  src=0.0458  tgt=0.0263  trans=0.0263  gain=+0.0000  |dz|=0.045  11.6 it/s
step  36550  L=0.0574  src=0.0298  tgt=0.0138  trans=0.0138  gain=-0.0000  |dz|=0.089  11.6 it/s
step  36600  L=0.1314  src=0.0216  tgt=0.0549  trans=0.0549  gain=+0.0001  |dz|=0.042  11.6 it/s
step  36650  L=0.0560  src=0.0233  tgt=0.0164  trans=0.0164  gain=+0.0000  |dz|=0.089  11.6 it/s
step  36700  L=0.4181  src=0.0210  tgt=0.1986  trans=0.1985  gain=+0.0000  |dz|=0.106  11.6 it/s
step  36750  L=0.1264  src=0.0113  tgt=0.0575  trans=0.0575  gain=+0.0000  |dz|=0.044  11.6 it/s
step  36800  L=0.0565  src=0.0183  tgt=0.0191  trans=0.0191  gain=-0.0000  |dz|=0.089  11.6 it/s
step  36850  L=0.0708  src=0.0368  tgt=0.0170  trans=0.0170  gain=-0.0000  |dz|=0.088  11.6 it/s
step  36900  L=0.0785  src=0.0329  tgt=0.0228  trans=0.0229  gain=-0.0000  |dz|=0.045  11.6 it/s
step  36950  L=0.3195  src=0.0172  tgt=0.1512  trans=0.1511  gain=+0.0000  |dz|=0.107  11.6 it/s
step  37000  L=0.0829  src=0.0344  tgt=0.0243  trans=0.0243  gain=-0.0000  |dz|=0.045  11.6 it/s
step  37050  L=0.0559  src=0.0262  tgt=0.0148  trans=0.0148  gain=+0.0000  |dz|=0.091  11.6 it/s
step  37100  L=0.0475  src=0.0156  tgt=0.0160  trans=0.0160  gain=+0.0000  |dz|=0.045  11.6 it/s
step  37150  L=0.0576  src=0.0282  tgt=0.0147  trans=0.0147  gain=+0.0000  |dz|=0.088  11.6 it/s
step  37200  L=0.0805  src=0.0364  tgt=0.0220  trans=0.0220  gain=-0.0000  |dz|=0.090  11.6 it/s
step  37250  L=0.3590  src=0.0160  tgt=0.1715  trans=0.1715  gain=-0.0000  |dz|=0.107  11.6 it/s
step  37300  L=0.0538  src=0.0278  tgt=0.0130  trans=0.0130  gain=-0.0000  |dz|=0.092  11.6 it/s
step  37350  L=0.0621  src=0.0180  tgt=0.0221  trans=0.0220  gain=+0.0001  |dz|=0.088  11.6 it/s
step  37400  L=0.0579  src=0.0227  tgt=0.0176  trans=0.0176  gain=+0.0000  |dz|=0.089  11.6 it/s
step  37450  L=0.0530  src=0.0274  tgt=0.0129  trans=0.0127  gain=+0.0002  |dz|=0.090  11.6 it/s
step  37500  L=0.0959  src=0.0326  tgt=0.0316  trans=0.0316  gain=+0.0000  |dz|=0.044  11.6 it/s
step  37550  L=0.0687  src=0.0273  tgt=0.0207  trans=0.0207  gain=+0.0000  |dz|=0.046  11.6 it/s
step  37600  L=0.0441  src=0.0138  tgt=0.0152  trans=0.0152  gain=-0.0000  |dz|=0.044  11.6 it/s
step  37650  L=0.3186  src=0.0111  tgt=0.1538  trans=0.1538  gain=-0.0000  |dz|=0.103  11.6 it/s
step  37700  L=0.0618  src=0.0197  tgt=0.0210  trans=0.0211  gain=-0.0000  |dz|=0.047  11.6 it/s
step  37750  L=0.0421  src=0.0112  tgt=0.0154  trans=0.0155  gain=-0.0000  |dz|=0.090  11.6 it/s
step  37800  L=0.0543  src=0.0236  tgt=0.0153  trans=0.0153  gain=+0.0000  |dz|=0.092  11.6 it/s
step  37850  L=0.2937  src=0.0266  tgt=0.1336  trans=0.1336  gain=+0.0000  |dz|=0.109  11.6 it/s
step  37900  L=0.3806  src=0.0235  tgt=0.1786  trans=0.1786  gain=+0.0000  |dz|=0.112  11.6 it/s
step  37950  L=0.1088  src=0.0264  tgt=0.0412  trans=0.0412  gain=-0.0000  |dz|=0.044  11.6 it/s
step  38000  L=0.0609  src=0.0265  tgt=0.0172  trans=0.0172  gain=+0.0000  |dz|=0.093  11.6 it/s
  [diagnostics @ 38000] loss_correct=0.0910  loss_zero=0.0926  loss_shuffled=0.0952  loss_random=0.0929  loss_target_only=0.0910  loss_mean_z=0.0935  r_basis=0.0346  |dz_transport|=0.0828  z_s_vs_enc_rel=1.4613  z_spread_rel=1.2536  gain_vs_zero=0.0016  gain_vs_shuffled=0.0042  gain_vs_target_only=0.0001  gain_vs_mean_z=0.0025  delta_task=0.0025  z_center_norm=0.0297  task_specific_frac=1.5826
step  38050  L=0.0602  src=0.0263  tgt=0.0170  trans=0.0169  gain=+0.0002  |dz|=0.095  11.6 it/s
step  38100  L=0.0461  src=0.0232  tgt=0.0114  trans=0.0114  gain=+0.0000  |dz|=0.091  11.6 it/s
step  38150  L=0.0567  src=0.0150  tgt=0.0208  trans=0.0208  gain=+0.0000  |dz|=0.091  11.6 it/s
step  38200  L=0.0363  src=0.0130  tgt=0.0116  trans=0.0116  gain=+0.0000  |dz|=0.086  11.6 it/s
step  38250  L=0.0656  src=0.0231  tgt=0.0212  trans=0.0212  gain=+0.0000  |dz|=0.045  11.6 it/s
step  38300  L=0.0782  src=0.0238  tgt=0.0272  trans=0.0272  gain=+0.0000  |dz|=0.092  11.6 it/s
step  38350  L=0.0585  src=0.0143  tgt=0.0222  trans=0.0221  gain=+0.0001  |dz|=0.092  11.6 it/s
step  38400  L=0.0907  src=0.0168  tgt=0.0369  trans=0.0369  gain=+0.0000  |dz|=0.043  11.6 it/s
step  38450  L=0.4851  src=0.0306  tgt=0.2274  trans=0.2270  gain=+0.0004  |dz|=0.134  11.6 it/s
step  38500  L=0.0458  src=0.0187  tgt=0.0136  trans=0.0135  gain=+0.0000  |dz|=0.094  11.6 it/s
step  38550  L=0.0748  src=0.0227  tgt=0.0261  trans=0.0261  gain=+0.0000  |dz|=0.044  11.6 it/s
step  38600  L=0.0401  src=0.0143  tgt=0.0129  trans=0.0129  gain=+0.0000  |dz|=0.092  11.6 it/s
step  38650  L=0.0522  src=0.0237  tgt=0.0142  trans=0.0143  gain=-0.0000  |dz|=0.091  11.6 it/s
step  38700  L=0.0577  src=0.0139  tgt=0.0219  trans=0.0219  gain=-0.0000  |dz|=0.093  11.6 it/s
step  38750  L=0.0763  src=0.0487  tgt=0.0138  trans=0.0138  gain=+0.0000  |dz|=0.045  11.6 it/s
step  38800  L=0.0948  src=0.0151  tgt=0.0399  trans=0.0398  gain=+0.0000  |dz|=0.042  11.6 it/s
step  38850  L=0.0767  src=0.0228  tgt=0.0270  trans=0.0269  gain=+0.0001  |dz|=0.045  11.6 it/s
step  38900  L=0.0735  src=0.0092  tgt=0.0322  trans=0.0321  gain=+0.0001  |dz|=0.043  11.6 it/s
step  38950  L=0.0613  src=0.0263  tgt=0.0175  trans=0.0175  gain=+0.0001  |dz|=0.102  11.6 it/s
step  39000  L=0.2204  src=0.0302  tgt=0.0951  trans=0.0951  gain=-0.0000  |dz|=0.135  11.6 it/s
step  39050  L=0.0484  src=0.0213  tgt=0.0136  trans=0.0136  gain=+0.0000  |dz|=0.094  11.6 it/s
step  39100  L=0.0372  src=0.0164  tgt=0.0104  trans=0.0104  gain=+0.0000  |dz|=0.041  11.6 it/s
step  39150  L=0.2810  src=0.0151  tgt=0.1329  trans=0.1329  gain=+0.0000  |dz|=0.131  11.6 it/s
step  39200  L=0.0997  src=0.0139  tgt=0.0429  trans=0.0429  gain=-0.0000  |dz|=0.044  11.6 it/s
step  39250  L=0.0523  src=0.0166  tgt=0.0178  trans=0.0178  gain=+0.0000  |dz|=0.096  11.6 it/s
step  39300  L=0.0604  src=0.0184  tgt=0.0210  trans=0.0210  gain=+0.0000  |dz|=0.094  11.6 it/s
step  39350  L=0.0659  src=0.0137  tgt=0.0261  trans=0.0261  gain=-0.0000  |dz|=0.044  11.6 it/s
step  39400  L=0.0738  src=0.0319  tgt=0.0209  trans=0.0209  gain=-0.0000  |dz|=0.093  11.6 it/s
step  39450  L=0.0559  src=0.0184  tgt=0.0188  trans=0.0188  gain=-0.0000  |dz|=0.093  11.6 it/s
step  39500  L=0.0608  src=0.0240  tgt=0.0185  trans=0.0184  gain=+0.0000  |dz|=0.044  11.6 it/s
step  39550  L=0.0531  src=0.0232  tgt=0.0150  trans=0.0150  gain=+0.0000  |dz|=0.094  11.6 it/s
step  39600  L=0.0625  src=0.0188  tgt=0.0219  trans=0.0219  gain=-0.0000  |dz|=0.045  11.6 it/s
step  39650  L=0.0764  src=0.0176  tgt=0.0294  trans=0.0294  gain=+0.0000  |dz|=0.044  11.6 it/s
step  39700  L=0.0689  src=0.0262  tgt=0.0214  trans=0.0213  gain=+0.0001  |dz|=0.095  11.6 it/s
step  39750  L=0.0899  src=0.0399  tgt=0.0250  trans=0.0250  gain=+0.0000  |dz|=0.043  11.6 it/s
step  39800  L=0.0806  src=0.0306  tgt=0.0250  trans=0.0249  gain=+0.0000  |dz|=0.095  11.6 it/s
step  39850  L=0.0475  src=0.0143  tgt=0.0166  trans=0.0166  gain=+0.0000  |dz|=0.095  11.6 it/s
step  39900  L=0.0700  src=0.0143  tgt=0.0279  trans=0.0279  gain=+0.0000  |dz|=0.045  11.6 it/s
step  39950  L=0.0742  src=0.0263  tgt=0.0240  trans=0.0240  gain=-0.0000  |dz|=0.095  11.6 it/s
step  40000  L=0.3090  src=0.0244  tgt=0.1423  trans=0.1423  gain=+0.0000  |dz|=0.121  11.6 it/s
  [diagnostics @ 40000] loss_correct=0.0756  loss_zero=0.0775  loss_shuffled=0.0794  loss_random=0.0779  loss_target_only=0.0757  loss_mean_z=0.0781  r_basis=0.0373  |dz_transport|=0.0772  z_s_vs_enc_rel=1.3208  z_spread_rel=1.1865  gain_vs_zero=0.0019  gain_vs_shuffled=0.0038  gain_vs_target_only=0.0001  gain_vs_mean_z=0.0025  delta_task=0.0025  z_center_norm=0.0279  task_specific_frac=1.3334
  saved C:\T1D Meta Learning\code\python\meta-diffusion\experiments\linear_transport_replacement_2026-09-24\work\checkpoints\cifar_train25_basis_k16_step40000.pt
step  40050  L=0.0572  src=0.0108  tgt=0.0232  trans=0.0232  gain=+0.0000  |dz|=0.093  11.6 it/s
step  40100  L=0.0849  src=0.0286  tgt=0.0282  trans=0.0282  gain=-0.0000  |dz|=0.046  11.6 it/s
step  40150  L=0.0746  src=0.0278  tgt=0.0234  trans=0.0234  gain=+0.0001  |dz|=0.091  11.6 it/s
step  40200  L=0.4597  src=0.0627  tgt=0.1985  trans=0.1985  gain=-0.0000  |dz|=0.121  11.6 it/s
step  40250  L=0.0775  src=0.0218  tgt=0.0278  trans=0.0278  gain=+0.0000  |dz|=0.047  11.6 it/s
step  40300  L=0.0458  src=0.0246  tgt=0.0106  trans=0.0106  gain=+0.0000  |dz|=0.046  11.6 it/s
step  40350  L=0.1003  src=0.0266  tgt=0.0369  trans=0.0368  gain=+0.0000  |dz|=0.047  11.6 it/s
step  40400  L=0.3355  src=0.0393  tgt=0.1481  trans=0.1481  gain=+0.0000  |dz|=0.116  11.6 it/s
step  40450  L=0.1079  src=0.0314  tgt=0.0383  trans=0.0382  gain=+0.0000  |dz|=0.049  11.6 it/s
step  40500  L=0.0769  src=0.0243  tgt=0.0263  trans=0.0263  gain=+0.0000  |dz|=0.045  11.6 it/s
step  40550  L=0.0473  src=0.0188  tgt=0.0143  trans=0.0142  gain=+0.0001  |dz|=0.095  11.6 it/s
step  40600  L=0.4947  src=0.0367  tgt=0.2290  trans=0.2290  gain=+0.0000  |dz|=0.118  11.6 it/s
step  40650  L=0.1012  src=0.0151  tgt=0.0431  trans=0.0430  gain=+0.0000  |dz|=0.044  11.6 it/s
step  40700  L=0.0622  src=0.0239  tgt=0.0191  trans=0.0191  gain=+0.0000  |dz|=0.095  11.6 it/s
step  40750  L=0.3285  src=0.0190  tgt=0.1548  trans=0.1548  gain=+0.0000  |dz|=0.117  11.6 it/s
step  40800  L=0.0521  src=0.0087  tgt=0.0217  trans=0.0217  gain=-0.0000  |dz|=0.094  11.6 it/s
step  40850  L=0.5091  src=0.0136  tgt=0.2478  trans=0.2478  gain=+0.0000  |dz|=0.116  11.6 it/s
step  40900  L=0.0659  src=0.0297  tgt=0.0181  trans=0.0181  gain=+0.0000  |dz|=0.095  11.6 it/s
step  40950  L=0.2498  src=0.0154  tgt=0.1172  trans=0.1172  gain=+0.0000  |dz|=0.117  11.6 it/s
step  41000  L=0.4899  src=0.0574  tgt=0.2163  trans=0.2162  gain=+0.0001  |dz|=0.117  11.6 it/s
step  41050  L=0.0742  src=0.0352  tgt=0.0195  trans=0.0195  gain=+0.0000  |dz|=0.101  11.6 it/s
step  41100  L=0.0565  src=0.0187  tgt=0.0189  trans=0.0189  gain=-0.0000  |dz|=0.047  11.6 it/s
step  41150  L=0.0421  src=0.0170  tgt=0.0126  trans=0.0126  gain=+0.0000  |dz|=0.047  11.6 it/s
step  41200  L=0.4323  src=0.0329  tgt=0.1997  trans=0.1997  gain=+0.0000  |dz|=0.115  11.6 it/s
step  41250  L=0.0450  src=0.0163  tgt=0.0143  trans=0.0144  gain=-0.0000  |dz|=0.095  11.6 it/s
step  41300  L=0.0542  src=0.0100  tgt=0.0221  trans=0.0221  gain=-0.0000  |dz|=0.042  11.6 it/s
step  41350  L=0.4662  src=0.0302  tgt=0.2180  trans=0.2180  gain=+0.0000  |dz|=0.117  11.6 it/s
step  41400  L=0.1491  src=0.0173  tgt=0.0659  trans=0.0659  gain=+0.0000  |dz|=0.047  11.6 it/s
step  41450  L=0.2573  src=0.0165  tgt=0.1204  trans=0.1204  gain=+0.0000  |dz|=0.117  11.6 it/s
step  41500  L=0.0387  src=0.0084  tgt=0.0152  trans=0.0151  gain=+0.0000  |dz|=0.043  11.6 it/s
step  41550  L=0.5362  src=0.0274  tgt=0.2544  trans=0.2544  gain=-0.0000  |dz|=0.119  11.6 it/s
step  41600  L=0.2936  src=0.0211  tgt=0.1363  trans=0.1363  gain=+0.0000  |dz|=0.119  11.6 it/s
step  41650  L=0.0716  src=0.0119  tgt=0.0298  trans=0.0298  gain=-0.0000  |dz|=0.045  11.6 it/s
step  41700  L=0.0733  src=0.0174  tgt=0.0280  trans=0.0279  gain=+0.0000  |dz|=0.046  11.6 it/s
step  41750  L=0.3255  src=0.0291  tgt=0.1482  trans=0.1482  gain=+0.0000  |dz|=0.118  11.6 it/s
step  41800  L=0.0988  src=0.0417  tgt=0.0285  trans=0.0286  gain=-0.0000  |dz|=0.048  11.6 it/s
step  41850  L=0.3175  src=0.0152  tgt=0.1512  trans=0.1511  gain=+0.0000  |dz|=0.119  11.6 it/s
step  41900  L=0.4816  src=0.0113  tgt=0.2351  trans=0.2351  gain=+0.0000  |dz|=0.118  11.6 it/s
step  41950  L=0.0663  src=0.0174  tgt=0.0245  trans=0.0244  gain=+0.0001  |dz|=0.046  11.6 it/s
step  42000  L=0.0954  src=0.0161  tgt=0.0396  trans=0.0397  gain=-0.0000  |dz|=0.045  11.6 it/s
  [diagnostics @ 42000] loss_correct=0.0811  loss_zero=0.0831  loss_shuffled=0.0847  loss_random=0.0835  loss_target_only=0.0812  loss_mean_z=0.0839  r_basis=0.0363  |dz_transport|=0.0874  z_s_vs_enc_rel=1.4698  z_spread_rel=1.2507  gain_vs_zero=0.0020  gain_vs_shuffled=0.0037  gain_vs_target_only=0.0001  gain_vs_mean_z=0.0028  delta_task=0.0028  z_center_norm=0.0277  task_specific_frac=1.3948
step  42050  L=0.0691  src=0.0276  tgt=0.0207  trans=0.0207  gain=+0.0000  |dz|=0.044  11.6 it/s
step  42100  L=0.2596  src=0.0115  tgt=0.1241  trans=0.1240  gain=+0.0000  |dz|=0.115  11.6 it/s
step  42150  L=0.1056  src=0.0411  tgt=0.0323  trans=0.0323  gain=-0.0000  |dz|=0.045  11.6 it/s
step  42200  L=0.0524  src=0.0151  tgt=0.0187  trans=0.0187  gain=+0.0000  |dz|=0.045  11.6 it/s
step  42250  L=0.2735  src=0.0292  tgt=0.1222  trans=0.1222  gain=+0.0000  |dz|=0.116  11.6 it/s
step  42300  L=0.1802  src=0.0165  tgt=0.0819  trans=0.0818  gain=+0.0000  |dz|=0.114  11.6 it/s
step  42350  L=0.0479  src=0.0170  tgt=0.0155  trans=0.0155  gain=-0.0000  |dz|=0.047  11.6 it/s
step  42400  L=0.0660  src=0.0292  tgt=0.0184  trans=0.0184  gain=+0.0000  |dz|=0.094  11.6 it/s
step  42450  L=0.2826  src=0.0271  tgt=0.1278  trans=0.1278  gain=-0.0000  |dz|=0.115  11.6 it/s
step  42500  L=0.0898  src=0.0444  tgt=0.0227  trans=0.0227  gain=+0.0000  |dz|=0.097  11.6 it/s
step  42550  L=0.0996  src=0.0136  tgt=0.0430  trans=0.0430  gain=+0.0000  |dz|=0.048  11.6 it/s
step  42600  L=0.2830  src=0.0183  tgt=0.1325  trans=0.1322  gain=+0.0003  |dz|=0.132  11.6 it/s
step  42650  L=0.0881  src=0.0317  tgt=0.0282  trans=0.0282  gain=+0.0000  |dz|=0.096  11.6 it/s
step  42700  L=0.0565  src=0.0180  tgt=0.0192  trans=0.0192  gain=+0.0000  |dz|=0.097  11.6 it/s
step  42750  L=0.1024  src=0.0501  tgt=0.0261  trans=0.0261  gain=+0.0000  |dz|=0.101  11.6 it/s
step  42800  L=0.3052  src=0.0117  tgt=0.1467  trans=0.1467  gain=+0.0000  |dz|=0.136  11.6 it/s
step  42850  L=0.0480  src=0.0164  tgt=0.0158  trans=0.0158  gain=+0.0000  |dz|=0.098  11.6 it/s
step  42900  L=0.0756  src=0.0264  tgt=0.0246  trans=0.0246  gain=+0.0000  |dz|=0.048  11.6 it/s
step  42950  L=0.1165  src=0.0421  tgt=0.0372  trans=0.0372  gain=+0.0000  |dz|=0.047  11.6 it/s
step  43000  L=0.0574  src=0.0124  tgt=0.0225  trans=0.0225  gain=+0.0000  |dz|=0.099  11.6 it/s
step  43050  L=0.0564  src=0.0235  tgt=0.0164  trans=0.0164  gain=+0.0000  |dz|=0.047  11.6 it/s
step  43100  L=0.0536  src=0.0182  tgt=0.0177  trans=0.0177  gain=+0.0000  |dz|=0.047  11.6 it/s
step  43150  L=0.0657  src=0.0157  tgt=0.0250  trans=0.0250  gain=+0.0000  |dz|=0.095  11.6 it/s
step  43200  L=0.0657  src=0.0097  tgt=0.0280  trans=0.0280  gain=-0.0000  |dz|=0.043  11.6 it/s
step  43250  L=0.0991  src=0.0325  tgt=0.0333  trans=0.0333  gain=+0.0000  |dz|=0.099  11.6 it/s
step  43300  L=0.0727  src=0.0336  tgt=0.0196  trans=0.0195  gain=+0.0000  |dz|=0.043  11.6 it/s
step  43350  L=0.0905  src=0.0404  tgt=0.0251  trans=0.0251  gain=+0.0000  |dz|=0.096  11.6 it/s
step  43400  L=0.0907  src=0.0145  tgt=0.0382  trans=0.0380  gain=+0.0001  |dz|=0.047  11.6 it/s
step  43450  L=0.0496  src=0.0189  tgt=0.0154  trans=0.0154  gain=+0.0000  |dz|=0.097  11.6 it/s
step  43500  L=0.3857  src=0.0420  tgt=0.1718  trans=0.1718  gain=+0.0001  |dz|=0.137  11.6 it/s
step  43550  L=0.0598  src=0.0198  tgt=0.0200  trans=0.0200  gain=-0.0000  |dz|=0.048  11.6 it/s
step  43600  L=0.0756  src=0.0354  tgt=0.0201  trans=0.0201  gain=+0.0000  |dz|=0.096  11.6 it/s
step  43650  L=0.0925  src=0.0210  tgt=0.0357  trans=0.0358  gain=-0.0000  |dz|=0.094  11.6 it/s
step  43700  L=0.3371  src=0.0162  tgt=0.1604  trans=0.1604  gain=-0.0000  |dz|=0.134  11.6 it/s
step  43750  L=0.2335  src=0.0197  tgt=0.1069  trans=0.1069  gain=-0.0000  |dz|=0.129  11.6 it/s
step  43800  L=0.2214  src=0.0163  tgt=0.1025  trans=0.1025  gain=-0.0000  |dz|=0.130  11.6 it/s
step  43850  L=0.0915  src=0.0335  tgt=0.0290  trans=0.0290  gain=-0.0000  |dz|=0.046  11.6 it/s
step  43900  L=0.1358  src=0.0410  tgt=0.0474  trans=0.0474  gain=+0.0000  |dz|=0.046  11.6 it/s
step  43950  L=0.2929  src=0.0263  tgt=0.1333  trans=0.1333  gain=+0.0000  |dz|=0.129  11.6 it/s
step  44000  L=0.3363  src=0.0418  tgt=0.1472  trans=0.1472  gain=-0.0000  |dz|=0.128  11.6 it/s
  [diagnostics @ 44000] loss_correct=0.1062  loss_zero=0.1093  loss_shuffled=0.1105  loss_random=0.1098  loss_target_only=0.1062  loss_mean_z=0.1106  r_basis=0.0434  |dz_transport|=0.0952  z_s_vs_enc_rel=1.6113  z_spread_rel=1.1875  gain_vs_zero=0.0031  gain_vs_shuffled=0.0043  gain_vs_target_only=0.0001  gain_vs_mean_z=0.0044  delta_task=0.0044  z_center_norm=0.0277  task_specific_frac=1.4074
step  44050  L=0.1743  src=0.0172  tgt=0.0786  trans=0.0785  gain=+0.0000  |dz|=0.129  11.6 it/s
step  44100  L=0.0806  src=0.0219  tgt=0.0294  trans=0.0294  gain=+0.0000  |dz|=0.050  11.6 it/s
step  44150  L=0.3909  src=0.0270  tgt=0.1820  trans=0.1819  gain=+0.0000  |dz|=0.126  11.6 it/s
step  44200  L=0.0499  src=0.0213  tgt=0.0143  trans=0.0143  gain=+0.0000  |dz|=0.096  11.6 it/s
step  44250  L=0.0758  src=0.0314  tgt=0.0222  trans=0.0222  gain=-0.0000  |dz|=0.095  11.6 it/s
step  44300  L=0.0670  src=0.0087  tgt=0.0292  trans=0.0292  gain=+0.0000  |dz|=0.047  11.6 it/s
step  44350  L=0.3228  src=0.0125  tgt=0.1552  trans=0.1552  gain=-0.0000  |dz|=0.124  11.6 it/s
step  44400  L=0.0552  src=0.0127  tgt=0.0213  trans=0.0213  gain=+0.0000  |dz|=0.097  11.6 it/s
step  44450  L=0.0563  src=0.0204  tgt=0.0179  trans=0.0179  gain=-0.0000  |dz|=0.096  11.6 it/s
step  44500  L=0.3025  src=0.0296  tgt=0.1364  trans=0.1364  gain=+0.0000  |dz|=0.125  11.6 it/s
step  44550  L=0.3551  src=0.0263  tgt=0.1644  trans=0.1644  gain=+0.0000  |dz|=0.124  11.6 it/s
step  44600  L=0.0597  src=0.0274  tgt=0.0161  trans=0.0162  gain=-0.0000  |dz|=0.099  11.6 it/s
step  44650  L=0.3721  src=0.0372  tgt=0.1675  trans=0.1675  gain=-0.0000  |dz|=0.123  11.6 it/s
step  44700  L=0.5152  src=0.0150  tgt=0.2501  trans=0.2501  gain=+0.0000  |dz|=0.122  11.6 it/s
step  44750  L=0.3615  src=0.0167  tgt=0.1724  trans=0.1724  gain=-0.0000  |dz|=0.121  11.6 it/s
step  44800  L=0.3494  src=0.0321  tgt=0.1587  trans=0.1586  gain=+0.0000  |dz|=0.122  11.6 it/s
step  44850  L=0.3411  src=0.0497  tgt=0.1457  trans=0.1457  gain=-0.0000  |dz|=0.122  11.6 it/s
step  44900  L=0.0821  src=0.0299  tgt=0.0261  trans=0.0261  gain=-0.0000  |dz|=0.049  11.6 it/s
step  44950  L=0.3632  src=0.0183  tgt=0.1725  trans=0.1725  gain=+0.0000  |dz|=0.121  11.6 it/s
step  45000  L=0.0654  src=0.0116  tgt=0.0269  trans=0.0269  gain=+0.0000  |dz|=0.047  11.6 it/s
step  45050  L=0.3904  src=0.0295  tgt=0.1805  trans=0.1805  gain=+0.0000  |dz|=0.121  11.6 it/s
step  45100  L=0.1047  src=0.0395  tgt=0.0326  trans=0.0326  gain=+0.0000  |dz|=0.050  11.6 it/s
step  45150  L=0.3829  src=0.0520  tgt=0.1655  trans=0.1654  gain=+0.0000  |dz|=0.120  11.6 it/s
step  45200  L=0.0622  src=0.0271  tgt=0.0176  trans=0.0176  gain=-0.0000  |dz|=0.048  11.6 it/s
step  45250  L=0.0823  src=0.0240  tgt=0.0291  trans=0.0291  gain=+0.0000  |dz|=0.048  11.6 it/s
step  45300  L=0.0618  src=0.0261  tgt=0.0178  trans=0.0178  gain=-0.0000  |dz|=0.049  11.6 it/s
step  45350  L=0.0568  src=0.0144  tgt=0.0212  trans=0.0212  gain=+0.0000  |dz|=0.048  11.6 it/s
step  45400  L=0.0664  src=0.0068  tgt=0.0298  trans=0.0298  gain=+0.0000  |dz|=0.096  11.6 it/s
step  45450  L=0.0542  src=0.0299  tgt=0.0122  trans=0.0122  gain=+0.0000  |dz|=0.098  11.6 it/s
step  45500  L=0.4534  src=0.0451  tgt=0.2042  trans=0.2042  gain=+0.0000  |dz|=0.119  11.6 it/s
step  45550  L=0.0644  src=0.0249  tgt=0.0197  trans=0.0198  gain=-0.0000  |dz|=0.047  11.6 it/s
step  45600  L=0.0630  src=0.0121  tgt=0.0254  trans=0.0255  gain=-0.0000  |dz|=0.047  11.6 it/s
step  45650  L=0.0428  src=0.0147  tgt=0.0141  trans=0.0141  gain=-0.0000  |dz|=0.095  11.6 it/s
step  45700  L=0.0713  src=0.0275  tgt=0.0219  trans=0.0219  gain=-0.0000  |dz|=0.097  11.6 it/s
step  45750  L=0.0549  src=0.0149  tgt=0.0200  trans=0.0200  gain=-0.0000  |dz|=0.098  11.6 it/s
step  45800  L=0.2150  src=0.0158  tgt=0.0996  trans=0.0996  gain=+0.0000  |dz|=0.118  11.6 it/s
step  45850  L=0.0905  src=0.0492  tgt=0.0206  trans=0.0206  gain=+0.0000  |dz|=0.098  11.6 it/s
step  45900  L=0.1182  src=0.0181  tgt=0.0501  trans=0.0500  gain=+0.0000  |dz|=0.049  11.6 it/s
step  45950  L=0.0905  src=0.0257  tgt=0.0325  trans=0.0324  gain=+0.0000  |dz|=0.046  11.6 it/s
step  46000  L=0.4141  src=0.0123  tgt=0.2009  trans=0.2009  gain=+0.0000  |dz|=0.115  11.6 it/s
  [diagnostics @ 46000] loss_correct=0.0724  loss_zero=0.0741  loss_shuffled=0.0766  loss_random=0.0746  loss_target_only=0.0725  loss_mean_z=0.0748  r_basis=0.0368  |dz_transport|=0.0800  z_s_vs_enc_rel=1.2887  z_spread_rel=1.1676  gain_vs_zero=0.0017  gain_vs_shuffled=0.0042  gain_vs_target_only=0.0001  gain_vs_mean_z=0.0024  delta_task=0.0024  z_center_norm=0.0293  task_specific_frac=1.3685
step  46050  L=0.0734  src=0.0199  tgt=0.0267  trans=0.0267  gain=+0.0000  |dz|=0.048  11.6 it/s
step  46100  L=0.0673  src=0.0098  tgt=0.0287  trans=0.0287  gain=-0.0000  |dz|=0.096  11.6 it/s
step  46150  L=0.0880  src=0.0612  tgt=0.0134  trans=0.0134  gain=-0.0000  |dz|=0.096  11.6 it/s
step  46200  L=0.0831  src=0.0337  tgt=0.0247  trans=0.0247  gain=+0.0000  |dz|=0.051  11.6 it/s
step  46250  L=0.0657  src=0.0218  tgt=0.0219  trans=0.0219  gain=-0.0000  |dz|=0.095  11.6 it/s
step  46300  L=0.0664  src=0.0134  tgt=0.0265  trans=0.0265  gain=+0.0000  |dz|=0.049  11.6 it/s
step  46350  L=0.0378  src=0.0111  tgt=0.0133  trans=0.0133  gain=-0.0000  |dz|=0.049  11.6 it/s
step  46400  L=0.0586  src=0.0192  tgt=0.0197  trans=0.0197  gain=+0.0000  |dz|=0.095  11.6 it/s
step  46450  L=0.4557  src=0.0198  tgt=0.2179  trans=0.2179  gain=+0.0000  |dz|=0.115  11.6 it/s
step  46500  L=0.4149  src=0.0355  tgt=0.1897  trans=0.1897  gain=+0.0000  |dz|=0.116  11.6 it/s
step  46550  L=0.0640  src=0.0354  tgt=0.0143  trans=0.0143  gain=+0.0000  |dz|=0.099  11.6 it/s
step  46600  L=0.5698  src=0.0269  tgt=0.2714  trans=0.2714  gain=-0.0000  |dz|=0.114  11.6 it/s
step  46650  L=0.3438  src=0.0204  tgt=0.1618  trans=0.1616  gain=+0.0002  |dz|=0.117  11.6 it/s
step  46700  L=0.0445  src=0.0152  tgt=0.0147  trans=0.0146  gain=+0.0001  |dz|=0.098  11.6 it/s
step  46750  L=0.0537  src=0.0180  tgt=0.0178  trans=0.0178  gain=+0.0000  |dz|=0.097  11.6 it/s
step  46800  L=0.3705  src=0.0146  tgt=0.1779  trans=0.1779  gain=-0.0000  |dz|=0.116  11.6 it/s
step  46850  L=0.0574  src=0.0293  tgt=0.0140  trans=0.0140  gain=-0.0000  |dz|=0.095  11.6 it/s
step  46900  L=0.0303  src=0.0094  tgt=0.0104  trans=0.0105  gain=-0.0000  |dz|=0.096  11.6 it/s
step  46950  L=0.1011  src=0.0370  tgt=0.0321  trans=0.0321  gain=-0.0000  |dz|=0.048  11.6 it/s
step  47000  L=0.0869  src=0.0374  tgt=0.0248  trans=0.0247  gain=+0.0000  |dz|=0.047  11.6 it/s
step  47050  L=0.0821  src=0.0229  tgt=0.0296  trans=0.0296  gain=-0.0000  |dz|=0.094  11.6 it/s
step  47100  L=0.1194  src=0.0161  tgt=0.0517  trans=0.0517  gain=+0.0000  |dz|=0.049  11.6 it/s
step  47150  L=0.0566  src=0.0236  tgt=0.0165  trans=0.0165  gain=-0.0000  |dz|=0.097  11.6 it/s
step  47200  L=0.0574  src=0.0321  tgt=0.0126  trans=0.0126  gain=-0.0000  |dz|=0.048  11.6 it/s
step  47250  L=0.0871  src=0.0216  tgt=0.0327  trans=0.0327  gain=-0.0000  |dz|=0.049  11.6 it/s
step  47300  L=0.2686  src=0.0254  tgt=0.1216  trans=0.1216  gain=-0.0000  |dz|=0.113  11.6 it/s
step  47350  L=0.1075  src=0.0285  tgt=0.0395  trans=0.0395  gain=-0.0000  |dz|=0.049  11.6 it/s
step  47400  L=0.0351  src=0.0088  tgt=0.0131  trans=0.0132  gain=-0.0000  |dz|=0.044  11.6 it/s
step  47450  L=0.2993  src=0.0152  tgt=0.1420  trans=0.1420  gain=+0.0000  |dz|=0.113  11.6 it/s
step  47500  L=0.2498  src=0.0214  tgt=0.1142  trans=0.1142  gain=+0.0000  |dz|=0.112  11.6 it/s
step  47550  L=0.1096  src=0.0184  tgt=0.0456  trans=0.0456  gain=+0.0001  |dz|=0.048  11.6 it/s
step  47600  L=0.0547  src=0.0110  tgt=0.0218  trans=0.0218  gain=+0.0000  |dz|=0.098  11.6 it/s
step  47650  L=0.0526  src=0.0175  tgt=0.0175  trans=0.0176  gain=-0.0000  |dz|=0.097  11.6 it/s
step  47700  L=0.3077  src=0.0275  tgt=0.1401  trans=0.1401  gain=-0.0000  |dz|=0.114  11.6 it/s
step  47750  L=0.0621  src=0.0129  tgt=0.0246  trans=0.0246  gain=+0.0001  |dz|=0.096  11.6 it/s
step  47800  L=0.0395  src=0.0110  tgt=0.0142  trans=0.0142  gain=-0.0000  |dz|=0.049  11.6 it/s
step  47850  L=0.1499  src=0.0374  tgt=0.0562  trans=0.0562  gain=+0.0000  |dz|=0.050  11.6 it/s
step  47900  L=0.3424  src=0.0089  tgt=0.1668  trans=0.1667  gain=+0.0000  |dz|=0.113  11.6 it/s
step  47950  L=0.0893  src=0.0157  tgt=0.0368  trans=0.0368  gain=-0.0000  |dz|=0.101  11.6 it/s
step  48000  L=0.0843  src=0.0299  tgt=0.0272  trans=0.0272  gain=+0.0000  |dz|=0.098  11.6 it/s
  [diagnostics @ 48000] loss_correct=0.1026  loss_zero=0.1053  loss_shuffled=0.1066  loss_random=0.1058  loss_target_only=0.1028  loss_mean_z=0.1066  r_basis=0.0412  |dz_transport|=0.0972  z_s_vs_enc_rel=1.6313  z_spread_rel=1.1996  gain_vs_zero=0.0027  gain_vs_shuffled=0.0040  gain_vs_target_only=0.0002  gain_vs_mean_z=0.0039  delta_task=0.0039  z_center_norm=0.0269  task_specific_frac=1.4727
step  48050  L=0.0683  src=0.0391  tgt=0.0146  trans=0.0146  gain=+0.0000  |dz|=0.050  11.6 it/s
step  48100  L=0.0504  src=0.0191  tgt=0.0157  trans=0.0156  gain=+0.0000  |dz|=0.050  11.6 it/s
step  48150  L=0.0607  src=0.0211  tgt=0.0198  trans=0.0198  gain=+0.0000  |dz|=0.050  11.6 it/s
step  48200  L=0.2307  src=0.0145  tgt=0.1081  trans=0.1081  gain=+0.0000  |dz|=0.113  11.6 it/s
step  48250  L=0.4262  src=0.0429  tgt=0.1917  trans=0.1916  gain=+0.0000  |dz|=0.112  11.6 it/s
step  48300  L=0.0730  src=0.0273  tgt=0.0229  trans=0.0229  gain=-0.0000  |dz|=0.052  11.6 it/s
step  48350  L=0.0528  src=0.0221  tgt=0.0153  trans=0.0154  gain=-0.0000  |dz|=0.100  11.6 it/s
step  48400  L=0.3202  src=0.0253  tgt=0.1474  trans=0.1474  gain=-0.0000  |dz|=0.113  11.6 it/s
step  48450  L=0.5208  src=0.0158  tgt=0.2525  trans=0.2525  gain=+0.0000  |dz|=0.110  11.6 it/s
step  48500  L=0.1139  src=0.0322  tgt=0.0408  trans=0.0408  gain=+0.0000  |dz|=0.049  11.6 it/s
step  48550  L=0.3221  src=0.0152  tgt=0.1534  trans=0.1534  gain=-0.0000  |dz|=0.113  11.6 it/s
step  48600  L=0.0615  src=0.0334  tgt=0.0141  trans=0.0141  gain=-0.0000  |dz|=0.049  11.6 it/s
step  48650  L=0.0609  src=0.0246  tgt=0.0181  trans=0.0181  gain=-0.0000  |dz|=0.052  11.6 it/s
step  48700  L=0.4276  src=0.0204  tgt=0.2036  trans=0.2035  gain=+0.0001  |dz|=0.114  11.6 it/s
step  48750  L=0.4407  src=0.0110  tgt=0.2148  trans=0.2148  gain=+0.0000  |dz|=0.115  11.6 it/s
step  48800  L=0.0422  src=0.0207  tgt=0.0108  trans=0.0108  gain=+0.0000  |dz|=0.100  11.6 it/s
step  48850  L=0.1496  src=0.0220  tgt=0.0638  trans=0.0637  gain=+0.0000  |dz|=0.049  11.6 it/s
step  48900  L=0.0632  src=0.0148  tgt=0.0242  trans=0.0242  gain=+0.0000  |dz|=0.051  11.6 it/s
step  48950  L=0.0508  src=0.0130  tgt=0.0189  trans=0.0189  gain=+0.0000  |dz|=0.099  11.6 it/s
step  49000  L=0.0984  src=0.0236  tgt=0.0374  trans=0.0374  gain=+0.0000  |dz|=0.051  11.6 it/s
step  49050  L=0.1002  src=0.0380  tgt=0.0311  trans=0.0311  gain=+0.0000  |dz|=0.049  11.6 it/s
step  49100  L=0.4319  src=0.0098  tgt=0.2110  trans=0.2110  gain=+0.0000  |dz|=0.112  11.6 it/s
step  49150  L=0.0471  src=0.0244  tgt=0.0114  trans=0.0113  gain=+0.0000  |dz|=0.099  11.6 it/s
step  49200  L=0.2662  src=0.0184  tgt=0.1239  trans=0.1239  gain=-0.0000  |dz|=0.111  11.6 it/s
step  49250  L=0.4406  src=0.0147  tgt=0.2130  trans=0.2130  gain=-0.0000  |dz|=0.111  11.6 it/s
step  49300  L=0.0697  src=0.0199  tgt=0.0249  trans=0.0249  gain=-0.0000  |dz|=0.098  11.6 it/s
step  49350  L=0.0559  src=0.0230  tgt=0.0165  trans=0.0164  gain=+0.0001  |dz|=0.102  11.6 it/s
step  49400  L=0.0604  src=0.0138  tgt=0.0233  trans=0.0233  gain=-0.0000  |dz|=0.050  11.6 it/s
step  49450  L=0.0923  src=0.0240  tgt=0.0342  trans=0.0341  gain=+0.0001  |dz|=0.101  11.6 it/s
step  49500  L=0.1133  src=0.0325  tgt=0.0404  trans=0.0404  gain=+0.0000  |dz|=0.047  11.6 it/s
step  49550  L=0.3643  src=0.0511  tgt=0.1566  trans=0.1566  gain=+0.0000  |dz|=0.112  11.6 it/s
step  49600  L=0.2663  src=0.0173  tgt=0.1245  trans=0.1244  gain=+0.0000  |dz|=0.112  11.6 it/s
step  49650  L=0.0722  src=0.0316  tgt=0.0203  trans=0.0203  gain=-0.0000  |dz|=0.099  11.6 it/s
step  49700  L=0.0450  src=0.0216  tgt=0.0117  trans=0.0117  gain=-0.0000  |dz|=0.052  11.6 it/s
step  49750  L=0.0534  src=0.0262  tgt=0.0137  trans=0.0136  gain=+0.0000  |dz|=0.099  11.6 it/s
step  49800  L=0.2991  src=0.0147  tgt=0.1422  trans=0.1422  gain=-0.0000  |dz|=0.111  11.6 it/s
step  49850  L=0.0800  src=0.0184  tgt=0.0308  trans=0.0308  gain=+0.0000  |dz|=0.052  11.6 it/s
step  49900  L=0.2550  src=0.0407  tgt=0.1072  trans=0.1071  gain=+0.0001  |dz|=0.112  11.6 it/s
step  49950  L=0.0880  src=0.0253  tgt=0.0313  trans=0.0314  gain=-0.0000  |dz|=0.051  11.6 it/s
step  50000  L=0.0487  src=0.0080  tgt=0.0204  trans=0.0203  gain=+0.0001  |dz|=0.100  11.6 it/s
  [diagnostics @ 50000] loss_correct=0.0771  loss_zero=0.0788  loss_shuffled=0.0803  loss_random=0.0793  loss_target_only=0.0771  loss_mean_z=0.0797  r_basis=0.0364  |dz_transport|=0.0823  z_s_vs_enc_rel=1.3889  z_spread_rel=1.2082  gain_vs_zero=0.0017  gain_vs_shuffled=0.0032  gain_vs_target_only=0.0001  gain_vs_mean_z=0.0027  delta_task=0.0027  z_center_norm=0.0293  task_specific_frac=1.5237
  saved C:\T1D Meta Learning\code\python\meta-diffusion\experiments\linear_transport_replacement_2026-09-24\work\checkpoints\cifar_train25_basis_k16_step50000.pt

done in 71.6 min. log: C:\T1D Meta Learning\code\python\meta-diffusion\experiments\linear_transport_replacement_2026-09-24\work\checkpoints\cifar_train25_basis_k16_log.jsonl
