REPLAY cifar_train50_film_k16: source checkpoint configuration, transport=linear
device cuda | backbone film_unet | k=16
φ 27.92M + encoder 0.33M + transport 0.4K
training episode combinations 450 | 50000 steps

step      1  L=3.2691  src=1.0839  tgt=1.0919  trans=1.0932  gain=-0.0013  |dz|=0.000  1.4 it/s
step     50  L=1.1463  src=0.4205  tgt=0.3633  trans=0.3625  gain=+0.0009  |dz|=0.005  7.4 it/s
step    100  L=0.5662  src=0.1912  tgt=0.1875  trans=0.1873  gain=+0.0001  |dz|=0.044  7.7 it/s
step    150  L=0.3245  src=0.1528  tgt=0.0856  trans=0.0859  gain=-0.0003  |dz|=0.103  7.9 it/s
step    200  L=0.3571  src=0.1031  tgt=0.1268  trans=0.1271  gain=-0.0002  |dz|=0.148  7.9 it/s
step    250  L=0.3359  src=0.1031  tgt=0.1163  trans=0.1164  gain=-0.0001  |dz|=0.172  7.9 it/s
step    300  L=0.2593  src=0.1017  tgt=0.0787  trans=0.0789  gain=-0.0001  |dz|=0.132  8.0 it/s
step    350  L=0.7421  src=0.0664  tgt=0.3378  trans=0.3378  gain=-0.0001  |dz|=0.155  8.0 it/s
step    400  L=0.4145  src=0.0741  tgt=0.1704  trans=0.1700  gain=+0.0004  |dz|=0.182  8.0 it/s
step    450  L=0.4896  src=0.1231  tgt=0.1833  trans=0.1832  gain=+0.0001  |dz|=0.260  8.0 it/s
step    500  L=0.0856  src=0.0283  tgt=0.0287  trans=0.0285  gain=+0.0002  |dz|=0.204  8.0 it/s
step    550  L=0.1881  src=0.1384  tgt=0.0248  trans=0.0249  gain=-0.0001  |dz|=0.238  8.0 it/s
step    600  L=0.5651  src=0.0831  tgt=0.2416  trans=0.2404  gain=+0.0013  |dz|=0.433  8.1 it/s
step    650  L=0.4070  src=0.0610  tgt=0.1742  trans=0.1717  gain=+0.0025  |dz|=0.584  8.1 it/s
step    700  L=0.4092  src=0.0580  tgt=0.1756  trans=0.1755  gain=+0.0002  |dz|=0.632  8.1 it/s
step    750  L=0.4471  src=0.0564  tgt=0.1954  trans=0.1953  gain=+0.0002  |dz|=0.611  8.1 it/s
step    800  L=0.2677  src=0.1247  tgt=0.0718  trans=0.0713  gain=+0.0005  |dz|=0.143  8.1 it/s
step    850  L=0.2239  src=0.0767  tgt=0.0738  trans=0.0734  gain=+0.0003  |dz|=0.128  8.1 it/s
step    900  L=0.1795  src=0.1084  tgt=0.0355  trans=0.0356  gain=-0.0001  |dz|=0.039  8.1 it/s
step    950  L=0.1375  src=0.0474  tgt=0.0451  trans=0.0451  gain=-0.0000  |dz|=0.043  8.1 it/s
step   1000  L=0.1320  src=0.0666  tgt=0.0327  trans=0.0327  gain=-0.0000  |dz|=0.046  8.1 it/s
step   1050  L=0.1429  src=0.0639  tgt=0.0394  trans=0.0396  gain=-0.0001  |dz|=0.047  8.1 it/s
step   1100  L=0.4747  src=0.1098  tgt=0.1837  trans=0.1812  gain=+0.0025  |dz|=0.547  8.1 it/s
step   1150  L=0.1710  src=0.0546  tgt=0.0582  trans=0.0582  gain=+0.0000  |dz|=0.097  8.1 it/s
step   1200  L=0.4914  src=0.1112  tgt=0.1900  trans=0.1902  gain=-0.0002  |dz|=0.506  8.1 it/s
step   1250  L=0.1099  src=0.0473  tgt=0.0313  trans=0.0312  gain=+0.0001  |dz|=0.063  8.1 it/s
step   1300  L=0.1061  src=0.0469  tgt=0.0297  trans=0.0295  gain=+0.0003  |dz|=0.117  8.1 it/s
step   1350  L=0.1281  src=0.0713  tgt=0.0287  trans=0.0281  gain=+0.0005  |dz|=0.066  8.1 it/s
step   1400  L=0.1188  src=0.0591  tgt=0.0298  trans=0.0298  gain=-0.0000  |dz|=0.063  8.1 it/s
step   1450  L=0.1103  src=0.0442  tgt=0.0330  trans=0.0331  gain=-0.0001  |dz|=0.128  8.1 it/s
step   1500  L=0.1352  src=0.0620  tgt=0.0366  trans=0.0365  gain=+0.0001  |dz|=0.088  8.1 it/s
step   1550  L=0.1855  src=0.0794  tgt=0.0535  trans=0.0526  gain=+0.0010  |dz|=0.142  8.1 it/s
step   1600  L=0.1558  src=0.0522  tgt=0.0518  trans=0.0518  gain=-0.0000  |dz|=0.095  8.1 it/s
step   1650  L=0.1195  src=0.0496  tgt=0.0351  trans=0.0348  gain=+0.0003  |dz|=0.222  8.1 it/s
step   1700  L=0.3862  src=0.1083  tgt=0.1388  trans=0.1391  gain=-0.0003  |dz|=0.537  8.1 it/s
step   1750  L=0.1062  src=0.0426  tgt=0.0318  trans=0.0319  gain=-0.0001  |dz|=0.170  8.1 it/s
step   1800  L=0.1083  src=0.0479  tgt=0.0302  trans=0.0302  gain=-0.0000  |dz|=0.137  8.1 it/s
step   1850  L=0.1578  src=0.0766  tgt=0.0407  trans=0.0406  gain=+0.0001  |dz|=0.169  8.1 it/s
step   1900  L=0.1717  src=0.0703  tgt=0.0507  trans=0.0506  gain=+0.0001  |dz|=0.174  8.1 it/s
step   1950  L=0.2701  src=0.0452  tgt=0.1125  trans=0.1123  gain=+0.0002  |dz|=0.509  8.1 it/s
step   2000  L=0.4343  src=0.0413  tgt=0.1966  trans=0.1963  gain=+0.0004  |dz|=0.594  8.1 it/s
  [diagnostics @ 2000] loss_correct=0.0796  loss_zero=0.0804  loss_shuffled=0.0803  loss_random=0.0804  loss_target_only=0.0801  loss_mean_z=0.0804  r_basis=0.0077  |dz_transport|=0.1560  z_s_vs_enc_rel=0.5644  z_spread_rel=1.0863  gain_vs_zero=0.0008  gain_vs_shuffled=0.0007  gain_vs_target_only=0.0005  gain_vs_mean_z=0.0008  delta_task=0.0008  z_center_norm=0.0609  task_specific_frac=0.9545
step   2050  L=0.1605  src=0.0655  tgt=0.0475  trans=0.0475  gain=-0.0001  |dz|=0.209  7.7 it/s
step   2100  L=0.1517  src=0.0764  tgt=0.0377  trans=0.0376  gain=+0.0000  |dz|=0.166  7.7 it/s
step   2150  L=0.1237  src=0.0461  tgt=0.0387  trans=0.0388  gain=-0.0001  |dz|=0.143  7.8 it/s
step   2200  L=0.1351  src=0.0651  tgt=0.0349  trans=0.0350  gain=-0.0001  |dz|=0.285  7.8 it/s
step   2250  L=0.1215  src=0.0439  tgt=0.0388  trans=0.0387  gain=+0.0000  |dz|=0.168  7.8 it/s
step   2300  L=0.1207  src=0.0591  tgt=0.0308  trans=0.0308  gain=-0.0001  |dz|=0.163  7.8 it/s
step   2350  L=0.1001  src=0.0525  tgt=0.0238  trans=0.0238  gain=-0.0001  |dz|=0.133  7.8 it/s
step   2400  L=0.3058  src=0.0412  tgt=0.1323  trans=0.1322  gain=+0.0001  |dz|=0.650  7.8 it/s
step   2450  L=0.1228  src=0.0372  tgt=0.0429  trans=0.0427  gain=+0.0002  |dz|=0.312  7.8 it/s
step   2500  L=0.1241  src=0.0548  tgt=0.0346  trans=0.0348  gain=-0.0002  |dz|=0.333  7.8 it/s
step   2550  L=0.1138  src=0.0748  tgt=0.0196  trans=0.0194  gain=+0.0001  |dz|=0.311  7.8 it/s
step   2600  L=0.1535  src=0.0610  tgt=0.0461  trans=0.0463  gain=-0.0002  |dz|=0.182  7.8 it/s
step   2650  L=0.0985  src=0.0336  tgt=0.0325  trans=0.0324  gain=+0.0002  |dz|=0.310  7.8 it/s
step   2700  L=0.2068  src=0.1191  tgt=0.0438  trans=0.0438  gain=-0.0000  |dz|=0.162  7.8 it/s
step   2750  L=0.1790  src=0.0927  tgt=0.0432  trans=0.0431  gain=+0.0002  |dz|=0.204  7.8 it/s
step   2800  L=0.1500  src=0.0684  tgt=0.0408  trans=0.0408  gain=-0.0000  |dz|=0.304  7.8 it/s
step   2850  L=0.2727  src=0.0486  tgt=0.1120  trans=0.1121  gain=-0.0001  |dz|=0.624  7.8 it/s
step   2900  L=0.0969  src=0.0497  tgt=0.0236  trans=0.0235  gain=+0.0002  |dz|=0.182  7.8 it/s
step   2950  L=0.4444  src=0.0998  tgt=0.1722  trans=0.1723  gain=-0.0001  |dz|=0.556  7.9 it/s
step   3000  L=0.1400  src=0.0915  tgt=0.0243  trans=0.0242  gain=+0.0001  |dz|=0.413  7.9 it/s
step   3050  L=0.5106  src=0.0592  tgt=0.2258  trans=0.2256  gain=+0.0002  |dz|=0.525  7.9 it/s
step   3100  L=0.1262  src=0.0462  tgt=0.0400  trans=0.0401  gain=-0.0001  |dz|=0.257  7.9 it/s
step   3150  L=0.1519  src=0.0793  tgt=0.0363  trans=0.0361  gain=+0.0002  |dz|=0.259  7.9 it/s
step   3200  L=0.1500  src=0.0765  tgt=0.0367  trans=0.0367  gain=+0.0000  |dz|=0.201  7.9 it/s
step   3250  L=0.1407  src=0.0476  tgt=0.0468  trans=0.0463  gain=+0.0004  |dz|=0.277  7.9 it/s
step   3300  L=0.3389  src=0.0565  tgt=0.1410  trans=0.1413  gain=-0.0003  |dz|=0.641  7.9 it/s
step   3350  L=0.4682  src=0.0407  tgt=0.2141  trans=0.2134  gain=+0.0007  |dz|=0.614  7.9 it/s
step   3400  L=0.1447  src=0.0779  tgt=0.0335  trans=0.0333  gain=+0.0002  |dz|=0.406  7.9 it/s
step   3450  L=0.1764  src=0.0965  tgt=0.0401  trans=0.0398  gain=+0.0003  |dz|=0.254  7.9 it/s
step   3500  L=0.1455  src=0.0545  tgt=0.0454  trans=0.0456  gain=-0.0002  |dz|=0.312  7.9 it/s
step   3550  L=0.3234  src=0.0646  tgt=0.1297  trans=0.1290  gain=+0.0007  |dz|=0.706  7.9 it/s
step   3600  L=0.1802  src=0.1108  tgt=0.0351  trans=0.0342  gain=+0.0009  |dz|=0.430  7.9 it/s
step   3650  L=0.0781  src=0.0388  tgt=0.0198  trans=0.0195  gain=+0.0003  |dz|=0.329  7.9 it/s
step   3700  L=0.4765  src=0.0727  tgt=0.2019  trans=0.2019  gain=-0.0000  |dz|=0.666  7.9 it/s
step   3750  L=0.1239  src=0.0624  tgt=0.0308  trans=0.0307  gain=+0.0001  |dz|=0.476  7.9 it/s
step   3800  L=0.4024  src=0.0937  tgt=0.1543  trans=0.1543  gain=-0.0000  |dz|=0.636  7.9 it/s
step   3850  L=0.0943  src=0.0493  tgt=0.0225  trans=0.0225  gain=-0.0000  |dz|=0.338  7.9 it/s
step   3900  L=0.1256  src=0.0438  tgt=0.0410  trans=0.0409  gain=+0.0001  |dz|=0.363  7.9 it/s
step   3950  L=0.3607  src=0.0567  tgt=0.1519  trans=0.1520  gain=-0.0000  |dz|=0.610  7.9 it/s
step   4000  L=0.1050  src=0.0712  tgt=0.0169  trans=0.0169  gain=-0.0000  |dz|=0.407  7.9 it/s
  [diagnostics @ 4000] loss_correct=0.0766  loss_zero=0.0785  loss_shuffled=0.0809  loss_random=0.0785  loss_target_only=0.0766  loss_mean_z=0.0779  r_basis=0.0220  |dz_transport|=0.3852  z_s_vs_enc_rel=2.7697  z_spread_rel=1.2218  gain_vs_zero=0.0019  gain_vs_shuffled=0.0043  gain_vs_target_only=0.0001  gain_vs_mean_z=0.0013  delta_task=0.0013  z_center_norm=0.1361  task_specific_frac=0.6858
step   4050  L=0.1242  src=0.0775  tgt=0.0234  trans=0.0233  gain=+0.0001  |dz|=0.582  7.7 it/s
step   4100  L=0.1080  src=0.0222  tgt=0.0448  trans=0.0410  gain=+0.0038  |dz|=0.574  7.7 it/s
step   4150  L=0.1154  src=0.0495  tgt=0.0329  trans=0.0329  gain=+0.0000  |dz|=0.547  7.8 it/s
step   4200  L=0.3614  src=0.0963  tgt=0.1325  trans=0.1325  gain=-0.0000  |dz|=0.672  7.8 it/s
step   4250  L=0.1368  src=0.0684  tgt=0.0342  trans=0.0342  gain=+0.0000  |dz|=0.592  7.8 it/s
step   4300  L=0.4371  src=0.0630  tgt=0.1871  trans=0.1870  gain=+0.0000  |dz|=0.624  7.8 it/s
step   4350  L=0.1512  src=0.0702  tgt=0.0408  trans=0.0401  gain=+0.0007  |dz|=0.631  7.8 it/s
step   4400  L=0.1304  src=0.0766  tgt=0.0270  trans=0.0268  gain=+0.0002  |dz|=0.586  7.8 it/s
step   4450  L=0.1260  src=0.0530  tgt=0.0364  trans=0.0366  gain=-0.0001  |dz|=0.411  7.8 it/s
step   4500  L=0.1395  src=0.0666  tgt=0.0365  trans=0.0364  gain=+0.0001  |dz|=0.571  7.8 it/s
step   4550  L=0.0924  src=0.0358  tgt=0.0284  trans=0.0282  gain=+0.0002  |dz|=0.567  7.8 it/s
step   4600  L=0.1146  src=0.0449  tgt=0.0349  trans=0.0347  gain=+0.0002  |dz|=0.454  7.8 it/s
step   4650  L=0.3626  src=0.0610  tgt=0.1508  trans=0.1508  gain=+0.0001  |dz|=0.655  7.8 it/s
step   4700  L=0.1052  src=0.0459  tgt=0.0296  trans=0.0297  gain=-0.0000  |dz|=0.441  7.8 it/s
step   4750  L=0.1355  src=0.0619  tgt=0.0368  trans=0.0368  gain=+0.0000  |dz|=0.398  7.8 it/s
step   4800  L=0.2139  src=0.0304  tgt=0.0918  trans=0.0916  gain=+0.0002  |dz|=0.770  7.8 it/s
step   4850  L=0.1086  src=0.0780  tgt=0.0153  trans=0.0152  gain=+0.0001  |dz|=0.409  7.8 it/s
step   4900  L=0.3836  src=0.0551  tgt=0.1642  trans=0.1642  gain=-0.0000  |dz|=0.698  7.8 it/s
step   4950  L=0.1018  src=0.0439  tgt=0.0292  trans=0.0287  gain=+0.0005  |dz|=0.578  7.8 it/s
step   5000  L=0.3604  src=0.0445  tgt=0.1578  trans=0.1580  gain=-0.0002  |dz|=0.735  7.8 it/s
step   5050  L=0.1355  src=0.0775  tgt=0.0290  trans=0.0290  gain=-0.0000  |dz|=0.585  7.8 it/s
step   5100  L=0.1475  src=0.0831  tgt=0.0323  trans=0.0321  gain=+0.0002  |dz|=0.546  7.8 it/s
step   5150  L=0.5919  src=0.0810  tgt=0.2554  trans=0.2554  gain=-0.0000  |dz|=0.715  7.8 it/s
step   5200  L=0.1214  src=0.0665  tgt=0.0274  trans=0.0275  gain=-0.0001  |dz|=0.574  7.8 it/s
step   5250  L=0.4313  src=0.0694  tgt=0.1809  trans=0.1809  gain=+0.0000  |dz|=0.710  7.8 it/s
step   5300  L=0.4379  src=0.0913  tgt=0.1732  trans=0.1733  gain=-0.0001  |dz|=0.672  7.8 it/s
step   5350  L=0.1328  src=0.0641  tgt=0.0343  trans=0.0344  gain=-0.0001  |dz|=0.655  7.8 it/s
step   5400  L=0.1031  src=0.0445  tgt=0.0292  trans=0.0294  gain=-0.0002  |dz|=0.504  7.8 it/s
step   5450  L=0.5531  src=0.0570  tgt=0.2480  trans=0.2481  gain=-0.0001  |dz|=0.682  7.8 it/s
step   5500  L=0.1551  src=0.1094  tgt=0.0227  trans=0.0229  gain=-0.0001  |dz|=0.676  7.8 it/s
step   5550  L=0.1065  src=0.0465  tgt=0.0300  trans=0.0300  gain=-0.0001  |dz|=0.518  7.8 it/s
step   5600  L=0.1230  src=0.0410  tgt=0.0410  trans=0.0410  gain=-0.0000  |dz|=0.451  7.8 it/s
step   5650  L=0.1724  src=0.0746  tgt=0.0489  trans=0.0489  gain=-0.0000  |dz|=0.559  7.9 it/s
step   5700  L=0.1483  src=0.0686  tgt=0.0398  trans=0.0398  gain=+0.0000  |dz|=0.631  7.9 it/s
step   5750  L=0.0962  src=0.0437  tgt=0.0262  trans=0.0263  gain=-0.0001  |dz|=0.589  7.9 it/s
step   5800  L=0.3214  src=0.0518  tgt=0.1349  trans=0.1347  gain=+0.0002  |dz|=0.703  7.9 it/s
step   5850  L=0.1164  src=0.0623  tgt=0.0272  trans=0.0269  gain=+0.0002  |dz|=0.487  7.9 it/s
step   5900  L=0.1027  src=0.0331  tgt=0.0347  trans=0.0349  gain=-0.0002  |dz|=0.638  7.9 it/s
step   5950  L=0.4705  src=0.0411  tgt=0.2147  trans=0.2146  gain=+0.0001  |dz|=0.675  7.9 it/s
step   6000  L=0.1070  src=0.0430  tgt=0.0319  trans=0.0321  gain=-0.0002  |dz|=0.679  7.9 it/s
  [diagnostics @ 6000] loss_correct=0.0842  loss_zero=0.0897  loss_shuffled=0.0921  loss_random=0.0900  loss_target_only=0.0842  loss_mean_z=0.0881  r_basis=0.0377  |dz_transport|=0.5626  z_s_vs_enc_rel=2.2835  z_spread_rel=1.0687  gain_vs_zero=0.0055  gain_vs_shuffled=0.0079  gain_vs_target_only=0.0000  gain_vs_mean_z=0.0039  delta_task=0.0039  z_center_norm=0.1329  task_specific_frac=0.7125
step   6050  L=0.4767  src=0.0760  tgt=0.2003  trans=0.2004  gain=-0.0001  |dz|=0.665  7.7 it/s
step   6100  L=0.3632  src=0.0910  tgt=0.1360  trans=0.1361  gain=-0.0001  |dz|=0.643  7.8 it/s
step   6150  L=0.1548  src=0.0575  tgt=0.0488  trans=0.0484  gain=+0.0004  |dz|=0.558  7.8 it/s
step   6200  L=0.0693  src=0.0404  tgt=0.0145  trans=0.0143  gain=+0.0002  |dz|=0.408  7.8 it/s
step   6250  L=0.5913  src=0.0649  tgt=0.2632  trans=0.2630  gain=+0.0003  |dz|=0.926  7.8 it/s
step   6300  L=0.0917  src=0.0511  tgt=0.0204  trans=0.0201  gain=+0.0003  |dz|=0.631  7.8 it/s
step   6350  L=0.3484  src=0.0672  tgt=0.1405  trans=0.1406  gain=-0.0001  |dz|=0.826  7.8 it/s
step   6400  L=0.0902  src=0.0380  tgt=0.0261  trans=0.0261  gain=-0.0001  |dz|=0.491  7.8 it/s
step   6450  L=0.1320  src=0.0705  tgt=0.0308  trans=0.0306  gain=+0.0002  |dz|=0.556  7.8 it/s
step   6500  L=0.3288  src=0.0380  tgt=0.1455  trans=0.1453  gain=+0.0001  |dz|=0.807  7.8 it/s
step   6550  L=0.0850  src=0.0439  tgt=0.0205  trans=0.0206  gain=-0.0001  |dz|=0.533  7.8 it/s
step   6600  L=0.2207  src=0.0598  tgt=0.0804  trans=0.0804  gain=+0.0000  |dz|=0.779  7.8 it/s
step   6650  L=0.1521  src=0.0630  tgt=0.0446  trans=0.0444  gain=+0.0002  |dz|=0.697  7.8 it/s
step   6700  L=0.1994  src=0.1035  tgt=0.0480  trans=0.0478  gain=+0.0002  |dz|=0.628  7.8 it/s
step   6750  L=0.1428  src=0.0787  tgt=0.0320  trans=0.0321  gain=-0.0000  |dz|=0.709  7.8 it/s
step   6800  L=0.1467  src=0.0726  tgt=0.0371  trans=0.0370  gain=+0.0001  |dz|=0.769  7.8 it/s
step   6850  L=0.1176  src=0.0692  tgt=0.0242  trans=0.0241  gain=+0.0001  |dz|=0.557  7.8 it/s
step   6900  L=0.0856  src=0.0442  tgt=0.0207  trans=0.0207  gain=+0.0000  |dz|=0.463  7.8 it/s
step   6950  L=0.1047  src=0.0667  tgt=0.0189  trans=0.0190  gain=-0.0001  |dz|=0.700  7.8 it/s
step   7000  L=0.1293  src=0.0786  tgt=0.0253  trans=0.0253  gain=+0.0001  |dz|=0.755  7.8 it/s
step   7050  L=0.0813  src=0.0373  tgt=0.0221  trans=0.0219  gain=+0.0002  |dz|=0.611  7.8 it/s
step   7100  L=0.1469  src=0.0811  tgt=0.0329  trans=0.0329  gain=-0.0000  |dz|=0.597  7.8 it/s
step   7150  L=0.1353  src=0.0661  tgt=0.0345  trans=0.0347  gain=-0.0001  |dz|=0.726  7.8 it/s
step   7200  L=0.1109  src=0.0658  tgt=0.0225  trans=0.0226  gain=-0.0001  |dz|=0.705  7.8 it/s
step   7250  L=0.1409  src=0.0506  tgt=0.0451  trans=0.0451  gain=-0.0000  |dz|=0.606  7.8 it/s
step   7300  L=0.1029  src=0.0432  tgt=0.0298  trans=0.0299  gain=-0.0001  |dz|=0.630  7.8 it/s
step   7350  L=0.3409  src=0.0771  tgt=0.1318  trans=0.1319  gain=-0.0001  |dz|=0.698  7.8 it/s
step   7400  L=0.1246  src=0.0650  tgt=0.0299  trans=0.0297  gain=+0.0002  |dz|=0.800  7.8 it/s
step   7450  L=0.1288  src=0.0963  tgt=0.0162  trans=0.0163  gain=-0.0000  |dz|=0.782  7.8 it/s
step   7500  L=0.1306  src=0.0508  tgt=0.0399  trans=0.0397  gain=+0.0002  |dz|=0.738  7.8 it/s
step   7550  L=0.1485  src=0.0542  tgt=0.0473  trans=0.0470  gain=+0.0003  |dz|=0.558  7.8 it/s
step   7600  L=0.3548  src=0.0638  tgt=0.1454  trans=0.1455  gain=-0.0000  |dz|=0.706  7.8 it/s
step   7650  L=0.0911  src=0.0519  tgt=0.0196  trans=0.0196  gain=+0.0000  |dz|=0.734  7.8 it/s
step   7700  L=0.3428  src=0.0408  tgt=0.1510  trans=0.1509  gain=+0.0001  |dz|=0.713  7.8 it/s
step   7750  L=0.1359  src=0.0667  tgt=0.0345  trans=0.0346  gain=-0.0001  |dz|=0.814  7.8 it/s
step   7800  L=0.1303  src=0.0590  tgt=0.0359  trans=0.0354  gain=+0.0005  |dz|=0.552  7.8 it/s
step   7850  L=0.0902  src=0.0375  tgt=0.0263  trans=0.0262  gain=+0.0001  |dz|=0.714  7.8 it/s
step   7900  L=0.4734  src=0.0379  tgt=0.2177  trans=0.2177  gain=+0.0000  |dz|=0.705  7.8 it/s
step   7950  L=0.0830  src=0.0411  tgt=0.0209  trans=0.0209  gain=-0.0000  |dz|=0.565  7.8 it/s
step   8000  L=0.3121  src=0.0405  tgt=0.1358  trans=0.1357  gain=+0.0001  |dz|=0.706  7.8 it/s
  [diagnostics @ 8000] loss_correct=0.0994  loss_zero=0.1063  loss_shuffled=0.1092  loss_random=0.1063  loss_target_only=0.0994  loss_mean_z=0.1051  r_basis=0.0480  |dz_transport|=0.6730  z_s_vs_enc_rel=2.3916  z_spread_rel=0.9900  gain_vs_zero=0.0069  gain_vs_shuffled=0.0098  gain_vs_target_only=0.0000  gain_vs_mean_z=0.0057  delta_task=0.0057  z_center_norm=0.0981  task_specific_frac=0.8262
step   8050  L=0.4760  src=0.0596  tgt=0.2082  trans=0.2081  gain=+0.0002  |dz|=0.685  7.8 it/s
step   8100  L=0.4327  src=0.0759  tgt=0.1783  trans=0.1784  gain=-0.0001  |dz|=0.695  7.8 it/s
step   8150  L=0.0803  src=0.0435  tgt=0.0184  trans=0.0184  gain=-0.0001  |dz|=0.548  7.8 it/s
step   8200  L=0.1799  src=0.0759  tgt=0.0524  trans=0.0517  gain=+0.0007  |dz|=0.550  7.8 it/s
step   8250  L=0.1074  src=0.0536  tgt=0.0269  trans=0.0269  gain=-0.0000  |dz|=0.565  7.8 it/s
step   8300  L=0.4181  src=0.0803  tgt=0.1689  trans=0.1688  gain=+0.0001  |dz|=0.659  7.8 it/s
step   8350  L=0.6745  src=0.0601  tgt=0.3071  trans=0.3072  gain=-0.0001  |dz|=0.730  7.8 it/s
step   8400  L=0.1040  src=0.0517  tgt=0.0261  trans=0.0262  gain=-0.0000  |dz|=0.742  7.8 it/s
step   8450  L=0.1291  src=0.0638  tgt=0.0327  trans=0.0326  gain=+0.0001  |dz|=0.585  7.8 it/s
step   8500  L=0.1180  src=0.0579  tgt=0.0301  trans=0.0300  gain=+0.0001  |dz|=0.616  7.8 it/s
step   8550  L=0.1058  src=0.0627  tgt=0.0215  trans=0.0216  gain=-0.0000  |dz|=0.580  7.8 it/s
step   8600  L=0.1405  src=0.0784  tgt=0.0310  trans=0.0311  gain=-0.0000  |dz|=0.717  7.8 it/s
step   8650  L=0.3257  src=0.0502  tgt=0.1378  trans=0.1377  gain=+0.0001  |dz|=0.696  7.8 it/s
step   8700  L=0.0789  src=0.0513  tgt=0.0138  trans=0.0137  gain=+0.0001  |dz|=0.816  7.8 it/s
step   8750  L=0.1292  src=0.0707  tgt=0.0292  trans=0.0292  gain=+0.0000  |dz|=0.753  7.8 it/s
step   8800  L=0.2944  src=0.0559  tgt=0.1192  trans=0.1192  gain=+0.0000  |dz|=0.697  7.8 it/s
step   8850  L=0.4612  src=0.0476  tgt=0.2068  trans=0.2068  gain=+0.0001  |dz|=0.666  7.8 it/s
step   8900  L=0.1079  src=0.0530  tgt=0.0275  trans=0.0274  gain=+0.0001  |dz|=0.602  7.8 it/s
step   8950  L=0.4520  src=0.0665  tgt=0.1927  trans=0.1928  gain=-0.0001  |dz|=0.671  7.8 it/s
step   9000  L=0.1267  src=0.0306  tgt=0.0482  trans=0.0479  gain=+0.0003  |dz|=0.630  7.8 it/s
step   9050  L=0.1350  src=0.0456  tgt=0.0449  trans=0.0446  gain=+0.0003  |dz|=0.613  7.8 it/s
step   9100  L=0.4262  src=0.0531  tgt=0.1865  trans=0.1865  gain=-0.0000  |dz|=0.670  7.8 it/s
step   9150  L=0.0605  src=0.0345  tgt=0.0129  trans=0.0130  gain=-0.0001  |dz|=0.546  7.8 it/s
step   9200  L=0.4637  src=0.0331  tgt=0.2148  trans=0.2158  gain=-0.0010  |dz|=0.716  7.8 it/s
step   9250  L=0.1821  src=0.0771  tgt=0.0527  trans=0.0523  gain=+0.0004  |dz|=0.616  7.8 it/s
step   9300  L=0.3320  src=0.0467  tgt=0.1426  trans=0.1426  gain=+0.0001  |dz|=0.762  7.8 it/s
step   9350  L=0.1113  src=0.0563  tgt=0.0274  trans=0.0274  gain=+0.0000  |dz|=0.617  7.8 it/s
step   9400  L=0.4023  src=0.0526  tgt=0.1748  trans=0.1749  gain=-0.0001  |dz|=0.860  7.8 it/s
step   9450  L=0.3420  src=0.0336  tgt=0.1542  trans=0.1542  gain=+0.0000  |dz|=0.829  7.8 it/s
step   9500  L=0.1442  src=0.0740  tgt=0.0350  trans=0.0351  gain=-0.0001  |dz|=0.686  7.8 it/s
step   9550  L=0.1530  src=0.0594  tgt=0.0469  trans=0.0467  gain=+0.0002  |dz|=0.664  7.8 it/s
step   9600  L=0.1373  src=0.0475  tgt=0.0450  trans=0.0448  gain=+0.0001  |dz|=0.615  7.8 it/s
step   9650  L=0.1029  src=0.0494  tgt=0.0268  trans=0.0267  gain=+0.0001  |dz|=0.745  7.8 it/s
step   9700  L=0.4530  src=0.0713  tgt=0.1909  trans=0.1908  gain=+0.0001  |dz|=0.784  7.8 it/s
step   9750  L=0.4235  src=0.0687  tgt=0.1774  trans=0.1774  gain=+0.0000  |dz|=0.797  7.8 it/s
step   9800  L=0.5140  src=0.0560  tgt=0.2290  trans=0.2290  gain=-0.0000  |dz|=0.765  7.8 it/s
step   9850  L=0.1214  src=0.0533  tgt=0.0341  trans=0.0340  gain=+0.0000  |dz|=0.831  7.8 it/s
step   9900  L=0.1554  src=0.0625  tgt=0.0466  trans=0.0463  gain=+0.0002  |dz|=0.631  7.8 it/s
step   9950  L=0.1086  src=0.0588  tgt=0.0248  trans=0.0249  gain=-0.0001  |dz|=0.636  7.8 it/s
step  10000  L=0.2114  src=0.0599  tgt=0.0757  trans=0.0757  gain=-0.0000  |dz|=0.774  7.8 it/s
  [diagnostics @ 10000] loss_correct=0.0901  loss_zero=0.0977  loss_shuffled=0.0994  loss_random=0.0974  loss_target_only=0.0902  loss_mean_z=0.0968  r_basis=0.0494  |dz_transport|=0.7278  z_s_vs_enc_rel=2.5599  z_spread_rel=1.0587  gain_vs_zero=0.0076  gain_vs_shuffled=0.0093  gain_vs_target_only=0.0001  gain_vs_mean_z=0.0067  delta_task=0.0067  z_center_norm=0.0932  task_specific_frac=0.8898
  saved C:\T1D Meta Learning\code\python\meta-diffusion\experiments\linear_transport_replacement_2026-09-24\work\checkpoints\cifar_train50_film_k16_step10000.pt
step  10050  L=0.0992  src=0.0530  tgt=0.0230  trans=0.0231  gain=-0.0001  |dz|=0.615  7.8 it/s
step  10100  L=0.1243  src=0.0506  tgt=0.0368  trans=0.0369  gain=-0.0001  |dz|=0.640  7.8 it/s
step  10150  L=0.4482  src=0.0606  tgt=0.1938  trans=0.1938  gain=-0.0000  |dz|=0.751  7.8 it/s
step  10200  L=0.1036  src=0.0478  tgt=0.0280  trans=0.0277  gain=+0.0003  |dz|=0.715  7.8 it/s
step  10250  L=0.3328  src=0.0428  tgt=0.1450  trans=0.1450  gain=-0.0000  |dz|=0.754  7.8 it/s
step  10300  L=0.1190  src=0.0439  tgt=0.0375  trans=0.0376  gain=-0.0001  |dz|=0.826  7.8 it/s
step  10350  L=0.3256  src=0.0430  tgt=0.1413  trans=0.1412  gain=+0.0001  |dz|=0.738  7.8 it/s
step  10400  L=0.0997  src=0.0610  tgt=0.0193  trans=0.0193  gain=+0.0001  |dz|=0.820  7.8 it/s
step  10450  L=0.4838  src=0.0681  tgt=0.2079  trans=0.2077  gain=+0.0002  |dz|=0.749  7.8 it/s
step  10500  L=0.1015  src=0.0363  tgt=0.0326  trans=0.0326  gain=+0.0001  |dz|=0.656  7.8 it/s
step  10550  L=0.1392  src=0.0568  tgt=0.0412  trans=0.0411  gain=+0.0000  |dz|=0.645  7.8 it/s
step  10600  L=0.1297  src=0.0465  tgt=0.0416  trans=0.0416  gain=+0.0000  |dz|=0.647  7.8 it/s
step  10650  L=0.0815  src=0.0294  tgt=0.0261  trans=0.0259  gain=+0.0002  |dz|=0.810  7.8 it/s
step  10700  L=0.1194  src=0.0719  tgt=0.0237  trans=0.0237  gain=+0.0000  |dz|=0.654  7.8 it/s
step  10750  L=0.1489  src=0.0538  tgt=0.0475  trans=0.0475  gain=-0.0000  |dz|=0.834  7.8 it/s
step  10800  L=0.2936  src=0.0356  tgt=0.1291  trans=0.1289  gain=+0.0002  |dz|=0.747  7.8 it/s
step  10850  L=0.0834  src=0.0464  tgt=0.0185  trans=0.0184  gain=+0.0000  |dz|=0.612  7.8 it/s
step  10900  L=0.0860  src=0.0316  tgt=0.0273  trans=0.0271  gain=+0.0001  |dz|=0.618  7.8 it/s
step  10950  L=0.3847  src=0.0681  tgt=0.1583  trans=0.1583  gain=+0.0000  |dz|=0.724  7.8 it/s
step  11000  L=0.0736  src=0.0258  tgt=0.0239  trans=0.0238  gain=+0.0001  |dz|=0.620  7.8 it/s
step  11050  L=0.0924  src=0.0507  tgt=0.0209  trans=0.0209  gain=-0.0000  |dz|=0.658  7.8 it/s
step  11100  L=0.3270  src=0.0866  tgt=0.1201  trans=0.1202  gain=-0.0001  |dz|=0.686  7.8 it/s
step  11150  L=0.1161  src=0.0692  tgt=0.0234  trans=0.0234  gain=-0.0000  |dz|=0.809  7.8 it/s
step  11200  L=0.1403  src=0.0797  tgt=0.0303  trans=0.0303  gain=-0.0000  |dz|=0.658  7.8 it/s
step  11250  L=0.6166  src=0.0514  tgt=0.2827  trans=0.2824  gain=+0.0002  |dz|=0.720  7.8 it/s
step  11300  L=0.4175  src=0.0646  tgt=0.1764  trans=0.1764  gain=-0.0000  |dz|=0.674  7.8 it/s
step  11350  L=0.1015  src=0.0668  tgt=0.0173  trans=0.0173  gain=-0.0000  |dz|=0.827  7.8 it/s
step  11400  L=0.3458  src=0.0724  tgt=0.1367  trans=0.1367  gain=+0.0000  |dz|=0.707  7.8 it/s
step  11450  L=0.3928  src=0.0395  tgt=0.1767  trans=0.1765  gain=+0.0002  |dz|=0.697  7.8 it/s
step  11500  L=0.1189  src=0.0506  tgt=0.0342  trans=0.0340  gain=+0.0002  |dz|=0.655  7.8 it/s
step  11550  L=0.0867  src=0.0456  tgt=0.0205  trans=0.0206  gain=-0.0001  |dz|=0.649  7.8 it/s
step  11600  L=0.3758  src=0.0708  tgt=0.1525  trans=0.1525  gain=+0.0000  |dz|=0.694  7.8 it/s
step  11650  L=0.3979  src=0.0581  tgt=0.1698  trans=0.1699  gain=-0.0001  |dz|=0.686  7.8 it/s
step  11700  L=0.6246  src=0.0647  tgt=0.2800  trans=0.2799  gain=+0.0001  |dz|=0.658  7.8 it/s
step  11750  L=0.0920  src=0.0468  tgt=0.0226  trans=0.0226  gain=-0.0000  |dz|=0.653  7.8 it/s
step  11800  L=0.1007  src=0.0495  tgt=0.0255  trans=0.0256  gain=-0.0000  |dz|=0.845  7.8 it/s
step  11850  L=0.1001  src=0.0412  tgt=0.0294  trans=0.0294  gain=+0.0000  |dz|=0.647  7.8 it/s
step  11900  L=0.2716  src=0.0423  tgt=0.1146  trans=0.1146  gain=-0.0000  |dz|=0.717  7.8 it/s
step  11950  L=0.3400  src=0.0478  tgt=0.1463  trans=0.1459  gain=+0.0005  |dz|=0.704  7.8 it/s
step  12000  L=0.0821  src=0.0397  tgt=0.0211  trans=0.0212  gain=-0.0001  |dz|=0.744  7.8 it/s
  [diagnostics @ 12000] loss_correct=0.0476  loss_zero=0.0508  loss_shuffled=0.0581  loss_random=0.0511  loss_target_only=0.0479  loss_mean_z=0.0508  r_basis=0.0373  |dz_transport|=0.7328  z_s_vs_enc_rel=2.0439  z_spread_rel=1.0590  gain_vs_zero=0.0032  gain_vs_shuffled=0.0105  gain_vs_target_only=0.0002  gain_vs_mean_z=0.0032  delta_task=0.0032  z_center_norm=0.0624  task_specific_frac=1.0008
step  12050  L=0.0794  src=0.0389  tgt=0.0203  trans=0.0201  gain=+0.0002  |dz|=0.839  7.8 it/s
step  12100  L=0.1538  src=0.1043  tgt=0.0247  trans=0.0248  gain=-0.0000  |dz|=0.672  7.8 it/s
step  12150  L=0.0876  src=0.0388  tgt=0.0244  trans=0.0243  gain=+0.0001  |dz|=0.663  7.8 it/s
step  12200  L=0.4542  src=0.0517  tgt=0.2013  trans=0.2012  gain=+0.0001  |dz|=0.700  7.8 it/s
step  12250  L=0.0959  src=0.0433  tgt=0.0263  trans=0.0262  gain=+0.0000  |dz|=0.779  7.8 it/s
step  12300  L=0.4128  src=0.0853  tgt=0.1638  trans=0.1637  gain=+0.0000  |dz|=0.680  7.8 it/s
step  12350  L=0.1072  src=0.0620  tgt=0.0226  trans=0.0225  gain=+0.0001  |dz|=0.780  7.8 it/s
step  12400  L=0.1352  src=0.0718  tgt=0.0317  trans=0.0316  gain=+0.0001  |dz|=0.837  7.8 it/s
step  12450  L=0.1089  src=0.0495  tgt=0.0297  trans=0.0296  gain=+0.0000  |dz|=0.858  7.8 it/s
step  12500  L=0.1779  src=0.0843  tgt=0.0470  trans=0.0465  gain=+0.0005  |dz|=0.690  7.8 it/s
step  12550  L=0.4311  src=0.0502  tgt=0.1905  trans=0.1904  gain=+0.0001  |dz|=0.793  7.8 it/s
step  12600  L=0.1185  src=0.0554  tgt=0.0317  trans=0.0314  gain=+0.0003  |dz|=0.723  7.8 it/s
step  12650  L=0.1263  src=0.0660  tgt=0.0301  trans=0.0302  gain=-0.0001  |dz|=0.700  7.8 it/s
step  12700  L=0.1071  src=0.0437  tgt=0.0317  trans=0.0316  gain=+0.0001  |dz|=0.715  7.8 it/s
step  12750  L=0.0956  src=0.0544  tgt=0.0206  trans=0.0206  gain=-0.0001  |dz|=0.703  7.8 it/s
step  12800  L=0.0852  src=0.0421  tgt=0.0215  trans=0.0215  gain=+0.0001  |dz|=0.802  7.8 it/s
step  12850  L=0.3331  src=0.0707  tgt=0.1312  trans=0.1311  gain=+0.0000  |dz|=0.885  7.8 it/s
step  12900  L=0.1151  src=0.0577  tgt=0.0286  trans=0.0287  gain=-0.0001  |dz|=0.812  7.8 it/s
step  12950  L=0.1106  src=0.0607  tgt=0.0249  trans=0.0249  gain=+0.0001  |dz|=0.880  7.8 it/s
step  13000  L=0.1088  src=0.0663  tgt=0.0213  trans=0.0213  gain=+0.0000  |dz|=0.649  7.8 it/s
step  13050  L=0.0614  src=0.0270  tgt=0.0172  trans=0.0171  gain=+0.0001  |dz|=0.689  7.8 it/s
step  13100  L=0.0874  src=0.0379  tgt=0.0247  trans=0.0247  gain=+0.0001  |dz|=0.773  7.8 it/s
step  13150  L=0.3762  src=0.0408  tgt=0.1676  trans=0.1677  gain=-0.0001  |dz|=0.864  7.8 it/s
step  13200  L=0.5558  src=0.0801  tgt=0.2379  trans=0.2378  gain=+0.0001  |dz|=0.823  7.8 it/s
step  13250  L=0.4884  src=0.0639  tgt=0.2123  trans=0.2122  gain=+0.0001  |dz|=0.860  7.8 it/s
step  13300  L=0.3204  src=0.0634  tgt=0.1284  trans=0.1285  gain=-0.0001  |dz|=0.871  7.8 it/s
step  13350  L=0.1261  src=0.0872  tgt=0.0194  trans=0.0194  gain=+0.0001  |dz|=0.844  7.8 it/s
step  13400  L=0.0863  src=0.0360  tgt=0.0252  trans=0.0250  gain=+0.0002  |dz|=0.887  7.8 it/s
step  13450  L=0.0848  src=0.0387  tgt=0.0230  trans=0.0230  gain=+0.0000  |dz|=0.746  7.8 it/s
step  13500  L=0.1296  src=0.0636  tgt=0.0331  trans=0.0328  gain=+0.0003  |dz|=0.694  7.8 it/s
step  13550  L=0.1138  src=0.0434  tgt=0.0352  trans=0.0350  gain=+0.0002  |dz|=0.652  7.8 it/s
step  13600  L=0.0846  src=0.0253  tgt=0.0296  trans=0.0297  gain=-0.0001  |dz|=0.648  7.8 it/s
step  13650  L=0.4511  src=0.0797  tgt=0.1858  trans=0.1856  gain=+0.0001  |dz|=0.848  7.8 it/s
step  13700  L=0.1083  src=0.0439  tgt=0.0322  trans=0.0322  gain=+0.0000  |dz|=0.863  7.8 it/s
step  13750  L=0.4564  src=0.0466  tgt=0.2049  trans=0.2049  gain=+0.0000  |dz|=0.824  7.8 it/s
step  13800  L=0.3651  src=0.0476  tgt=0.1588  trans=0.1587  gain=+0.0001  |dz|=0.831  7.8 it/s
step  13850  L=0.1401  src=0.0795  tgt=0.0302  trans=0.0304  gain=-0.0001  |dz|=0.696  7.8 it/s
step  13900  L=0.1222  src=0.0600  tgt=0.0311  trans=0.0310  gain=+0.0001  |dz|=0.857  7.8 it/s
step  13950  L=0.1233  src=0.0441  tgt=0.0394  trans=0.0397  gain=-0.0003  |dz|=0.557  7.8 it/s
step  14000  L=0.0988  src=0.0456  tgt=0.0266  trans=0.0264  gain=+0.0002  |dz|=0.864  7.8 it/s
  [diagnostics @ 14000] loss_correct=0.0834  loss_zero=0.0913  loss_shuffled=0.1071  loss_random=0.0919  loss_target_only=0.0835  loss_mean_z=0.0911  r_basis=0.0515  |dz_transport|=0.7678  z_s_vs_enc_rel=2.3458  z_spread_rel=1.1058  gain_vs_zero=0.0079  gain_vs_shuffled=0.0237  gain_vs_target_only=0.0001  gain_vs_mean_z=0.0077  delta_task=0.0077  z_center_norm=0.0761  task_specific_frac=0.9759
step  14050  L=0.0797  src=0.0334  tgt=0.0232  trans=0.0231  gain=+0.0002  |dz|=0.667  7.8 it/s
step  14100  L=0.0898  src=0.0407  tgt=0.0245  trans=0.0245  gain=+0.0000  |dz|=0.813  7.8 it/s
step  14150  L=0.1831  src=0.0654  tgt=0.0588  trans=0.0588  gain=+0.0000  |dz|=0.679  7.8 it/s
step  14200  L=0.4300  src=0.0447  tgt=0.1927  trans=0.1926  gain=+0.0000  |dz|=0.818  7.8 it/s
step  14250  L=0.1014  src=0.0440  tgt=0.0287  trans=0.0286  gain=+0.0001  |dz|=0.698  7.8 it/s
step  14300  L=0.3614  src=0.0422  tgt=0.1596  trans=0.1595  gain=+0.0001  |dz|=0.872  7.8 it/s
step  14350  L=0.0861  src=0.0541  tgt=0.0160  trans=0.0160  gain=+0.0000  |dz|=0.824  7.8 it/s
step  14400  L=0.3396  src=0.0524  tgt=0.1436  trans=0.1436  gain=+0.0000  |dz|=0.825  7.8 it/s
step  14450  L=0.1233  src=0.0445  tgt=0.0394  trans=0.0393  gain=+0.0001  |dz|=0.676  7.8 it/s
step  14500  L=0.3804  src=0.0530  tgt=0.1636  trans=0.1637  gain=-0.0002  |dz|=0.789  7.8 it/s
step  14550  L=0.0786  src=0.0356  tgt=0.0215  trans=0.0215  gain=+0.0001  |dz|=0.652  7.8 it/s
step  14600  L=0.3928  src=0.0507  tgt=0.1710  trans=0.1711  gain=-0.0000  |dz|=0.848  7.8 it/s
step  14650  L=0.4703  src=0.0294  tgt=0.2204  trans=0.2205  gain=-0.0001  |dz|=0.815  7.8 it/s
step  14700  L=0.0685  src=0.0237  tgt=0.0224  trans=0.0223  gain=+0.0002  |dz|=0.751  7.8 it/s
step  14750  L=0.1404  src=0.0824  tgt=0.0291  trans=0.0289  gain=+0.0002  |dz|=0.875  7.8 it/s
step  14800  L=0.1478  src=0.0702  tgt=0.0388  trans=0.0388  gain=-0.0000  |dz|=0.693  7.8 it/s
step  14850  L=0.1012  src=0.0420  tgt=0.0295  trans=0.0296  gain=-0.0001  |dz|=0.812  7.8 it/s
step  14900  L=0.3346  src=0.0467  tgt=0.1440  trans=0.1438  gain=+0.0002  |dz|=0.851  7.8 it/s
step  14950  L=0.0810  src=0.0326  tgt=0.0241  trans=0.0242  gain=-0.0001  |dz|=0.678  7.8 it/s
step  15000  L=0.1087  src=0.0423  tgt=0.0332  trans=0.0332  gain=+0.0000  |dz|=0.811  7.8 it/s
step  15050  L=0.1112  src=0.0486  tgt=0.0313  trans=0.0312  gain=+0.0001  |dz|=0.869  7.8 it/s
step  15100  L=0.0925  src=0.0420  tgt=0.0253  trans=0.0252  gain=+0.0001  |dz|=0.829  7.8 it/s
step  15150  L=0.1020  src=0.0422  tgt=0.0299  trans=0.0298  gain=+0.0001  |dz|=0.787  7.8 it/s
step  15200  L=0.0902  src=0.0449  tgt=0.0226  trans=0.0226  gain=+0.0000  |dz|=0.681  7.8 it/s
step  15250  L=0.1027  src=0.0477  tgt=0.0275  trans=0.0274  gain=+0.0001  |dz|=0.701  7.8 it/s
step  15300  L=0.0957  src=0.0437  tgt=0.0260  trans=0.0259  gain=+0.0001  |dz|=0.870  7.8 it/s
step  15350  L=0.1135  src=0.0551  tgt=0.0292  trans=0.0292  gain=-0.0000  |dz|=0.855  7.8 it/s
step  15400  L=0.1212  src=0.0532  tgt=0.0340  trans=0.0340  gain=+0.0000  |dz|=0.694  7.8 it/s
step  15450  L=0.6574  src=0.0382  tgt=0.3097  trans=0.3094  gain=+0.0002  |dz|=0.817  7.8 it/s
step  15500  L=0.2027  src=0.1019  tgt=0.0504  trans=0.0504  gain=+0.0000  |dz|=0.716  7.8 it/s
step  15550  L=0.1200  src=0.0478  tgt=0.0361  trans=0.0361  gain=+0.0000  |dz|=0.868  7.8 it/s
step  15600  L=0.0797  src=0.0515  tgt=0.0140  trans=0.0141  gain=-0.0001  |dz|=0.693  7.8 it/s
step  15650  L=0.3981  src=0.0236  tgt=0.1873  trans=0.1872  gain=+0.0001  |dz|=0.834  7.8 it/s
step  15700  L=0.1178  src=0.0459  tgt=0.0360  trans=0.0358  gain=+0.0002  |dz|=0.808  7.8 it/s
step  15750  L=0.1072  src=0.0497  tgt=0.0287  trans=0.0287  gain=+0.0000  |dz|=0.866  7.8 it/s
step  15800  L=0.4541  src=0.0665  tgt=0.1937  trans=0.1938  gain=-0.0001  |dz|=0.815  7.8 it/s
step  15850  L=0.2946  src=0.0338  tgt=0.1303  trans=0.1304  gain=-0.0000  |dz|=0.812  7.8 it/s
step  15900  L=0.0868  src=0.0385  tgt=0.0241  trans=0.0241  gain=-0.0001  |dz|=0.826  7.8 it/s
step  15950  L=0.0627  src=0.0425  tgt=0.0101  trans=0.0100  gain=+0.0001  |dz|=0.659  7.8 it/s
step  16000  L=0.1181  src=0.0703  tgt=0.0238  trans=0.0239  gain=-0.0001  |dz|=0.718  7.8 it/s
  [diagnostics @ 16000] loss_correct=0.0747  loss_zero=0.0821  loss_shuffled=0.0975  loss_random=0.0820  loss_target_only=0.0749  loss_mean_z=0.0818  r_basis=0.0534  |dz_transport|=0.7951  z_s_vs_enc_rel=1.9245  z_spread_rel=1.1734  gain_vs_zero=0.0074  gain_vs_shuffled=0.0229  gain_vs_target_only=0.0002  gain_vs_mean_z=0.0072  delta_task=0.0072  z_center_norm=0.0750  task_specific_frac=0.9698
step  16050  L=0.0895  src=0.0436  tgt=0.0229  trans=0.0229  gain=+0.0001  |dz|=0.865  7.8 it/s
step  16100  L=0.1363  src=0.0587  tgt=0.0388  trans=0.0387  gain=+0.0000  |dz|=0.708  7.8 it/s
step  16150  L=0.4832  src=0.0713  tgt=0.2059  trans=0.2059  gain=-0.0000  |dz|=0.830  7.8 it/s
step  16200  L=0.1568  src=0.0943  tgt=0.0313  trans=0.0312  gain=+0.0000  |dz|=0.730  7.8 it/s
step  16250  L=0.5120  src=0.0299  tgt=0.2409  trans=0.2412  gain=-0.0002  |dz|=0.818  7.8 it/s
step  16300  L=0.1578  src=0.0865  tgt=0.0357  trans=0.0355  gain=+0.0002  |dz|=0.691  7.8 it/s
step  16350  L=0.1207  src=0.0594  tgt=0.0306  trans=0.0306  gain=+0.0000  |dz|=0.699  7.8 it/s
step  16400  L=0.0817  src=0.0439  tgt=0.0190  trans=0.0186  gain=+0.0003  |dz|=0.864  7.8 it/s
step  16450  L=0.1345  src=0.0530  tgt=0.0408  trans=0.0407  gain=+0.0001  |dz|=0.775  7.8 it/s
step  16500  L=0.0880  src=0.0422  tgt=0.0228  trans=0.0230  gain=-0.0001  |dz|=0.815  7.8 it/s
step  16550  L=0.0993  src=0.0439  tgt=0.0276  trans=0.0278  gain=-0.0001  |dz|=0.647  7.8 it/s
step  16600  L=0.4011  src=0.0541  tgt=0.1734  trans=0.1735  gain=-0.0000  |dz|=0.831  7.8 it/s
step  16650  L=0.0921  src=0.0486  tgt=0.0218  trans=0.0216  gain=+0.0002  |dz|=0.855  7.8 it/s
step  16700  L=0.0882  src=0.0301  tgt=0.0292  trans=0.0289  gain=+0.0004  |dz|=0.723  7.8 it/s
step  16750  L=0.2075  src=0.0313  tgt=0.0882  trans=0.0880  gain=+0.0002  |dz|=0.839  7.8 it/s
step  16800  L=0.1093  src=0.0656  tgt=0.0217  trans=0.0219  gain=-0.0002  |dz|=0.856  7.8 it/s
step  16850  L=0.0793  src=0.0336  tgt=0.0230  trans=0.0227  gain=+0.0003  |dz|=0.738  7.8 it/s
step  16900  L=0.3150  src=0.0534  tgt=0.1308  trans=0.1307  gain=+0.0000  |dz|=0.844  7.8 it/s
step  16950  L=0.1098  src=0.0609  tgt=0.0244  trans=0.0244  gain=+0.0000  |dz|=0.869  7.8 it/s
step  17000  L=0.4661  src=0.0218  tgt=0.2221  trans=0.2222  gain=-0.0001  |dz|=0.837  7.8 it/s
step  17050  L=0.3770  src=0.0684  tgt=0.1543  trans=0.1542  gain=+0.0001  |dz|=0.860  7.8 it/s
step  17100  L=0.1387  src=0.0446  tgt=0.0470  trans=0.0471  gain=-0.0001  |dz|=0.762  7.8 it/s
step  17150  L=0.0923  src=0.0288  tgt=0.0317  trans=0.0317  gain=+0.0001  |dz|=0.762  7.8 it/s
step  17200  L=0.3328  src=0.0372  tgt=0.1478  trans=0.1477  gain=+0.0001  |dz|=0.785  7.8 it/s
step  17250  L=0.1381  src=0.0802  tgt=0.0289  trans=0.0289  gain=+0.0001  |dz|=0.708  7.8 it/s
step  17300  L=0.0941  src=0.0428  tgt=0.0256  trans=0.0256  gain=-0.0000  |dz|=0.861  7.8 it/s
step  17350  L=0.1541  src=0.0527  tgt=0.0506  trans=0.0507  gain=-0.0000  |dz|=0.908  7.8 it/s
step  17400  L=0.1099  src=0.0449  tgt=0.0326  trans=0.0324  gain=+0.0002  |dz|=0.738  7.8 it/s
step  17450  L=0.0742  src=0.0438  tgt=0.0152  trans=0.0152  gain=+0.0000  |dz|=0.725  7.8 it/s
step  17500  L=0.1024  src=0.0649  tgt=0.0187  trans=0.0187  gain=+0.0000  |dz|=0.872  7.8 it/s
step  17550  L=0.0639  src=0.0353  tgt=0.0142  trans=0.0143  gain=-0.0001  |dz|=0.705  7.8 it/s
step  17600  L=0.1593  src=0.0963  tgt=0.0315  trans=0.0315  gain=-0.0001  |dz|=0.852  7.8 it/s
step  17650  L=0.5610  src=0.1046  tgt=0.2282  trans=0.2281  gain=+0.0001  |dz|=0.849  7.8 it/s
step  17700  L=0.1161  src=0.0509  tgt=0.0326  trans=0.0326  gain=+0.0000  |dz|=0.703  7.8 it/s
step  17750  L=0.0634  src=0.0352  tgt=0.0141  trans=0.0141  gain=-0.0000  |dz|=0.705  7.8 it/s
step  17800  L=0.1015  src=0.0356  tgt=0.0329  trans=0.0329  gain=-0.0000  |dz|=0.765  7.8 it/s
step  17850  L=0.0527  src=0.0179  tgt=0.0174  trans=0.0174  gain=-0.0000  |dz|=0.798  7.8 it/s
step  17900  L=0.0770  src=0.0343  tgt=0.0214  trans=0.0213  gain=+0.0001  |dz|=0.760  7.8 it/s
step  17950  L=0.3316  src=0.0176  tgt=0.1570  trans=0.1569  gain=+0.0001  |dz|=0.836  7.8 it/s
step  18000  L=0.2369  src=0.0538  tgt=0.0915  trans=0.0916  gain=-0.0000  |dz|=0.853  7.8 it/s
  [diagnostics @ 18000] loss_correct=0.0840  loss_zero=0.0939  loss_shuffled=0.1031  loss_random=0.0946  loss_target_only=0.0841  loss_mean_z=0.0936  r_basis=0.0581  |dz_transport|=0.8035  z_s_vs_enc_rel=1.9473  z_spread_rel=1.1672  gain_vs_zero=0.0099  gain_vs_shuffled=0.0191  gain_vs_target_only=0.0001  gain_vs_mean_z=0.0095  delta_task=0.0095  z_center_norm=0.0606  task_specific_frac=0.9637
step  18050  L=0.3364  src=0.0517  tgt=0.1423  trans=0.1423  gain=-0.0000  |dz|=0.850  7.8 it/s
step  18100  L=0.0819  src=0.0286  tgt=0.0267  trans=0.0265  gain=+0.0002  |dz|=0.747  7.8 it/s
step  18150  L=0.1259  src=0.0643  tgt=0.0308  trans=0.0308  gain=+0.0000  |dz|=0.720  7.8 it/s
step  18200  L=0.5052  src=0.0452  tgt=0.2298  trans=0.2301  gain=-0.0003  |dz|=0.832  7.8 it/s
step  18250  L=0.1050  src=0.0639  tgt=0.0205  trans=0.0206  gain=-0.0000  |dz|=0.859  7.8 it/s
step  18300  L=0.1075  src=0.0367  tgt=0.0354  trans=0.0354  gain=-0.0000  |dz|=0.760  7.8 it/s
step  18350  L=0.4452  src=0.0459  tgt=0.1997  trans=0.1995  gain=+0.0002  |dz|=0.881  7.8 it/s
step  18400  L=0.3128  src=0.0659  tgt=0.1235  trans=0.1234  gain=+0.0001  |dz|=0.815  7.8 it/s
step  18450  L=0.0840  src=0.0323  tgt=0.0258  trans=0.0258  gain=+0.0000  |dz|=0.790  7.8 it/s
step  18500  L=0.1237  src=0.0654  tgt=0.0291  trans=0.0291  gain=+0.0000  |dz|=0.728  7.8 it/s
step  18550  L=0.0942  src=0.0482  tgt=0.0229  trans=0.0231  gain=-0.0002  |dz|=0.882  7.8 it/s
step  18600  L=0.1203  src=0.0546  tgt=0.0328  trans=0.0329  gain=-0.0001  |dz|=0.735  7.8 it/s
step  18650  L=0.5171  src=0.0483  tgt=0.2344  trans=0.2344  gain=+0.0000  |dz|=0.847  7.8 it/s
step  18700  L=0.0925  src=0.0449  tgt=0.0238  trans=0.0238  gain=+0.0001  |dz|=0.801  7.8 it/s
step  18750  L=0.1471  src=0.0628  tgt=0.0422  trans=0.0420  gain=+0.0002  |dz|=0.833  7.8 it/s
step  18800  L=0.0820  src=0.0292  tgt=0.0264  trans=0.0263  gain=+0.0001  |dz|=0.777  7.8 it/s
step  18850  L=0.3581  src=0.0351  tgt=0.1614  trans=0.1615  gain=-0.0001  |dz|=0.852  7.8 it/s
step  18900  L=0.1268  src=0.0353  tgt=0.0458  trans=0.0457  gain=+0.0001  |dz|=0.741  7.8 it/s
step  18950  L=0.3918  src=0.0548  tgt=0.1685  trans=0.1685  gain=+0.0001  |dz|=0.880  7.8 it/s
step  19000  L=0.6165  src=0.0886  tgt=0.2640  trans=0.2638  gain=+0.0002  |dz|=0.839  7.8 it/s
step  19050  L=0.4373  src=0.0348  tgt=0.2013  trans=0.2012  gain=+0.0001  |dz|=0.875  7.8 it/s
step  19100  L=0.0934  src=0.0295  tgt=0.0320  trans=0.0319  gain=+0.0001  |dz|=0.833  7.8 it/s
step  19150  L=0.0966  src=0.0479  tgt=0.0242  trans=0.0243  gain=-0.0001  |dz|=0.759  7.8 it/s
step  19200  L=0.0931  src=0.0420  tgt=0.0255  trans=0.0255  gain=-0.0000  |dz|=0.779  7.8 it/s
step  19250  L=0.4485  src=0.0388  tgt=0.2049  trans=0.2047  gain=+0.0002  |dz|=0.814  7.8 it/s
step  19300  L=0.1180  src=0.0654  tgt=0.0263  trans=0.0263  gain=+0.0000  |dz|=0.864  7.8 it/s
step  19350  L=0.3218  src=0.0680  tgt=0.1269  trans=0.1268  gain=+0.0000  |dz|=0.851  7.8 it/s
step  19400  L=0.0712  src=0.0271  tgt=0.0220  trans=0.0220  gain=-0.0000  |dz|=0.886  7.8 it/s
step  19450  L=0.4977  src=0.0217  tgt=0.2379  trans=0.2380  gain=-0.0001  |dz|=0.833  7.8 it/s
step  19500  L=0.0833  src=0.0381  tgt=0.0225  trans=0.0226  gain=-0.0001  |dz|=0.778  7.8 it/s
step  19550  L=0.2670  src=0.0284  tgt=0.1192  trans=0.1193  gain=-0.0001  |dz|=0.836  7.8 it/s
step  19600  L=0.0844  src=0.0252  tgt=0.0297  trans=0.0295  gain=+0.0002  |dz|=0.633  7.8 it/s
step  19650  L=0.4320  src=0.0290  tgt=0.2014  trans=0.2016  gain=-0.0002  |dz|=0.824  7.8 it/s
step  19700  L=0.4186  src=0.0404  tgt=0.1891  trans=0.1889  gain=+0.0002  |dz|=0.875  7.8 it/s
step  19750  L=0.4200  src=0.0495  tgt=0.1852  trans=0.1853  gain=-0.0000  |dz|=0.860  7.8 it/s
step  19800  L=0.2905  src=0.0149  tgt=0.1378  trans=0.1378  gain=-0.0000  |dz|=0.789  7.8 it/s
step  19850  L=0.0954  src=0.0500  tgt=0.0227  trans=0.0227  gain=+0.0000  |dz|=0.782  7.8 it/s
step  19900  L=0.1439  src=0.0552  tgt=0.0443  trans=0.0444  gain=-0.0000  |dz|=0.788  7.8 it/s
step  19950  L=0.3950  src=0.0285  tgt=0.1832  trans=0.1832  gain=-0.0000  |dz|=0.887  7.8 it/s
step  20000  L=0.1009  src=0.0481  tgt=0.0264  trans=0.0263  gain=+0.0001  |dz|=0.915  7.8 it/s
  [diagnostics @ 20000] loss_correct=0.0952  loss_zero=0.1075  loss_shuffled=0.1242  loss_random=0.1076  loss_target_only=0.0952  loss_mean_z=0.1077  r_basis=0.0667  |dz_transport|=0.8424  z_s_vs_enc_rel=1.8988  z_spread_rel=1.1261  gain_vs_zero=0.0123  gain_vs_shuffled=0.0291  gain_vs_target_only=0.0001  gain_vs_mean_z=0.0126  delta_task=0.0126  z_center_norm=0.0516  task_specific_frac=1.0205
  saved C:\T1D Meta Learning\code\python\meta-diffusion\experiments\linear_transport_replacement_2026-09-24\work\checkpoints\cifar_train50_film_k16_step20000.pt
step  20050  L=0.1188  src=0.0447  tgt=0.0370  trans=0.0370  gain=+0.0000  |dz|=0.708  7.8 it/s
step  20100  L=0.0724  src=0.0348  tgt=0.0187  trans=0.0188  gain=-0.0001  |dz|=0.878  7.8 it/s
step  20150  L=0.0794  src=0.0327  tgt=0.0232  trans=0.0233  gain=-0.0001  |dz|=0.778  7.8 it/s
step  20200  L=0.0819  src=0.0464  tgt=0.0177  trans=0.0177  gain=+0.0000  |dz|=0.923  7.8 it/s
step  20250  L=0.3258  src=0.0601  tgt=0.1328  trans=0.1328  gain=+0.0000  |dz|=0.875  7.8 it/s
step  20300  L=0.1309  src=0.0811  tgt=0.0249  trans=0.0249  gain=+0.0000  |dz|=0.771  7.8 it/s
step  20350  L=0.3456  src=0.0578  tgt=0.1439  trans=0.1437  gain=+0.0002  |dz|=0.874  7.8 it/s
step  20400  L=0.0850  src=0.0419  tgt=0.0215  trans=0.0215  gain=+0.0000  |dz|=0.882  7.8 it/s
step  20450  L=0.3194  src=0.0383  tgt=0.1406  trans=0.1405  gain=+0.0000  |dz|=0.866  7.8 it/s
step  20500  L=0.2962  src=0.0603  tgt=0.1179  trans=0.1179  gain=-0.0000  |dz|=0.875  7.8 it/s
step  20550  L=0.2991  src=0.0333  tgt=0.1330  trans=0.1327  gain=+0.0003  |dz|=0.833  7.8 it/s
step  20600  L=0.5319  src=0.0471  tgt=0.2423  trans=0.2425  gain=-0.0001  |dz|=0.864  7.8 it/s
step  20650  L=0.1372  src=0.0416  tgt=0.0478  trans=0.0477  gain=+0.0000  |dz|=0.789  7.8 it/s
step  20700  L=0.0889  src=0.0430  tgt=0.0229  trans=0.0230  gain=-0.0001  |dz|=0.779  7.8 it/s
step  20750  L=0.4039  src=0.0614  tgt=0.1714  trans=0.1710  gain=+0.0005  |dz|=0.871  7.8 it/s
step  20800  L=0.3369  src=0.0407  tgt=0.1481  trans=0.1480  gain=+0.0001  |dz|=0.878  7.8 it/s
step  20850  L=0.1020  src=0.0485  tgt=0.0267  trans=0.0268  gain=-0.0000  |dz|=0.911  7.8 it/s
step  20900  L=0.0855  src=0.0401  tgt=0.0227  trans=0.0227  gain=-0.0000  |dz|=0.762  7.8 it/s
step  20950  L=0.3000  src=0.0530  tgt=0.1235  trans=0.1235  gain=-0.0000  |dz|=0.853  7.8 it/s
step  21000  L=0.4809  src=0.0420  tgt=0.2195  trans=0.2193  gain=+0.0001  |dz|=0.839  7.8 it/s
step  21050  L=0.0835  src=0.0310  tgt=0.0262  trans=0.0263  gain=-0.0001  |dz|=0.889  7.8 it/s
step  21100  L=0.0988  src=0.0470  tgt=0.0258  trans=0.0260  gain=-0.0002  |dz|=0.899  7.8 it/s
step  21150  L=0.2691  src=0.0266  tgt=0.1213  trans=0.1212  gain=+0.0001  |dz|=0.855  7.8 it/s
step  21200  L=0.0823  src=0.0203  tgt=0.0311  trans=0.0308  gain=+0.0003  |dz|=0.732  7.8 it/s
step  21250  L=0.3735  src=0.0533  tgt=0.1601  trans=0.1601  gain=+0.0000  |dz|=0.857  7.8 it/s
step  21300  L=0.2305  src=0.0283  tgt=0.1010  trans=0.1011  gain=-0.0001  |dz|=0.886  7.8 it/s
step  21350  L=0.0989  src=0.0451  tgt=0.0269  trans=0.0269  gain=+0.0000  |dz|=0.890  7.8 it/s
step  21400  L=0.0608  src=0.0275  tgt=0.0166  trans=0.0166  gain=-0.0000  |dz|=0.826  7.8 it/s
step  21450  L=0.0839  src=0.0314  tgt=0.0262  trans=0.0262  gain=-0.0001  |dz|=0.873  7.8 it/s
step  21500  L=0.0940  src=0.0607  tgt=0.0166  trans=0.0166  gain=+0.0000  |dz|=0.804  7.8 it/s
step  21550  L=0.1382  src=0.0789  tgt=0.0297  trans=0.0296  gain=+0.0001  |dz|=0.914  7.8 it/s
step  21600  L=0.3536  src=0.0256  tgt=0.1640  trans=0.1639  gain=+0.0001  |dz|=0.906  7.8 it/s
step  21650  L=0.1454  src=0.0689  tgt=0.0384  trans=0.0380  gain=+0.0003  |dz|=0.793  7.8 it/s
step  21700  L=0.4532  src=0.0203  tgt=0.2164  trans=0.2165  gain=-0.0001  |dz|=0.816  7.8 it/s
step  21750  L=0.1131  src=0.0349  tgt=0.0391  trans=0.0390  gain=+0.0001  |dz|=0.788  7.8 it/s
step  21800  L=0.1250  src=0.0578  tgt=0.0336  trans=0.0336  gain=+0.0000  |dz|=0.890  7.8 it/s
step  21850  L=0.1009  src=0.0471  tgt=0.0271  trans=0.0267  gain=+0.0004  |dz|=0.823  7.8 it/s
step  21900  L=0.1159  src=0.0479  tgt=0.0341  trans=0.0339  gain=+0.0002  |dz|=0.875  7.8 it/s
step  21950  L=0.0811  src=0.0271  tgt=0.0270  trans=0.0270  gain=+0.0000  |dz|=0.886  7.8 it/s
step  22000  L=0.5685  src=0.0274  tgt=0.2705  trans=0.2704  gain=+0.0000  |dz|=0.872  7.8 it/s
  [diagnostics @ 22000] loss_correct=0.0821  loss_zero=0.0924  loss_shuffled=0.1046  loss_random=0.0931  loss_target_only=0.0823  loss_mean_z=0.0922  r_basis=0.0607  |dz_transport|=0.8594  z_s_vs_enc_rel=1.7644  z_spread_rel=1.1450  gain_vs_zero=0.0103  gain_vs_shuffled=0.0225  gain_vs_target_only=0.0002  gain_vs_mean_z=0.0101  delta_task=0.0101  z_center_norm=0.0637  task_specific_frac=0.9813
step  22050  L=0.0939  src=0.0410  tgt=0.0265  trans=0.0264  gain=+0.0001  |dz|=0.886  7.8 it/s
step  22100  L=0.4019  src=0.0825  tgt=0.1596  trans=0.1597  gain=-0.0001  |dz|=0.897  7.8 it/s
step  22150  L=0.3145  src=0.0322  tgt=0.1412  trans=0.1410  gain=+0.0001  |dz|=0.924  7.8 it/s
step  22200  L=0.0990  src=0.0567  tgt=0.0211  trans=0.0211  gain=+0.0001  |dz|=0.891  7.8 it/s
step  22250  L=0.0893  src=0.0566  tgt=0.0164  trans=0.0163  gain=+0.0001  |dz|=0.763  7.8 it/s
step  22300  L=0.0704  src=0.0352  tgt=0.0175  trans=0.0176  gain=-0.0001  |dz|=0.884  7.8 it/s
step  22350  L=0.0988  src=0.0410  tgt=0.0289  trans=0.0289  gain=+0.0001  |dz|=0.915  7.8 it/s
step  22400  L=0.0913  src=0.0387  tgt=0.0263  trans=0.0262  gain=+0.0000  |dz|=0.922  7.8 it/s
step  22450  L=0.0838  src=0.0416  tgt=0.0210  trans=0.0211  gain=-0.0000  |dz|=0.918  7.8 it/s
step  22500  L=0.3206  src=0.0444  tgt=0.1382  trans=0.1380  gain=+0.0002  |dz|=0.928  7.8 it/s
step  22550  L=0.1072  src=0.0402  tgt=0.0335  trans=0.0334  gain=+0.0001  |dz|=0.922  7.8 it/s
step  22600  L=0.1199  src=0.0558  tgt=0.0321  trans=0.0320  gain=+0.0001  |dz|=0.919  7.8 it/s
step  22650  L=0.4169  src=0.0471  tgt=0.1850  trans=0.1848  gain=+0.0002  |dz|=0.930  7.8 it/s
step  22700  L=0.0789  src=0.0476  tgt=0.0157  trans=0.0156  gain=+0.0001  |dz|=0.879  7.8 it/s
step  22750  L=0.0736  src=0.0228  tgt=0.0254  trans=0.0253  gain=+0.0002  |dz|=0.880  7.8 it/s
step  22800  L=0.0968  src=0.0515  tgt=0.0226  trans=0.0227  gain=-0.0001  |dz|=0.901  7.8 it/s
step  22850  L=0.3224  src=0.0320  tgt=0.1451  trans=0.1452  gain=-0.0001  |dz|=0.912  7.8 it/s
step  22900  L=0.2885  src=0.0405  tgt=0.1239  trans=0.1240  gain=-0.0001  |dz|=0.891  7.8 it/s
step  22950  L=0.3012  src=0.0372  tgt=0.1320  trans=0.1320  gain=+0.0001  |dz|=0.870  7.8 it/s
step  23000  L=0.1127  src=0.0655  tgt=0.0236  trans=0.0235  gain=+0.0001  |dz|=0.842  7.8 it/s
step  23050  L=0.0733  src=0.0234  tgt=0.0249  trans=0.0250  gain=-0.0001  |dz|=0.866  7.8 it/s
step  23100  L=0.0740  src=0.0410  tgt=0.0164  trans=0.0165  gain=-0.0001  |dz|=0.867  7.8 it/s
step  23150  L=0.2322  src=0.0425  tgt=0.0949  trans=0.0948  gain=+0.0001  |dz|=0.946  7.8 it/s
step  23200  L=0.1044  src=0.0474  tgt=0.0284  trans=0.0284  gain=-0.0000  |dz|=0.878  7.8 it/s
step  23250  L=0.0781  src=0.0262  tgt=0.0259  trans=0.0259  gain=-0.0000  |dz|=0.850  7.8 it/s
step  23300  L=0.0769  src=0.0383  tgt=0.0193  trans=0.0192  gain=+0.0000  |dz|=0.799  7.8 it/s
step  23350  L=0.1490  src=0.0503  tgt=0.0493  trans=0.0493  gain=-0.0001  |dz|=0.803  7.8 it/s
step  23400  L=0.3004  src=0.0636  tgt=0.1184  trans=0.1183  gain=+0.0001  |dz|=0.919  7.8 it/s
step  23450  L=0.0793  src=0.0453  tgt=0.0169  trans=0.0169  gain=+0.0001  |dz|=0.852  7.8 it/s
step  23500  L=0.3907  src=0.0492  tgt=0.1707  trans=0.1707  gain=+0.0001  |dz|=0.928  7.8 it/s
step  23550  L=0.2678  src=0.0451  tgt=0.1113  trans=0.1113  gain=+0.0001  |dz|=0.943  7.8 it/s
step  23600  L=0.0626  src=0.0176  tgt=0.0226  trans=0.0224  gain=+0.0001  |dz|=0.808  7.8 it/s
step  23650  L=0.4039  src=0.0574  tgt=0.1733  trans=0.1731  gain=+0.0002  |dz|=0.899  7.8 it/s
step  23700  L=0.3475  src=0.0260  tgt=0.1608  trans=0.1607  gain=+0.0001  |dz|=0.888  7.8 it/s
step  23750  L=0.3659  src=0.0418  tgt=0.1620  trans=0.1620  gain=-0.0000  |dz|=0.947  7.8 it/s
step  23800  L=0.1068  src=0.0394  tgt=0.0338  trans=0.0335  gain=+0.0003  |dz|=0.901  7.8 it/s
step  23850  L=0.1130  src=0.0591  tgt=0.0270  trans=0.0268  gain=+0.0002  |dz|=0.874  7.8 it/s
step  23900  L=0.0768  src=0.0335  tgt=0.0216  trans=0.0216  gain=+0.0000  |dz|=0.835  7.8 it/s
step  23950  L=0.4389  src=0.0237  tgt=0.2076  trans=0.2075  gain=+0.0000  |dz|=0.929  7.8 it/s
step  24000  L=0.4191  src=0.0481  tgt=0.1854  trans=0.1854  gain=-0.0000  |dz|=0.949  7.8 it/s
  [diagnostics @ 24000] loss_correct=0.0813  loss_zero=0.0940  loss_shuffled=0.1087  loss_random=0.0940  loss_target_only=0.0814  loss_mean_z=0.0943  r_basis=0.0687  |dz_transport|=0.8863  z_s_vs_enc_rel=1.7715  z_spread_rel=1.1439  gain_vs_zero=0.0127  gain_vs_shuffled=0.0273  gain_vs_target_only=0.0001  gain_vs_mean_z=0.0129  delta_task=0.0129  z_center_norm=0.0602  task_specific_frac=1.0206
step  24050  L=0.4538  src=0.0186  tgt=0.2176  trans=0.2176  gain=+0.0000  |dz|=0.929  7.8 it/s
step  24100  L=0.3674  src=0.0196  tgt=0.1739  trans=0.1738  gain=+0.0000  |dz|=0.928  7.8 it/s
step  24150  L=0.4287  src=0.0320  tgt=0.1984  trans=0.1983  gain=+0.0001  |dz|=0.921  7.8 it/s
step  24200  L=0.4086  src=0.0568  tgt=0.1758  trans=0.1760  gain=-0.0002  |dz|=0.935  7.8 it/s
step  24250  L=0.1368  src=0.0722  tgt=0.0321  trans=0.0324  gain=-0.0003  |dz|=0.785  7.8 it/s
step  24300  L=0.3808  src=0.0330  tgt=0.1740  trans=0.1737  gain=+0.0003  |dz|=0.909  7.8 it/s
step  24350  L=0.3261  src=0.0362  tgt=0.1450  trans=0.1448  gain=+0.0001  |dz|=0.908  7.8 it/s
step  24400  L=0.1078  src=0.0656  tgt=0.0211  trans=0.0210  gain=+0.0001  |dz|=0.946  7.8 it/s
step  24450  L=0.0734  src=0.0329  tgt=0.0204  trans=0.0201  gain=+0.0003  |dz|=0.843  7.8 it/s
step  24500  L=0.0644  src=0.0211  tgt=0.0219  trans=0.0214  gain=+0.0004  |dz|=0.813  7.8 it/s
step  24550  L=0.0946  src=0.0423  tgt=0.0261  trans=0.0260  gain=+0.0001  |dz|=0.875  7.8 it/s
step  24600  L=0.1377  src=0.0643  tgt=0.0368  trans=0.0364  gain=+0.0004  |dz|=0.845  7.8 it/s
step  24650  L=0.4382  src=0.0353  tgt=0.2014  trans=0.2014  gain=-0.0000  |dz|=0.914  7.8 it/s
step  24700  L=0.2877  src=0.0380  tgt=0.1248  trans=0.1249  gain=-0.0000  |dz|=0.935  7.8 it/s
step  24750  L=0.0696  src=0.0367  tgt=0.0165  trans=0.0163  gain=+0.0001  |dz|=0.907  7.8 it/s
step  24800  L=0.2492  src=0.0256  tgt=0.1118  trans=0.1117  gain=+0.0001  |dz|=0.904  7.8 it/s
step  24850  L=0.1367  src=0.0613  tgt=0.0377  trans=0.0376  gain=+0.0001  |dz|=0.850  7.8 it/s
step  24900  L=0.0681  src=0.0333  tgt=0.0175  trans=0.0173  gain=+0.0002  |dz|=0.902  7.8 it/s
step  24950  L=0.1081  src=0.0474  tgt=0.0304  trans=0.0302  gain=+0.0002  |dz|=0.938  7.8 it/s
step  25000  L=0.3528  src=0.0280  tgt=0.1624  trans=0.1623  gain=+0.0001  |dz|=0.933  7.8 it/s
step  25050  L=0.3213  src=0.0566  tgt=0.1324  trans=0.1323  gain=+0.0001  |dz|=0.919  7.8 it/s
step  25100  L=0.0602  src=0.0176  tgt=0.0213  trans=0.0213  gain=-0.0001  |dz|=0.808  7.8 it/s
step  25150  L=0.0733  src=0.0235  tgt=0.0249  trans=0.0248  gain=+0.0001  |dz|=0.809  7.8 it/s
step  25200  L=0.0767  src=0.0317  tgt=0.0226  trans=0.0224  gain=+0.0002  |dz|=0.907  7.8 it/s
step  25250  L=0.1041  src=0.0369  tgt=0.0336  trans=0.0336  gain=-0.0001  |dz|=0.833  7.8 it/s
step  25300  L=0.0780  src=0.0335  tgt=0.0222  trans=0.0223  gain=-0.0000  |dz|=0.883  7.8 it/s
step  25350  L=0.0992  src=0.0498  tgt=0.0247  trans=0.0247  gain=-0.0000  |dz|=0.911  7.8 it/s
step  25400  L=0.1576  src=0.0378  tgt=0.0599  trans=0.0598  gain=+0.0001  |dz|=0.921  7.8 it/s
step  25450  L=0.0898  src=0.0437  tgt=0.0231  trans=0.0229  gain=+0.0003  |dz|=0.838  7.8 it/s
step  25500  L=0.0835  src=0.0353  tgt=0.0240  trans=0.0241  gain=-0.0001  |dz|=0.907  7.8 it/s
step  25550  L=0.3457  src=0.0600  tgt=0.1428  trans=0.1428  gain=+0.0000  |dz|=0.895  7.8 it/s
step  25600  L=0.0587  src=0.0188  tgt=0.0200  trans=0.0198  gain=+0.0002  |dz|=0.881  7.8 it/s
step  25650  L=0.0862  src=0.0536  tgt=0.0164  trans=0.0162  gain=+0.0003  |dz|=0.826  7.8 it/s
step  25700  L=0.4045  src=0.0313  tgt=0.1866  trans=0.1866  gain=+0.0000  |dz|=0.920  7.8 it/s
step  25750  L=0.2566  src=0.0238  tgt=0.1166  trans=0.1161  gain=+0.0005  |dz|=0.877  7.8 it/s
step  25800  L=0.1272  src=0.0334  tgt=0.0470  trans=0.0467  gain=+0.0003  |dz|=0.864  7.8 it/s
step  25850  L=0.0759  src=0.0459  tgt=0.0151  trans=0.0149  gain=+0.0001  |dz|=0.857  7.8 it/s
step  25900  L=0.2344  src=0.0340  tgt=0.1001  trans=0.1002  gain=-0.0000  |dz|=0.921  7.8 it/s
step  25950  L=0.0622  src=0.0277  tgt=0.0173  trans=0.0172  gain=+0.0002  |dz|=0.905  7.8 it/s
step  26000  L=0.1100  src=0.0593  tgt=0.0253  trans=0.0252  gain=+0.0001  |dz|=0.822  7.8 it/s
  [diagnostics @ 26000] loss_correct=0.0769  loss_zero=0.0896  loss_shuffled=0.0998  loss_random=0.0905  loss_target_only=0.0773  loss_mean_z=0.0900  r_basis=0.0682  |dz_transport|=0.8906  z_s_vs_enc_rel=1.7248  z_spread_rel=1.1313  gain_vs_zero=0.0127  gain_vs_shuffled=0.0229  gain_vs_target_only=0.0003  gain_vs_mean_z=0.0131  delta_task=0.0131  z_center_norm=0.0614  task_specific_frac=1.0289
step  26050  L=0.1104  src=0.0421  tgt=0.0343  trans=0.0340  gain=+0.0003  |dz|=0.924  7.8 it/s
step  26100  L=0.3396  src=0.0400  tgt=0.1499  trans=0.1497  gain=+0.0002  |dz|=0.947  7.8 it/s
step  26150  L=0.0878  src=0.0308  tgt=0.0285  trans=0.0284  gain=+0.0001  |dz|=0.923  7.8 it/s
step  26200  L=0.0878  src=0.0380  tgt=0.0249  trans=0.0249  gain=+0.0001  |dz|=0.916  7.8 it/s
step  26250  L=0.3926  src=0.0447  tgt=0.1738  trans=0.1739  gain=-0.0001  |dz|=0.914  7.8 it/s
step  26300  L=0.3653  src=0.0419  tgt=0.1617  trans=0.1616  gain=+0.0001  |dz|=0.945  7.8 it/s
step  26350  L=0.0874  src=0.0358  tgt=0.0259  trans=0.0256  gain=+0.0003  |dz|=0.914  7.8 it/s
step  26400  L=0.0976  src=0.0335  tgt=0.0321  trans=0.0320  gain=+0.0001  |dz|=0.917  7.8 it/s
step  26450  L=0.0938  src=0.0360  tgt=0.0288  trans=0.0288  gain=+0.0000  |dz|=0.913  7.8 it/s
step  26500  L=0.1196  src=0.0336  tgt=0.0430  trans=0.0430  gain=-0.0000  |dz|=0.864  7.8 it/s
step  26550  L=0.0975  src=0.0546  tgt=0.0214  trans=0.0214  gain=-0.0000  |dz|=0.868  7.8 it/s
step  26600  L=0.2678  src=0.0401  tgt=0.1139  trans=0.1138  gain=+0.0001  |dz|=0.931  7.8 it/s
step  26650  L=0.0966  src=0.0376  tgt=0.0296  trans=0.0294  gain=+0.0001  |dz|=0.774  7.8 it/s
step  26700  L=0.1310  src=0.0310  tgt=0.0499  trans=0.0501  gain=-0.0002  |dz|=0.874  7.8 it/s
step  26750  L=0.1344  src=0.0332  tgt=0.0507  trans=0.0504  gain=+0.0002  |dz|=0.848  7.8 it/s
step  26800  L=0.4239  src=0.0447  tgt=0.1896  trans=0.1896  gain=-0.0000  |dz|=0.906  7.8 it/s
step  26850  L=0.3906  src=0.0668  tgt=0.1621  trans=0.1617  gain=+0.0004  |dz|=0.915  7.8 it/s
step  26900  L=0.1104  src=0.0632  tgt=0.0236  trans=0.0236  gain=-0.0000  |dz|=0.925  7.8 it/s
step  26950  L=0.4402  src=0.0365  tgt=0.2019  trans=0.2017  gain=+0.0002  |dz|=0.929  7.8 it/s
step  27000  L=0.1156  src=0.0305  tgt=0.0425  trans=0.0426  gain=-0.0001  |dz|=0.863  7.8 it/s
step  27050  L=0.5241  src=0.0197  tgt=0.2522  trans=0.2521  gain=+0.0001  |dz|=0.923  7.8 it/s
step  27100  L=0.4006  src=0.0271  tgt=0.1866  trans=0.1868  gain=-0.0002  |dz|=0.911  7.8 it/s
step  27150  L=0.1020  src=0.0567  tgt=0.0227  trans=0.0226  gain=+0.0001  |dz|=0.918  7.8 it/s
step  27200  L=0.0794  src=0.0241  tgt=0.0276  trans=0.0276  gain=+0.0001  |dz|=0.941  7.8 it/s
step  27250  L=0.0840  src=0.0245  tgt=0.0297  trans=0.0297  gain=-0.0000  |dz|=0.918  7.8 it/s
step  27300  L=0.0998  src=0.0316  tgt=0.0341  trans=0.0341  gain=-0.0000  |dz|=0.866  7.8 it/s
step  27350  L=0.1018  src=0.0498  tgt=0.0260  trans=0.0260  gain=-0.0000  |dz|=0.841  7.8 it/s
step  27400  L=0.1101  src=0.0591  tgt=0.0255  trans=0.0255  gain=+0.0000  |dz|=0.911  7.8 it/s
step  27450  L=0.0823  src=0.0419  tgt=0.0203  trans=0.0201  gain=+0.0002  |dz|=0.924  7.8 it/s
step  27500  L=0.5226  src=0.0416  tgt=0.2404  trans=0.2405  gain=-0.0001  |dz|=0.962  7.8 it/s
step  27550  L=0.0878  src=0.0309  tgt=0.0285  trans=0.0283  gain=+0.0002  |dz|=0.927  7.8 it/s
step  27600  L=0.1033  src=0.0483  tgt=0.0274  trans=0.0275  gain=-0.0000  |dz|=0.922  7.8 it/s
step  27650  L=0.1046  src=0.0268  tgt=0.0390  trans=0.0387  gain=+0.0002  |dz|=0.873  7.8 it/s
step  27700  L=0.1019  src=0.0598  tgt=0.0211  trans=0.0211  gain=+0.0000  |dz|=0.818  7.8 it/s
step  27750  L=0.1115  src=0.0493  tgt=0.0312  trans=0.0310  gain=+0.0002  |dz|=0.840  7.8 it/s
step  27800  L=0.1311  src=0.0656  tgt=0.0328  trans=0.0327  gain=+0.0001  |dz|=0.893  7.8 it/s
step  27850  L=0.1223  src=0.0670  tgt=0.0276  trans=0.0276  gain=+0.0000  |dz|=0.904  7.8 it/s
step  27900  L=0.1183  src=0.0602  tgt=0.0290  trans=0.0289  gain=+0.0001  |dz|=0.910  7.8 it/s
step  27950  L=0.0821  src=0.0324  tgt=0.0249  trans=0.0248  gain=+0.0001  |dz|=0.841  7.8 it/s
step  28000  L=0.0726  src=0.0167  tgt=0.0279  trans=0.0279  gain=+0.0001  |dz|=0.912  7.8 it/s
  [diagnostics @ 28000] loss_correct=0.0562  loss_zero=0.0652  loss_shuffled=0.0694  loss_random=0.0660  loss_target_only=0.0564  loss_mean_z=0.0661  r_basis=0.0616  |dz_transport|=0.8895  z_s_vs_enc_rel=1.7366  z_spread_rel=1.1328  gain_vs_zero=0.0090  gain_vs_shuffled=0.0132  gain_vs_target_only=0.0002  gain_vs_mean_z=0.0099  delta_task=0.0099  z_center_norm=0.0568  task_specific_frac=1.0975
step  28050  L=0.0820  src=0.0313  tgt=0.0253  trans=0.0253  gain=-0.0000  |dz|=0.857  7.8 it/s
step  28100  L=0.0794  src=0.0288  tgt=0.0253  trans=0.0251  gain=+0.0002  |dz|=0.888  7.8 it/s
step  28150  L=0.1012  src=0.0427  tgt=0.0292  trans=0.0293  gain=-0.0001  |dz|=0.913  7.8 it/s
step  28200  L=0.1027  src=0.0370  tgt=0.0329  trans=0.0327  gain=+0.0001  |dz|=0.900  7.8 it/s
step  28250  L=0.3899  src=0.0229  tgt=0.1835  trans=0.1834  gain=+0.0002  |dz|=0.940  7.8 it/s
step  28300  L=0.3070  src=0.0568  tgt=0.1250  trans=0.1251  gain=-0.0002  |dz|=0.937  7.8 it/s
step  28350  L=0.2689  src=0.0248  tgt=0.1221  trans=0.1220  gain=+0.0001  |dz|=0.950  7.8 it/s
step  28400  L=0.2907  src=0.0436  tgt=0.1236  trans=0.1235  gain=+0.0001  |dz|=0.946  7.8 it/s
step  28450  L=0.3203  src=0.0287  tgt=0.1458  trans=0.1457  gain=+0.0001  |dz|=0.941  7.8 it/s
step  28500  L=0.1197  src=0.0397  tgt=0.0401  trans=0.0398  gain=+0.0003  |dz|=0.898  7.8 it/s
step  28550  L=0.1043  src=0.0500  tgt=0.0271  trans=0.0271  gain=+0.0000  |dz|=0.879  7.8 it/s
step  28600  L=0.4859  src=0.0272  tgt=0.2293  trans=0.2293  gain=+0.0000  |dz|=0.911  7.8 it/s
step  28650  L=0.1663  src=0.0267  tgt=0.0698  trans=0.0698  gain=-0.0000  |dz|=0.905  7.8 it/s
step  28700  L=0.0718  src=0.0251  tgt=0.0233  trans=0.0233  gain=-0.0000  |dz|=0.878  7.8 it/s
step  28750  L=0.0696  src=0.0349  tgt=0.0174  trans=0.0172  gain=+0.0002  |dz|=0.894  7.8 it/s
step  28800  L=0.2805  src=0.0543  tgt=0.1131  trans=0.1130  gain=+0.0001  |dz|=0.947  7.8 it/s
step  28850  L=0.1028  src=0.0535  tgt=0.0247  trans=0.0245  gain=+0.0002  |dz|=0.912  7.8 it/s
step  28900  L=0.0671  src=0.0222  tgt=0.0225  trans=0.0223  gain=+0.0001  |dz|=0.925  7.8 it/s
step  28950  L=0.2277  src=0.0237  tgt=0.1020  trans=0.1019  gain=+0.0000  |dz|=0.908  7.8 it/s
step  29000  L=0.2960  src=0.0394  tgt=0.1282  trans=0.1282  gain=-0.0000  |dz|=0.944  7.8 it/s
step  29050  L=0.1009  src=0.0333  tgt=0.0338  trans=0.0338  gain=+0.0000  |dz|=0.866  7.8 it/s
step  29100  L=0.1226  src=0.0562  tgt=0.0332  trans=0.0332  gain=+0.0000  |dz|=0.860  7.8 it/s
step  29150  L=0.0948  src=0.0332  tgt=0.0307  trans=0.0308  gain=-0.0001  |dz|=0.940  7.8 it/s
step  29200  L=0.1375  src=0.0691  tgt=0.0342  trans=0.0341  gain=+0.0001  |dz|=0.869  7.8 it/s
step  29250  L=0.0522  src=0.0191  tgt=0.0165  trans=0.0166  gain=-0.0001  |dz|=0.845  7.8 it/s
step  29300  L=0.1131  src=0.0378  tgt=0.0375  trans=0.0376  gain=-0.0001  |dz|=0.936  7.8 it/s
step  29350  L=0.4265  src=0.0608  tgt=0.1830  trans=0.1826  gain=+0.0004  |dz|=0.944  7.8 it/s
step  29400  L=0.5278  src=0.0577  tgt=0.2352  trans=0.2349  gain=+0.0003  |dz|=0.943  7.8 it/s
step  29450  L=0.1370  src=0.0308  tgt=0.0531  trans=0.0530  gain=+0.0001  |dz|=0.929  7.8 it/s
step  29500  L=0.1144  src=0.0581  tgt=0.0281  trans=0.0281  gain=+0.0000  |dz|=0.928  7.8 it/s
step  29550  L=0.2649  src=0.0185  tgt=0.1234  trans=0.1229  gain=+0.0005  |dz|=0.977  7.8 it/s
step  29600  L=0.0750  src=0.0248  tgt=0.0250  trans=0.0251  gain=-0.0001  |dz|=0.890  7.8 it/s
step  29650  L=0.0777  src=0.0434  tgt=0.0172  trans=0.0170  gain=+0.0002  |dz|=0.907  7.8 it/s
step  29700  L=0.3789  src=0.0266  tgt=0.1761  trans=0.1761  gain=+0.0000  |dz|=0.931  7.8 it/s
step  29750  L=0.0413  src=0.0152  tgt=0.0130  trans=0.0130  gain=-0.0000  |dz|=0.846  7.8 it/s
step  29800  L=0.3903  src=0.0187  tgt=0.1857  trans=0.1858  gain=-0.0000  |dz|=0.975  7.8 it/s
step  29850  L=0.0995  src=0.0505  tgt=0.0245  trans=0.0244  gain=+0.0001  |dz|=0.872  7.8 it/s
step  29900  L=0.2756  src=0.0203  tgt=0.1276  trans=0.1276  gain=+0.0000  |dz|=0.990  7.8 it/s
step  29950  L=0.0466  src=0.0203  tgt=0.0132  trans=0.0130  gain=+0.0001  |dz|=0.745  7.8 it/s
step  30000  L=0.0673  src=0.0208  tgt=0.0232  trans=0.0231  gain=+0.0001  |dz|=0.911  7.8 it/s
  [diagnostics @ 30000] loss_correct=0.0751  loss_zero=0.0913  loss_shuffled=0.0985  loss_random=0.0911  loss_target_only=0.0755  loss_mean_z=0.0915  r_basis=0.0777  |dz_transport|=0.9180  z_s_vs_enc_rel=1.7949  z_spread_rel=1.0855  gain_vs_zero=0.0161  gain_vs_shuffled=0.0233  gain_vs_target_only=0.0003  gain_vs_mean_z=0.0163  delta_task=0.0163  z_center_norm=0.0693  task_specific_frac=1.0103
  saved C:\T1D Meta Learning\code\python\meta-diffusion\experiments\linear_transport_replacement_2026-09-24\work\checkpoints\cifar_train50_film_k16_step30000.pt
step  30050  L=0.0809  src=0.0434  tgt=0.0188  trans=0.0187  gain=+0.0001  |dz|=0.869  7.8 it/s
step  30100  L=0.0923  src=0.0416  tgt=0.0253  trans=0.0254  gain=-0.0001  |dz|=0.917  7.8 it/s
step  30150  L=0.4132  src=0.0373  tgt=0.1879  trans=0.1879  gain=-0.0000  |dz|=0.947  7.8 it/s
step  30200  L=0.0966  src=0.0196  tgt=0.0385  trans=0.0384  gain=+0.0001  |dz|=0.874  7.8 it/s
step  30250  L=0.1004  src=0.0367  tgt=0.0318  trans=0.0318  gain=-0.0001  |dz|=0.863  7.8 it/s
step  30300  L=0.1321  src=0.0412  tgt=0.0455  trans=0.0453  gain=+0.0002  |dz|=0.848  7.8 it/s
step  30350  L=0.0644  src=0.0193  tgt=0.0224  trans=0.0225  gain=-0.0001  |dz|=0.898  7.8 it/s
step  30400  L=0.0744  src=0.0350  tgt=0.0197  trans=0.0196  gain=+0.0001  |dz|=0.891  7.8 it/s
step  30450  L=0.0652  src=0.0177  tgt=0.0237  trans=0.0238  gain=-0.0001  |dz|=0.902  7.8 it/s
step  30500  L=0.2208  src=0.0304  tgt=0.0952  trans=0.0951  gain=+0.0001  |dz|=0.980  7.8 it/s
step  30550  L=0.4525  src=0.0263  tgt=0.2131  trans=0.2131  gain=+0.0000  |dz|=0.949  7.8 it/s
step  30600  L=0.0953  src=0.0629  tgt=0.0162  trans=0.0162  gain=+0.0000  |dz|=0.912  7.8 it/s
step  30650  L=0.0762  src=0.0383  tgt=0.0189  trans=0.0189  gain=+0.0000  |dz|=0.909  7.8 it/s
step  30700  L=0.0496  src=0.0107  tgt=0.0194  trans=0.0193  gain=+0.0001  |dz|=0.867  7.8 it/s
step  30750  L=0.0862  src=0.0304  tgt=0.0280  trans=0.0277  gain=+0.0002  |dz|=0.915  7.8 it/s
step  30800  L=0.4354  src=0.0528  tgt=0.1913  trans=0.1913  gain=+0.0001  |dz|=0.946  7.8 it/s
step  30850  L=0.1412  src=0.0494  tgt=0.0459  trans=0.0458  gain=+0.0000  |dz|=0.882  7.8 it/s
step  30900  L=0.0905  src=0.0312  tgt=0.0296  trans=0.0296  gain=+0.0000  |dz|=0.924  7.8 it/s
step  30950  L=0.0892  src=0.0503  tgt=0.0194  trans=0.0193  gain=+0.0001  |dz|=0.897  7.8 it/s
step  31000  L=0.0915  src=0.0231  tgt=0.0343  trans=0.0341  gain=+0.0002  |dz|=0.839  7.8 it/s
step  31050  L=0.0639  src=0.0295  tgt=0.0172  trans=0.0171  gain=+0.0001  |dz|=0.884  7.8 it/s
step  31100  L=0.0473  src=0.0241  tgt=0.0115  trans=0.0116  gain=-0.0001  |dz|=0.891  7.8 it/s
step  31150  L=0.0661  src=0.0172  tgt=0.0243  trans=0.0246  gain=-0.0003  |dz|=0.885  7.8 it/s
step  31200  L=0.3115  src=0.0258  tgt=0.1429  trans=0.1427  gain=+0.0002  |dz|=0.925  7.8 it/s
step  31250  L=0.1146  src=0.0392  tgt=0.0377  trans=0.0376  gain=+0.0002  |dz|=0.847  7.8 it/s
step  31300  L=0.0778  src=0.0261  tgt=0.0258  trans=0.0258  gain=+0.0000  |dz|=0.819  7.8 it/s
step  31350  L=0.5658  src=0.0780  tgt=0.2440  trans=0.2437  gain=+0.0003  |dz|=0.977  7.8 it/s
step  31400  L=0.1028  src=0.0546  tgt=0.0241  trans=0.0241  gain=+0.0000  |dz|=0.893  7.8 it/s
step  31450  L=0.0834  src=0.0514  tgt=0.0160  trans=0.0159  gain=+0.0000  |dz|=0.900  7.8 it/s
step  31500  L=0.0796  src=0.0368  tgt=0.0214  trans=0.0213  gain=+0.0001  |dz|=0.905  7.8 it/s
step  31550  L=0.0878  src=0.0327  tgt=0.0274  trans=0.0276  gain=-0.0001  |dz|=0.879  7.8 it/s
step  31600  L=0.0936  src=0.0290  tgt=0.0324  trans=0.0321  gain=+0.0003  |dz|=0.907  7.8 it/s
step  31650  L=0.0574  src=0.0175  tgt=0.0199  trans=0.0200  gain=-0.0001  |dz|=0.890  7.8 it/s
step  31700  L=0.0666  src=0.0270  tgt=0.0198  trans=0.0197  gain=+0.0001  |dz|=0.874  7.8 it/s
step  31750  L=0.0815  src=0.0353  tgt=0.0230  trans=0.0231  gain=-0.0001  |dz|=0.901  7.8 it/s
step  31800  L=0.1051  src=0.0300  tgt=0.0376  trans=0.0374  gain=+0.0001  |dz|=0.922  7.8 it/s
step  31850  L=0.1815  src=0.0504  tgt=0.0655  trans=0.0654  gain=+0.0001  |dz|=0.889  7.8 it/s
step  31900  L=0.1045  src=0.0503  tgt=0.0271  trans=0.0270  gain=+0.0000  |dz|=0.902  7.8 it/s
step  31950  L=0.0920  src=0.0381  tgt=0.0270  trans=0.0269  gain=+0.0001  |dz|=0.891  7.8 it/s
step  32000  L=0.0937  src=0.0405  tgt=0.0265  trans=0.0266  gain=-0.0001  |dz|=0.896  7.8 it/s
  [diagnostics @ 32000] loss_correct=0.0812  loss_zero=0.0992  loss_shuffled=0.1081  loss_random=0.0996  loss_target_only=0.0813  loss_mean_z=0.0996  r_basis=0.0807  |dz_transport|=0.9075  z_s_vs_enc_rel=1.7476  z_spread_rel=1.1485  gain_vs_zero=0.0180  gain_vs_shuffled=0.0269  gain_vs_target_only=0.0001  gain_vs_mean_z=0.0184  delta_task=0.0184  z_center_norm=0.0678  task_specific_frac=1.0238
step  32050  L=0.0858  src=0.0318  tgt=0.0269  trans=0.0270  gain=-0.0001  |dz|=0.886  7.8 it/s
step  32100  L=0.5672  src=0.0194  tgt=0.2738  trans=0.2739  gain=-0.0001  |dz|=0.949  7.8 it/s
step  32150  L=0.1120  src=0.0282  tgt=0.0418  trans=0.0419  gain=-0.0000  |dz|=0.901  7.8 it/s
step  32200  L=0.4109  src=0.0232  tgt=0.1938  trans=0.1938  gain=-0.0000  |dz|=0.935  7.8 it/s
step  32250  L=0.1182  src=0.0450  tgt=0.0367  trans=0.0364  gain=+0.0003  |dz|=0.888  7.8 it/s
step  32300  L=0.3905  src=0.0540  tgt=0.1683  trans=0.1681  gain=+0.0002  |dz|=0.943  7.8 it/s
step  32350  L=0.0757  src=0.0232  tgt=0.0261  trans=0.0262  gain=-0.0001  |dz|=0.868  7.8 it/s
step  32400  L=0.3853  src=0.0334  tgt=0.1759  trans=0.1760  gain=-0.0001  |dz|=0.955  7.8 it/s
step  32450  L=0.0686  src=0.0143  tgt=0.0271  trans=0.0271  gain=-0.0001  |dz|=0.776  7.8 it/s
step  32500  L=0.0802  src=0.0333  tgt=0.0234  trans=0.0234  gain=+0.0000  |dz|=0.934  7.8 it/s
step  32550  L=0.4402  src=0.0200  tgt=0.2101  trans=0.2100  gain=+0.0001  |dz|=0.951  7.8 it/s
step  32600  L=0.0741  src=0.0173  tgt=0.0284  trans=0.0283  gain=+0.0000  |dz|=0.904  7.8 it/s
step  32650  L=0.1055  src=0.0334  tgt=0.0360  trans=0.0360  gain=-0.0000  |dz|=0.922  7.8 it/s
step  32700  L=0.1371  src=0.0598  tgt=0.0386  trans=0.0386  gain=-0.0001  |dz|=0.854  7.8 it/s
step  32750  L=0.2970  src=0.0244  tgt=0.1363  trans=0.1362  gain=+0.0001  |dz|=0.945  7.8 it/s
step  32800  L=0.0907  src=0.0464  tgt=0.0221  trans=0.0222  gain=-0.0001  |dz|=0.849  7.8 it/s
step  32850  L=0.2719  src=0.0530  tgt=0.1094  trans=0.1095  gain=-0.0001  |dz|=0.930  7.8 it/s
step  32900  L=0.5161  src=0.0509  tgt=0.2326  trans=0.2324  gain=+0.0002  |dz|=0.944  7.8 it/s
step  32950  L=0.1260  src=0.0276  tgt=0.0493  trans=0.0491  gain=+0.0002  |dz|=0.842  7.8 it/s
step  33000  L=0.1119  src=0.0414  tgt=0.0352  trans=0.0353  gain=-0.0001  |dz|=0.885  7.8 it/s
step  33050  L=0.0626  src=0.0132  tgt=0.0247  trans=0.0245  gain=+0.0002  |dz|=0.922  7.8 it/s
step  33100  L=0.4098  src=0.0281  tgt=0.1908  trans=0.1909  gain=-0.0001  |dz|=0.855  7.8 it/s
step  33150  L=0.1033  src=0.0337  tgt=0.0348  trans=0.0347  gain=+0.0001  |dz|=0.906  7.8 it/s
step  33200  L=0.0803  src=0.0246  tgt=0.0279  trans=0.0277  gain=+0.0002  |dz|=0.918  7.8 it/s
step  33250  L=0.0640  src=0.0310  tgt=0.0164  trans=0.0165  gain=-0.0000  |dz|=0.917  7.8 it/s
step  33300  L=0.5266  src=0.0317  tgt=0.2474  trans=0.2475  gain=-0.0001  |dz|=0.970  7.8 it/s
step  33350  L=0.4095  src=0.0354  tgt=0.1871  trans=0.1870  gain=+0.0001  |dz|=0.920  7.8 it/s
step  33400  L=0.0820  src=0.0343  tgt=0.0238  trans=0.0237  gain=+0.0001  |dz|=0.931  7.8 it/s
step  33450  L=0.4670  src=0.0644  tgt=0.2012  trans=0.2013  gain=-0.0000  |dz|=0.935  7.8 it/s
step  33500  L=0.3507  src=0.0388  tgt=0.1560  trans=0.1558  gain=+0.0002  |dz|=0.950  7.8 it/s
step  33550  L=0.0818  src=0.0332  tgt=0.0244  trans=0.0241  gain=+0.0002  |dz|=0.930  7.8 it/s
step  33600  L=0.3337  src=0.0380  tgt=0.1478  trans=0.1477  gain=+0.0001  |dz|=0.942  7.8 it/s
step  33650  L=0.2707  src=0.0172  tgt=0.1267  trans=0.1267  gain=+0.0001  |dz|=0.918  7.8 it/s
step  33700  L=0.0647  src=0.0236  tgt=0.0206  trans=0.0204  gain=+0.0002  |dz|=0.948  7.8 it/s
step  33750  L=0.0882  src=0.0222  tgt=0.0330  trans=0.0329  gain=+0.0001  |dz|=0.909  7.8 it/s
step  33800  L=0.0882  src=0.0366  tgt=0.0257  trans=0.0258  gain=-0.0001  |dz|=0.947  7.8 it/s
step  33850  L=0.2896  src=0.0264  tgt=0.1316  trans=0.1315  gain=+0.0001  |dz|=1.025  7.8 it/s
step  33900  L=0.2768  src=0.0294  tgt=0.1236  trans=0.1237  gain=-0.0001  |dz|=1.035  7.8 it/s
step  33950  L=0.0965  src=0.0433  tgt=0.0266  trans=0.0265  gain=+0.0001  |dz|=0.939  7.8 it/s
step  34000  L=0.4446  src=0.0228  tgt=0.2109  trans=0.2108  gain=+0.0001  |dz|=0.999  7.8 it/s
  [diagnostics @ 34000] loss_correct=0.0749  loss_zero=0.0886  loss_shuffled=0.1010  loss_random=0.0892  loss_target_only=0.0755  loss_mean_z=0.0894  r_basis=0.0722  |dz_transport|=0.9238  z_s_vs_enc_rel=1.7851  z_spread_rel=1.1065  gain_vs_zero=0.0136  gain_vs_shuffled=0.0260  gain_vs_target_only=0.0005  gain_vs_mean_z=0.0145  delta_task=0.0145  z_center_norm=0.0803  task_specific_frac=1.0624
step  34050  L=0.3628  src=0.0340  tgt=0.1643  trans=0.1644  gain=-0.0000  |dz|=0.974  7.8 it/s
step  34100  L=0.0832  src=0.0309  tgt=0.0260  trans=0.0262  gain=-0.0001  |dz|=0.942  7.8 it/s
step  34150  L=0.0934  src=0.0429  tgt=0.0253  trans=0.0252  gain=+0.0000  |dz|=0.904  7.8 it/s
step  34200  L=0.3454  src=0.0251  tgt=0.1601  trans=0.1601  gain=-0.0000  |dz|=1.007  7.8 it/s
step  34250  L=0.0725  src=0.0160  tgt=0.0282  trans=0.0282  gain=+0.0000  |dz|=0.948  7.8 it/s
step  34300  L=0.0775  src=0.0375  tgt=0.0200  trans=0.0199  gain=+0.0002  |dz|=0.916  7.8 it/s
step  34350  L=0.0748  src=0.0334  tgt=0.0206  trans=0.0207  gain=-0.0001  |dz|=0.917  7.8 it/s
step  34400  L=0.1034  src=0.0600  tgt=0.0217  trans=0.0217  gain=+0.0000  |dz|=0.934  7.8 it/s
step  34450  L=0.0981  src=0.0403  tgt=0.0288  trans=0.0289  gain=-0.0002  |dz|=0.865  7.8 it/s
step  34500  L=0.0869  src=0.0417  tgt=0.0226  trans=0.0225  gain=+0.0001  |dz|=0.961  7.8 it/s
step  34550  L=0.0576  src=0.0220  tgt=0.0178  trans=0.0177  gain=+0.0001  |dz|=0.871  7.8 it/s
step  34600  L=0.0960  src=0.0468  tgt=0.0246  trans=0.0245  gain=+0.0001  |dz|=0.915  7.8 it/s
step  34650  L=0.5112  src=0.0471  tgt=0.2321  trans=0.2319  gain=+0.0001  |dz|=0.969  7.8 it/s
step  34700  L=0.0670  src=0.0251  tgt=0.0209  trans=0.0209  gain=+0.0000  |dz|=0.863  7.8 it/s
step  34750  L=0.2056  src=0.0333  tgt=0.0861  trans=0.0862  gain=-0.0001  |dz|=0.944  7.8 it/s
step  34800  L=0.0965  src=0.0277  tgt=0.0343  trans=0.0345  gain=-0.0002  |dz|=0.864  7.8 it/s
step  34850  L=0.0809  src=0.0225  tgt=0.0293  trans=0.0291  gain=+0.0003  |dz|=0.906  7.8 it/s
step  34900  L=0.5042  src=0.0213  tgt=0.2414  trans=0.2414  gain=+0.0000  |dz|=0.941  7.8 it/s
step  34950  L=0.1344  src=0.0842  tgt=0.0251  trans=0.0250  gain=+0.0000  |dz|=0.901  7.8 it/s
step  35000  L=0.1127  src=0.0527  tgt=0.0299  trans=0.0300  gain=-0.0001  |dz|=0.902  7.8 it/s
step  35050  L=0.5308  src=0.0389  tgt=0.2460  trans=0.2459  gain=+0.0001  |dz|=0.974  7.8 it/s
step  35100  L=0.0643  src=0.0298  tgt=0.0173  trans=0.0172  gain=+0.0001  |dz|=0.914  7.8 it/s
step  35150  L=0.1824  src=0.0989  tgt=0.0417  trans=0.0417  gain=+0.0000  |dz|=0.940  7.8 it/s
step  35200  L=0.2498  src=0.0615  tgt=0.0942  trans=0.0941  gain=+0.0000  |dz|=0.961  7.8 it/s
step  35250  L=0.1043  src=0.0380  tgt=0.0331  trans=0.0331  gain=+0.0000  |dz|=0.949  7.8 it/s
step  35300  L=0.0970  src=0.0294  tgt=0.0337  trans=0.0338  gain=-0.0001  |dz|=0.882  7.8 it/s
step  35350  L=0.0943  src=0.0194  tgt=0.0376  trans=0.0373  gain=+0.0003  |dz|=0.894  7.8 it/s
step  35400  L=0.3581  src=0.0523  tgt=0.1529  trans=0.1527  gain=+0.0002  |dz|=0.878  7.8 it/s
step  35450  L=0.0995  src=0.0532  tgt=0.0231  trans=0.0231  gain=+0.0000  |dz|=0.924  7.8 it/s
step  35500  L=0.2814  src=0.0323  tgt=0.1245  trans=0.1246  gain=-0.0001  |dz|=0.932  7.8 it/s
step  35550  L=0.0919  src=0.0258  tgt=0.0331  trans=0.0329  gain=+0.0002  |dz|=0.906  7.8 it/s
step  35600  L=0.1406  src=0.0495  tgt=0.0455  trans=0.0456  gain=-0.0001  |dz|=0.906  7.8 it/s
step  35650  L=0.3990  src=0.0314  tgt=0.1838  trans=0.1837  gain=+0.0002  |dz|=0.945  7.8 it/s
step  35700  L=0.3919  src=0.0250  tgt=0.1835  trans=0.1834  gain=+0.0001  |dz|=0.956  7.8 it/s
step  35750  L=0.4606  src=0.0157  tgt=0.2226  trans=0.2222  gain=+0.0003  |dz|=0.907  7.8 it/s
step  35800  L=0.1088  src=0.0382  tgt=0.0354  trans=0.0351  gain=+0.0003  |dz|=0.887  7.8 it/s
step  35850  L=0.1001  src=0.0547  tgt=0.0227  trans=0.0226  gain=+0.0001  |dz|=0.912  7.8 it/s
step  35900  L=0.1149  src=0.0732  tgt=0.0208  trans=0.0209  gain=-0.0001  |dz|=0.905  7.8 it/s
step  35950  L=0.1037  src=0.0342  tgt=0.0348  trans=0.0347  gain=+0.0000  |dz|=0.913  7.8 it/s
step  36000  L=0.3724  src=0.0272  tgt=0.1726  trans=0.1725  gain=+0.0002  |dz|=0.855  7.8 it/s
  [diagnostics @ 36000] loss_correct=0.0859  loss_zero=0.1020  loss_shuffled=0.1036  loss_random=0.1026  loss_target_only=0.0861  loss_mean_z=0.1026  r_basis=0.0781  |dz_transport|=0.9272  z_s_vs_enc_rel=1.7305  z_spread_rel=1.1018  gain_vs_zero=0.0161  gain_vs_shuffled=0.0178  gain_vs_target_only=0.0002  gain_vs_mean_z=0.0167  delta_task=0.0167  z_center_norm=0.0728  task_specific_frac=1.0378
step  36050  L=0.0705  src=0.0331  tgt=0.0187  trans=0.0187  gain=+0.0000  |dz|=0.894  7.8 it/s
step  36100  L=0.1252  src=0.0515  tgt=0.0370  trans=0.0367  gain=+0.0003  |dz|=0.907  7.8 it/s
step  36150  L=0.3783  src=0.0239  tgt=0.1772  trans=0.1772  gain=-0.0000  |dz|=0.972  7.8 it/s
step  36200  L=0.0736  src=0.0247  tgt=0.0244  trans=0.0243  gain=+0.0001  |dz|=0.858  7.8 it/s
step  36250  L=0.1117  src=0.0446  tgt=0.0337  trans=0.0334  gain=+0.0002  |dz|=0.878  7.8 it/s
step  36300  L=0.0583  src=0.0252  tgt=0.0165  trans=0.0165  gain=-0.0000  |dz|=0.886  7.8 it/s
step  36350  L=0.0788  src=0.0196  tgt=0.0296  trans=0.0295  gain=+0.0001  |dz|=0.895  7.8 it/s
step  36400  L=0.0523  src=0.0156  tgt=0.0185  trans=0.0181  gain=+0.0003  |dz|=0.856  7.8 it/s
step  36450  L=0.2514  src=0.0424  tgt=0.1045  trans=0.1045  gain=-0.0000  |dz|=0.954  7.8 it/s
step  36500  L=0.1070  src=0.0549  tgt=0.0260  trans=0.0260  gain=+0.0000  |dz|=0.891  7.8 it/s
step  36550  L=0.1401  src=0.0826  tgt=0.0287  trans=0.0286  gain=+0.0001  |dz|=0.921  7.8 it/s
step  36600  L=0.1014  src=0.0296  tgt=0.0359  trans=0.0359  gain=+0.0000  |dz|=0.919  7.8 it/s
step  36650  L=0.0778  src=0.0394  tgt=0.0192  trans=0.0192  gain=+0.0000  |dz|=0.905  7.8 it/s
step  36700  L=0.5598  src=0.0195  tgt=0.2701  trans=0.2700  gain=+0.0001  |dz|=0.926  7.8 it/s
step  36750  L=0.0869  src=0.0465  tgt=0.0202  trans=0.0201  gain=+0.0001  |dz|=0.927  7.8 it/s
step  36800  L=0.0721  src=0.0219  tgt=0.0251  trans=0.0250  gain=+0.0001  |dz|=0.889  7.8 it/s
step  36850  L=0.0597  src=0.0283  tgt=0.0158  trans=0.0156  gain=+0.0002  |dz|=0.885  7.8 it/s
step  36900  L=0.1030  src=0.0566  tgt=0.0231  trans=0.0232  gain=-0.0001  |dz|=0.850  7.8 it/s
step  36950  L=0.2032  src=0.0134  tgt=0.0950  trans=0.0947  gain=+0.0002  |dz|=0.926  7.8 it/s
step  37000  L=0.1003  src=0.0301  tgt=0.0350  trans=0.0351  gain=-0.0001  |dz|=0.904  7.8 it/s
step  37050  L=0.0835  src=0.0388  tgt=0.0223  trans=0.0223  gain=+0.0000  |dz|=0.911  7.8 it/s
step  37100  L=0.1160  src=0.0534  tgt=0.0312  trans=0.0312  gain=+0.0000  |dz|=0.912  7.8 it/s
step  37150  L=0.1039  src=0.0363  tgt=0.0338  trans=0.0337  gain=+0.0001  |dz|=0.900  7.8 it/s
step  37200  L=0.1281  src=0.0622  tgt=0.0329  trans=0.0329  gain=+0.0000  |dz|=0.893  7.8 it/s
step  37250  L=0.3054  src=0.0221  tgt=0.1416  trans=0.1417  gain=-0.0001  |dz|=0.952  7.8 it/s
step  37300  L=0.0623  src=0.0300  tgt=0.0162  trans=0.0160  gain=+0.0001  |dz|=0.885  7.8 it/s
step  37350  L=0.0638  src=0.0237  tgt=0.0199  trans=0.0200  gain=-0.0001  |dz|=0.863  7.8 it/s
step  37400  L=0.0671  src=0.0143  tgt=0.0263  trans=0.0264  gain=-0.0001  |dz|=0.909  7.8 it/s
step  37450  L=0.0607  src=0.0206  tgt=0.0201  trans=0.0200  gain=+0.0000  |dz|=0.879  7.8 it/s
step  37500  L=0.0706  src=0.0192  tgt=0.0254  trans=0.0258  gain=-0.0004  |dz|=0.889  7.8 it/s
step  37550  L=0.0815  src=0.0167  tgt=0.0323  trans=0.0323  gain=-0.0000  |dz|=0.918  7.8 it/s
step  37600  L=0.0758  src=0.0198  tgt=0.0279  trans=0.0281  gain=-0.0002  |dz|=0.839  7.8 it/s
step  37650  L=0.5533  src=0.0214  tgt=0.2658  trans=0.2660  gain=-0.0002  |dz|=0.960  7.8 it/s
step  37700  L=0.1202  src=0.0533  tgt=0.0335  trans=0.0334  gain=+0.0001  |dz|=0.933  7.8 it/s
step  37750  L=0.1203  src=0.0590  tgt=0.0305  trans=0.0307  gain=-0.0001  |dz|=0.858  7.8 it/s
step  37800  L=0.1022  src=0.0517  tgt=0.0251  trans=0.0252  gain=-0.0001  |dz|=0.926  7.8 it/s
step  37850  L=0.2959  src=0.0472  tgt=0.1243  trans=0.1243  gain=-0.0001  |dz|=0.902  7.8 it/s
step  37900  L=0.4699  src=0.0267  tgt=0.2217  trans=0.2214  gain=+0.0003  |dz|=0.944  7.8 it/s
step  37950  L=0.0815  src=0.0344  tgt=0.0235  trans=0.0235  gain=-0.0000  |dz|=0.887  7.8 it/s
step  38000  L=0.0732  src=0.0388  tgt=0.0173  trans=0.0171  gain=+0.0002  |dz|=0.899  7.8 it/s
  [diagnostics @ 38000] loss_correct=0.0825  loss_zero=0.0994  loss_shuffled=0.1189  loss_random=0.1003  loss_target_only=0.0826  loss_mean_z=0.1007  r_basis=0.0784  |dz_transport|=0.9097  z_s_vs_enc_rel=1.6436  z_spread_rel=1.1355  gain_vs_zero=0.0169  gain_vs_shuffled=0.0364  gain_vs_target_only=0.0002  gain_vs_mean_z=0.0182  delta_task=0.0182  z_center_norm=0.0696  task_specific_frac=1.0781
step  38050  L=0.1094  src=0.0434  tgt=0.0329  trans=0.0330  gain=-0.0001  |dz|=0.921  7.8 it/s
step  38100  L=0.0813  src=0.0356  tgt=0.0229  trans=0.0227  gain=+0.0002  |dz|=0.877  7.8 it/s
step  38150  L=0.0835  src=0.0195  tgt=0.0321  trans=0.0318  gain=+0.0002  |dz|=0.846  7.8 it/s
step  38200  L=0.0569  src=0.0153  tgt=0.0207  trans=0.0207  gain=+0.0000  |dz|=0.821  7.8 it/s
step  38250  L=0.0946  src=0.0305  tgt=0.0321  trans=0.0320  gain=+0.0001  |dz|=0.887  7.8 it/s
step  38300  L=0.0774  src=0.0231  tgt=0.0271  trans=0.0272  gain=-0.0001  |dz|=0.909  7.8 it/s
step  38350  L=0.0776  src=0.0247  tgt=0.0263  trans=0.0265  gain=-0.0002  |dz|=0.871  7.8 it/s
step  38400  L=0.1494  src=0.0412  tgt=0.0542  trans=0.0540  gain=+0.0002  |dz|=0.898  7.8 it/s
step  38450  L=0.3942  src=0.0452  tgt=0.1745  trans=0.1744  gain=+0.0001  |dz|=0.953  7.8 it/s
step  38500  L=0.0757  src=0.0228  tgt=0.0264  trans=0.0263  gain=+0.0001  |dz|=0.896  7.8 it/s
step  38550  L=0.0875  src=0.0265  tgt=0.0304  trans=0.0305  gain=-0.0000  |dz|=0.912  7.8 it/s
step  38600  L=0.0638  src=0.0279  tgt=0.0179  trans=0.0179  gain=-0.0000  |dz|=0.903  7.8 it/s
step  38650  L=0.0819  src=0.0271  tgt=0.0274  trans=0.0274  gain=-0.0000  |dz|=0.892  7.8 it/s
step  38700  L=0.0616  src=0.0217  tgt=0.0200  trans=0.0198  gain=+0.0002  |dz|=0.842  7.8 it/s
step  38750  L=0.0985  src=0.0260  tgt=0.0362  trans=0.0362  gain=+0.0000  |dz|=0.899  7.8 it/s
step  38800  L=0.1053  src=0.0347  tgt=0.0351  trans=0.0354  gain=-0.0003  |dz|=0.908  7.8 it/s
step  38850  L=0.1315  src=0.0412  tgt=0.0452  trans=0.0450  gain=+0.0002  |dz|=0.909  7.8 it/s
step  38900  L=0.1014  src=0.0357  tgt=0.0329  trans=0.0327  gain=+0.0002  |dz|=0.874  7.8 it/s
step  38950  L=0.0670  src=0.0283  tgt=0.0192  trans=0.0194  gain=-0.0002  |dz|=0.890  7.8 it/s
step  39000  L=0.2565  src=0.0418  tgt=0.1074  trans=0.1073  gain=+0.0001  |dz|=0.909  7.8 it/s
step  39050  L=0.0793  src=0.0253  tgt=0.0270  trans=0.0270  gain=+0.0000  |dz|=0.914  7.8 it/s
step  39100  L=0.1160  src=0.0376  tgt=0.0391  trans=0.0392  gain=-0.0001  |dz|=0.870  7.8 it/s
step  39150  L=0.4331  src=0.0285  tgt=0.2023  trans=0.2023  gain=-0.0001  |dz|=0.941  7.8 it/s
step  39200  L=0.0716  src=0.0182  tgt=0.0268  trans=0.0266  gain=+0.0003  |dz|=0.871  7.8 it/s
step  39250  L=0.0898  src=0.0240  tgt=0.0329  trans=0.0328  gain=+0.0001  |dz|=0.886  7.8 it/s
step  39300  L=0.0857  src=0.0446  tgt=0.0205  trans=0.0205  gain=+0.0000  |dz|=0.893  7.8 it/s
step  39350  L=0.0718  src=0.0178  tgt=0.0270  trans=0.0269  gain=+0.0002  |dz|=0.906  7.8 it/s
step  39400  L=0.0527  src=0.0150  tgt=0.0187  trans=0.0189  gain=-0.0002  |dz|=0.900  7.8 it/s
step  39450  L=0.0872  src=0.0292  tgt=0.0290  trans=0.0289  gain=+0.0001  |dz|=0.865  7.8 it/s
step  39500  L=0.1063  src=0.0558  tgt=0.0252  trans=0.0253  gain=-0.0001  |dz|=0.877  7.8 it/s
step  39550  L=0.0904  src=0.0471  tgt=0.0217  trans=0.0216  gain=+0.0001  |dz|=0.923  7.8 it/s
step  39600  L=0.1055  src=0.0260  tgt=0.0399  trans=0.0396  gain=+0.0003  |dz|=0.865  7.8 it/s
step  39650  L=0.0835  src=0.0319  tgt=0.0256  trans=0.0258  gain=-0.0002  |dz|=0.877  7.8 it/s
step  39700  L=0.0893  src=0.0405  tgt=0.0244  trans=0.0243  gain=+0.0001  |dz|=0.906  7.8 it/s
step  39750  L=0.0763  src=0.0227  tgt=0.0268  trans=0.0267  gain=+0.0002  |dz|=0.895  7.8 it/s
step  39800  L=0.1009  src=0.0314  tgt=0.0347  trans=0.0348  gain=-0.0001  |dz|=0.899  7.8 it/s
step  39850  L=0.0560  src=0.0188  tgt=0.0186  trans=0.0185  gain=+0.0001  |dz|=0.893  7.8 it/s
step  39900  L=0.0625  src=0.0156  tgt=0.0234  trans=0.0234  gain=-0.0001  |dz|=0.872  7.8 it/s
step  39950  L=0.0958  src=0.0298  tgt=0.0331  trans=0.0328  gain=+0.0004  |dz|=0.892  7.8 it/s
step  40000  L=0.4939  src=0.0257  tgt=0.2341  trans=0.2340  gain=+0.0001  |dz|=0.913  7.8 it/s
  [diagnostics @ 40000] loss_correct=0.0676  loss_zero=0.0811  loss_shuffled=0.0893  loss_random=0.0819  loss_target_only=0.0677  loss_mean_z=0.0818  r_basis=0.0696  |dz_transport|=0.9048  z_s_vs_enc_rel=1.7020  z_spread_rel=1.1110  gain_vs_zero=0.0135  gain_vs_shuffled=0.0217  gain_vs_target_only=0.0001  gain_vs_mean_z=0.0142  delta_task=0.0142  z_center_norm=0.0680  task_specific_frac=1.0530
  saved C:\T1D Meta Learning\code\python\meta-diffusion\experiments\linear_transport_replacement_2026-09-24\work\checkpoints\cifar_train50_film_k16_step40000.pt
step  40050  L=0.0846  src=0.0362  tgt=0.0241  trans=0.0243  gain=-0.0002  |dz|=0.902  7.8 it/s
step  40100  L=0.1047  src=0.0514  tgt=0.0266  trans=0.0266  gain=+0.0001  |dz|=0.934  7.8 it/s
step  40150  L=0.0704  src=0.0158  tgt=0.0273  trans=0.0272  gain=+0.0001  |dz|=0.924  7.8 it/s
step  40200  L=0.2632  src=0.0256  tgt=0.1187  trans=0.1187  gain=+0.0000  |dz|=0.934  7.8 it/s
step  40250  L=0.1604  src=0.0752  tgt=0.0426  trans=0.0426  gain=+0.0000  |dz|=0.925  7.8 it/s
step  40300  L=0.0813  src=0.0289  tgt=0.0263  trans=0.0260  gain=+0.0003  |dz|=0.836  7.8 it/s
step  40350  L=0.1139  src=0.0538  tgt=0.0300  trans=0.0301  gain=-0.0001  |dz|=0.839  7.8 it/s
step  40400  L=0.3982  src=0.0266  tgt=0.1857  trans=0.1859  gain=-0.0002  |dz|=0.920  7.8 it/s
step  40450  L=0.0871  src=0.0442  tgt=0.0214  trans=0.0214  gain=+0.0000  |dz|=0.888  7.8 it/s
step  40500  L=0.0903  src=0.0465  tgt=0.0219  trans=0.0218  gain=+0.0001  |dz|=0.910  7.8 it/s
step  40550  L=0.0820  src=0.0265  tgt=0.0277  trans=0.0277  gain=-0.0000  |dz|=0.901  7.8 it/s
step  40600  L=0.3079  src=0.0341  tgt=0.1370  trans=0.1367  gain=+0.0003  |dz|=0.936  7.8 it/s
step  40650  L=0.0623  src=0.0226  tgt=0.0199  trans=0.0197  gain=+0.0002  |dz|=0.859  7.8 it/s
step  40700  L=0.0999  src=0.0371  tgt=0.0316  trans=0.0311  gain=+0.0004  |dz|=0.900  7.8 it/s
step  40750  L=0.3449  src=0.0225  tgt=0.1613  trans=0.1611  gain=+0.0002  |dz|=0.927  7.8 it/s
step  40800  L=0.0894  src=0.0324  tgt=0.0284  trans=0.0284  gain=-0.0000  |dz|=0.875  7.8 it/s
step  40850  L=0.4044  src=0.0216  tgt=0.1913  trans=0.1915  gain=-0.0002  |dz|=0.896  7.8 it/s
step  40900  L=0.0760  src=0.0462  tgt=0.0149  trans=0.0148  gain=+0.0001  |dz|=0.890  7.8 it/s
step  40950  L=0.3015  src=0.0287  tgt=0.1363  trans=0.1363  gain=-0.0000  |dz|=0.932  7.8 it/s
step  41000  L=0.5288  src=0.0356  tgt=0.2466  trans=0.2465  gain=+0.0001  |dz|=0.954  7.8 it/s
step  41050  L=0.0702  src=0.0236  tgt=0.0235  trans=0.0231  gain=+0.0003  |dz|=0.896  7.8 it/s
step  41100  L=0.0689  src=0.0311  tgt=0.0189  trans=0.0189  gain=-0.0000  |dz|=0.899  7.8 it/s
step  41150  L=0.0780  src=0.0393  tgt=0.0194  trans=0.0192  gain=+0.0002  |dz|=0.930  7.8 it/s
step  41200  L=0.4224  src=0.0188  tgt=0.2016  trans=0.2019  gain=-0.0003  |dz|=0.906  7.8 it/s
step  41250  L=0.0595  src=0.0155  tgt=0.0220  trans=0.0218  gain=+0.0002  |dz|=0.895  7.8 it/s
step  41300  L=0.0724  src=0.0281  tgt=0.0222  trans=0.0220  gain=+0.0001  |dz|=0.812  7.8 it/s
step  41350  L=0.2062  src=0.0207  tgt=0.0928  trans=0.0926  gain=+0.0002  |dz|=0.900  7.8 it/s
step  41400  L=0.0966  src=0.0231  tgt=0.0367  trans=0.0368  gain=-0.0001  |dz|=0.892  7.8 it/s
step  41450  L=0.3713  src=0.0342  tgt=0.1686  trans=0.1685  gain=+0.0002  |dz|=0.900  7.8 it/s
step  41500  L=0.0510  src=0.0210  tgt=0.0149  trans=0.0150  gain=-0.0001  |dz|=0.778  7.8 it/s
step  41550  L=0.3701  src=0.0219  tgt=0.1741  trans=0.1741  gain=+0.0000  |dz|=0.899  7.8 it/s
step  41600  L=0.3441  src=0.0716  tgt=0.1362  trans=0.1363  gain=-0.0001  |dz|=0.935  7.8 it/s
step  41650  L=0.0753  src=0.0212  tgt=0.0270  trans=0.0270  gain=-0.0000  |dz|=0.890  7.8 it/s
step  41700  L=0.1974  src=0.0896  tgt=0.0539  trans=0.0538  gain=+0.0001  |dz|=0.917  7.8 it/s
step  41750  L=0.3748  src=0.0232  tgt=0.1758  trans=0.1757  gain=+0.0001  |dz|=0.923  7.8 it/s
step  41800  L=0.0893  src=0.0207  tgt=0.0343  trans=0.0342  gain=+0.0001  |dz|=0.894  7.8 it/s
step  41850  L=0.5649  src=0.0313  tgt=0.2665  trans=0.2669  gain=-0.0004  |dz|=0.907  7.8 it/s
step  41900  L=0.3523  src=0.0436  tgt=0.1545  trans=0.1542  gain=+0.0003  |dz|=0.916  7.8 it/s
step  41950  L=0.1025  src=0.0353  tgt=0.0335  trans=0.0336  gain=-0.0002  |dz|=0.891  7.8 it/s
step  42000  L=0.0830  src=0.0302  tgt=0.0265  trans=0.0262  gain=+0.0003  |dz|=0.929  7.8 it/s
  [diagnostics @ 42000] loss_correct=0.0815  loss_zero=0.0996  loss_shuffled=0.1100  loss_random=0.1000  loss_target_only=0.0818  loss_mean_z=0.1008  r_basis=0.0807  |dz_transport|=0.9115  z_s_vs_enc_rel=1.6155  z_spread_rel=1.1436  gain_vs_zero=0.0182  gain_vs_shuffled=0.0286  gain_vs_target_only=0.0003  gain_vs_mean_z=0.0193  delta_task=0.0193  z_center_norm=0.0724  task_specific_frac=1.0626
step  42050  L=0.1094  src=0.0395  tgt=0.0350  trans=0.0348  gain=+0.0002  |dz|=0.921  7.8 it/s
step  42100  L=0.2250  src=0.0138  tgt=0.1055  trans=0.1056  gain=-0.0001  |dz|=0.937  7.8 it/s
step  42150  L=0.0611  src=0.0288  tgt=0.0161  trans=0.0162  gain=-0.0001  |dz|=0.872  7.8 it/s
step  42200  L=0.0835  src=0.0317  tgt=0.0259  trans=0.0259  gain=+0.0001  |dz|=0.923  7.8 it/s
step  42250  L=0.3369  src=0.0562  tgt=0.1405  trans=0.1402  gain=+0.0002  |dz|=0.919  7.8 it/s
step  42300  L=0.3098  src=0.0228  tgt=0.1437  trans=0.1432  gain=+0.0004  |dz|=0.921  7.8 it/s
step  42350  L=0.0913  src=0.0443  tgt=0.0235  trans=0.0234  gain=+0.0001  |dz|=0.896  7.8 it/s
step  42400  L=0.0987  src=0.0308  tgt=0.0340  trans=0.0338  gain=+0.0001  |dz|=0.916  7.8 it/s
step  42450  L=0.3674  src=0.0256  tgt=0.1710  trans=0.1708  gain=+0.0002  |dz|=0.945  7.8 it/s
step  42500  L=0.1327  src=0.0523  tgt=0.0403  trans=0.0401  gain=+0.0002  |dz|=0.854  7.8 it/s
step  42550  L=0.1136  src=0.0377  tgt=0.0379  trans=0.0379  gain=+0.0000  |dz|=0.907  7.8 it/s
step  42600  L=0.3612  src=0.0264  tgt=0.1674  trans=0.1674  gain=-0.0000  |dz|=0.891  7.8 it/s
step  42650  L=0.0636  src=0.0207  tgt=0.0214  trans=0.0213  gain=+0.0001  |dz|=0.897  7.8 it/s
step  42700  L=0.0853  src=0.0558  tgt=0.0146  trans=0.0148  gain=-0.0002  |dz|=0.888  7.8 it/s
step  42750  L=0.1126  src=0.0601  tgt=0.0262  trans=0.0262  gain=+0.0000  |dz|=0.900  7.8 it/s
step  42800  L=0.3268  src=0.0122  tgt=0.1573  trans=0.1573  gain=-0.0001  |dz|=0.943  7.8 it/s
step  42850  L=0.0808  src=0.0335  tgt=0.0235  trans=0.0237  gain=-0.0003  |dz|=0.893  7.8 it/s
step  42900  L=0.0923  src=0.0449  tgt=0.0237  trans=0.0236  gain=+0.0001  |dz|=0.857  7.8 it/s
step  42950  L=0.0851  src=0.0162  tgt=0.0344  trans=0.0343  gain=+0.0001  |dz|=0.932  7.8 it/s
step  43000  L=0.0862  src=0.0217  tgt=0.0324  trans=0.0321  gain=+0.0002  |dz|=0.906  7.8 it/s
step  43050  L=0.0613  src=0.0204  tgt=0.0203  trans=0.0205  gain=-0.0001  |dz|=0.874  7.8 it/s
step  43100  L=0.0602  src=0.0194  tgt=0.0204  trans=0.0204  gain=-0.0000  |dz|=0.875  7.8 it/s
step  43150  L=0.0661  src=0.0288  tgt=0.0187  trans=0.0184  gain=+0.0003  |dz|=0.830  7.8 it/s
step  43200  L=0.0635  src=0.0277  tgt=0.0179  trans=0.0178  gain=+0.0000  |dz|=0.784  7.8 it/s
step  43250  L=0.0754  src=0.0250  tgt=0.0253  trans=0.0251  gain=+0.0002  |dz|=0.884  7.8 it/s
step  43300  L=0.0348  src=0.0128  tgt=0.0109  trans=0.0110  gain=-0.0000  |dz|=0.763  7.8 it/s
step  43350  L=0.1047  src=0.0388  tgt=0.0329  trans=0.0330  gain=-0.0002  |dz|=0.895  7.8 it/s
step  43400  L=0.1362  src=0.0523  tgt=0.0419  trans=0.0419  gain=+0.0000  |dz|=0.881  7.8 it/s
step  43450  L=0.0690  src=0.0357  tgt=0.0168  trans=0.0164  gain=+0.0003  |dz|=0.882  7.8 it/s
step  43500  L=0.5333  src=0.0434  tgt=0.2450  trans=0.2449  gain=+0.0001  |dz|=0.933  7.8 it/s
step  43550  L=0.0883  src=0.0367  tgt=0.0258  trans=0.0258  gain=+0.0000  |dz|=0.903  7.8 it/s
step  43600  L=0.1045  src=0.0520  tgt=0.0262  trans=0.0262  gain=-0.0000  |dz|=0.914  7.8 it/s
step  43650  L=0.0551  src=0.0191  tgt=0.0181  trans=0.0178  gain=+0.0003  |dz|=0.869  7.8 it/s
step  43700  L=0.4094  src=0.0137  tgt=0.1979  trans=0.1978  gain=+0.0001  |dz|=0.908  7.8 it/s
step  43750  L=0.3533  src=0.0202  tgt=0.1666  trans=0.1664  gain=+0.0002  |dz|=0.918  7.8 it/s
step  43800  L=0.3044  src=0.0242  tgt=0.1402  trans=0.1398  gain=+0.0004  |dz|=0.878  7.8 it/s
step  43850  L=0.1025  src=0.0375  tgt=0.0325  trans=0.0324  gain=+0.0001  |dz|=0.908  7.8 it/s
step  43900  L=0.0631  src=0.0274  tgt=0.0179  trans=0.0177  gain=+0.0001  |dz|=0.884  7.8 it/s
step  43950  L=0.2838  src=0.0254  tgt=0.1293  trans=0.1291  gain=+0.0001  |dz|=0.909  7.8 it/s
step  44000  L=0.4541  src=0.0349  tgt=0.2099  trans=0.2093  gain=+0.0006  |dz|=0.954  7.8 it/s
  [diagnostics @ 44000] loss_correct=0.1033  loss_zero=0.1271  loss_shuffled=0.1299  loss_random=0.1285  loss_target_only=0.1034  loss_mean_z=0.1279  r_basis=0.0942  |dz_transport|=0.9072  z_s_vs_enc_rel=1.6397  z_spread_rel=1.0807  gain_vs_zero=0.0238  gain_vs_shuffled=0.0266  gain_vs_target_only=0.0001  gain_vs_mean_z=0.0246  delta_task=0.0246  z_center_norm=0.0846  task_specific_frac=1.0332
step  44050  L=0.5274  src=0.0389  tgt=0.2442  trans=0.2442  gain=-0.0000  |dz|=0.902  7.8 it/s
step  44100  L=0.1426  src=0.0249  tgt=0.0588  trans=0.0588  gain=+0.0000  |dz|=0.921  7.8 it/s
step  44150  L=0.3391  src=0.0260  tgt=0.1566  trans=0.1565  gain=+0.0001  |dz|=0.904  7.8 it/s
step  44200  L=0.0508  src=0.0171  tgt=0.0168  trans=0.0168  gain=-0.0000  |dz|=0.863  7.8 it/s
step  44250  L=0.0937  src=0.0399  tgt=0.0269  trans=0.0268  gain=+0.0001  |dz|=0.880  7.8 it/s
step  44300  L=0.0838  src=0.0203  tgt=0.0317  trans=0.0317  gain=-0.0000  |dz|=0.927  7.8 it/s
step  44350  L=0.3306  src=0.0289  tgt=0.1507  trans=0.1510  gain=-0.0004  |dz|=0.889  7.8 it/s
step  44400  L=0.1046  src=0.0440  tgt=0.0303  trans=0.0301  gain=+0.0003  |dz|=0.849  7.8 it/s
step  44450  L=0.0738  src=0.0356  tgt=0.0191  trans=0.0191  gain=+0.0000  |dz|=0.892  7.8 it/s
step  44500  L=0.4164  src=0.0280  tgt=0.1941  trans=0.1942  gain=-0.0001  |dz|=0.899  7.8 it/s
step  44550  L=0.3977  src=0.0356  tgt=0.1809  trans=0.1811  gain=-0.0001  |dz|=0.945  7.8 it/s
step  44600  L=0.0878  src=0.0287  tgt=0.0295  trans=0.0295  gain=-0.0001  |dz|=0.893  7.8 it/s
step  44650  L=0.4488  src=0.0194  tgt=0.2147  trans=0.2146  gain=+0.0002  |dz|=0.929  7.8 it/s
step  44700  L=0.4442  src=0.0340  tgt=0.2051  trans=0.2051  gain=-0.0001  |dz|=0.914  7.8 it/s
step  44750  L=0.3473  src=0.0480  tgt=0.1496  trans=0.1496  gain=-0.0001  |dz|=0.898  7.8 it/s
step  44800  L=0.4619  src=0.0291  tgt=0.2163  trans=0.2164  gain=-0.0001  |dz|=0.924  7.8 it/s
step  44850  L=0.4178  src=0.0378  tgt=0.1899  trans=0.1899  gain=-0.0000  |dz|=0.932  7.8 it/s
step  44900  L=0.0776  src=0.0272  tgt=0.0250  trans=0.0253  gain=-0.0003  |dz|=0.899  7.8 it/s
step  44950  L=0.2621  src=0.0422  tgt=0.1100  trans=0.1098  gain=+0.0002  |dz|=0.892  7.8 it/s
step  45000  L=0.0702  src=0.0154  tgt=0.0274  trans=0.0273  gain=+0.0001  |dz|=0.915  7.8 it/s
step  45050  L=0.4036  src=0.0376  tgt=0.1830  trans=0.1830  gain=+0.0000  |dz|=0.891  7.8 it/s
step  45100  L=0.0482  src=0.0186  tgt=0.0149  trans=0.0147  gain=+0.0002  |dz|=0.899  7.8 it/s
step  45150  L=0.3794  src=0.0567  tgt=0.1614  trans=0.1612  gain=+0.0002  |dz|=0.888  7.8 it/s
step  45200  L=0.0439  src=0.0155  tgt=0.0142  trans=0.0142  gain=-0.0000  |dz|=0.864  7.8 it/s
step  45250  L=0.1110  src=0.0411  tgt=0.0350  trans=0.0349  gain=+0.0000  |dz|=0.915  7.8 it/s
step  45300  L=0.1039  src=0.0404  tgt=0.0318  trans=0.0317  gain=+0.0001  |dz|=0.904  7.8 it/s
step  45350  L=0.0785  src=0.0298  tgt=0.0242  trans=0.0243  gain=-0.0001  |dz|=0.898  7.8 it/s
step  45400  L=0.0943  src=0.0195  tgt=0.0375  trans=0.0373  gain=+0.0002  |dz|=0.878  7.8 it/s
step  45450  L=0.0532  src=0.0185  tgt=0.0173  trans=0.0172  gain=+0.0001  |dz|=0.864  7.8 it/s
step  45500  L=0.2877  src=0.0361  tgt=0.1258  trans=0.1257  gain=+0.0001  |dz|=0.923  7.8 it/s
step  45550  L=0.0790  src=0.0255  tgt=0.0268  trans=0.0266  gain=+0.0002  |dz|=0.872  7.8 it/s
step  45600  L=0.0930  src=0.0398  tgt=0.0266  trans=0.0265  gain=+0.0001  |dz|=0.868  7.8 it/s
step  45650  L=0.0873  src=0.0192  tgt=0.0341  trans=0.0339  gain=+0.0002  |dz|=0.880  7.8 it/s
step  45700  L=0.0875  src=0.0309  tgt=0.0282  trans=0.0283  gain=-0.0001  |dz|=0.890  7.8 it/s
step  45750  L=0.1214  src=0.0319  tgt=0.0448  trans=0.0447  gain=+0.0001  |dz|=0.878  7.8 it/s
step  45800  L=0.2910  src=0.0256  tgt=0.1326  trans=0.1327  gain=-0.0001  |dz|=0.906  7.8 it/s
step  45850  L=0.0677  src=0.0221  tgt=0.0229  trans=0.0227  gain=+0.0002  |dz|=0.897  7.8 it/s
step  45900  L=0.0658  src=0.0185  tgt=0.0236  trans=0.0236  gain=-0.0001  |dz|=0.902  7.8 it/s
step  45950  L=0.1000  src=0.0274  tgt=0.0362  trans=0.0363  gain=-0.0001  |dz|=0.912  7.8 it/s
step  46000  L=0.2849  src=0.0407  tgt=0.1219  trans=0.1222  gain=-0.0003  |dz|=0.907  7.8 it/s
  [diagnostics @ 46000] loss_correct=0.0657  loss_zero=0.0806  loss_shuffled=0.0936  loss_random=0.0823  loss_target_only=0.0661  loss_mean_z=0.0822  r_basis=0.0756  |dz_transport|=0.8827  z_s_vs_enc_rel=1.6703  z_spread_rel=1.1034  gain_vs_zero=0.0149  gain_vs_shuffled=0.0279  gain_vs_target_only=0.0004  gain_vs_mean_z=0.0165  delta_task=0.0165  z_center_norm=0.0734  task_specific_frac=1.1082
step  46050  L=0.0969  src=0.0243  tgt=0.0362  trans=0.0363  gain=-0.0000  |dz|=0.885  7.8 it/s
step  46100  L=0.0817  src=0.0199  tgt=0.0309  trans=0.0309  gain=-0.0000  |dz|=0.903  7.8 it/s
step  46150  L=0.0637  src=0.0286  tgt=0.0175  trans=0.0175  gain=-0.0000  |dz|=0.886  7.8 it/s
step  46200  L=0.0796  src=0.0190  tgt=0.0304  trans=0.0301  gain=+0.0003  |dz|=0.897  7.8 it/s
step  46250  L=0.0920  src=0.0322  tgt=0.0299  trans=0.0298  gain=+0.0002  |dz|=0.886  7.8 it/s
step  46300  L=0.0941  src=0.0223  tgt=0.0361  trans=0.0356  gain=+0.0004  |dz|=0.909  7.8 it/s
step  46350  L=0.0486  src=0.0136  tgt=0.0176  trans=0.0174  gain=+0.0001  |dz|=0.869  7.8 it/s
step  46400  L=0.0646  src=0.0243  tgt=0.0200  trans=0.0202  gain=-0.0002  |dz|=0.884  7.8 it/s
step  46450  L=0.2142  src=0.0104  tgt=0.1020  trans=0.1017  gain=+0.0002  |dz|=0.888  7.8 it/s
step  46500  L=0.4704  src=0.0406  tgt=0.2149  trans=0.2148  gain=+0.0001  |dz|=0.877  7.8 it/s
step  46550  L=0.0749  src=0.0193  tgt=0.0279  trans=0.0277  gain=+0.0002  |dz|=0.906  7.8 it/s
step  46600  L=0.3443  src=0.0285  tgt=0.1579  trans=0.1579  gain=-0.0000  |dz|=0.928  7.8 it/s
step  46650  L=0.5633  src=0.0169  tgt=0.2732  trans=0.2731  gain=+0.0000  |dz|=0.920  7.8 it/s
step  46700  L=0.1077  src=0.0699  tgt=0.0190  trans=0.0188  gain=+0.0002  |dz|=0.880  7.8 it/s
step  46750  L=0.1166  src=0.0547  tgt=0.0308  trans=0.0310  gain=-0.0002  |dz|=0.902  7.8 it/s
step  46800  L=0.2500  src=0.0265  tgt=0.1120  trans=0.1115  gain=+0.0005  |dz|=0.906  7.8 it/s
step  46850  L=0.0732  src=0.0247  tgt=0.0242  trans=0.0243  gain=-0.0001  |dz|=0.849  7.8 it/s
step  46900  L=0.0847  src=0.0297  tgt=0.0275  trans=0.0274  gain=+0.0001  |dz|=0.882  7.8 it/s
step  46950  L=0.0884  src=0.0551  tgt=0.0166  trans=0.0165  gain=+0.0001  |dz|=0.866  7.8 it/s
step  47000  L=0.0696  src=0.0284  tgt=0.0205  trans=0.0207  gain=-0.0001  |dz|=0.892  7.8 it/s
step  47050  L=0.0745  src=0.0311  tgt=0.0217  trans=0.0216  gain=+0.0001  |dz|=0.873  7.8 it/s
step  47100  L=0.1119  src=0.0173  tgt=0.0473  trans=0.0472  gain=+0.0001  |dz|=0.913  7.8 it/s
step  47150  L=0.0857  src=0.0210  tgt=0.0322  trans=0.0324  gain=-0.0001  |dz|=0.890  7.8 it/s
step  47200  L=0.0994  src=0.0678  tgt=0.0157  trans=0.0158  gain=-0.0001  |dz|=0.891  7.8 it/s
step  47250  L=0.1040  src=0.0255  tgt=0.0392  trans=0.0392  gain=-0.0000  |dz|=0.896  7.8 it/s
step  47300  L=0.1725  src=0.0317  tgt=0.0703  trans=0.0705  gain=-0.0002  |dz|=0.850  7.8 it/s
step  47350  L=0.1021  src=0.0465  tgt=0.0277  trans=0.0279  gain=-0.0001  |dz|=0.863  7.8 it/s
step  47400  L=0.0769  src=0.0234  tgt=0.0268  trans=0.0266  gain=+0.0001  |dz|=0.883  7.8 it/s
step  47450  L=0.2433  src=0.0310  tgt=0.1062  trans=0.1061  gain=+0.0001  |dz|=0.899  7.8 it/s
step  47500  L=0.2815  src=0.0246  tgt=0.1285  trans=0.1284  gain=+0.0001  |dz|=0.904  7.8 it/s
step  47550  L=0.1045  src=0.0608  tgt=0.0219  trans=0.0218  gain=+0.0001  |dz|=0.906  7.8 it/s
step  47600  L=0.0602  src=0.0229  tgt=0.0186  trans=0.0186  gain=-0.0000  |dz|=0.848  7.8 it/s
step  47650  L=0.0807  src=0.0259  tgt=0.0272  trans=0.0275  gain=-0.0002  |dz|=0.874  7.8 it/s
step  47700  L=0.3242  src=0.0214  tgt=0.1516  trans=0.1511  gain=+0.0006  |dz|=0.894  7.8 it/s
step  47750  L=0.0770  src=0.0278  tgt=0.0246  trans=0.0246  gain=-0.0001  |dz|=0.875  7.8 it/s
step  47800  L=0.0358  src=0.0122  tgt=0.0117  trans=0.0118  gain=-0.0001  |dz|=0.865  7.8 it/s
step  47850  L=0.1198  src=0.0568  tgt=0.0315  trans=0.0314  gain=+0.0001  |dz|=0.896  7.8 it/s
step  47900  L=0.4185  src=0.0272  tgt=0.1956  trans=0.1957  gain=-0.0001  |dz|=0.949  7.8 it/s
step  47950  L=0.0524  src=0.0142  tgt=0.0190  trans=0.0190  gain=-0.0000  |dz|=0.872  7.8 it/s
step  48000  L=0.0808  src=0.0369  tgt=0.0218  trans=0.0220  gain=-0.0002  |dz|=0.889  7.8 it/s
  [diagnostics @ 48000] loss_correct=0.0863  loss_zero=0.1090  loss_shuffled=0.1143  loss_random=0.1090  loss_target_only=0.0868  loss_mean_z=0.1107  r_basis=0.0924  |dz_transport|=0.8863  z_s_vs_enc_rel=1.6003  z_spread_rel=1.1395  gain_vs_zero=0.0227  gain_vs_shuffled=0.0280  gain_vs_target_only=0.0005  gain_vs_mean_z=0.0244  delta_task=0.0244  z_center_norm=0.0787  task_specific_frac=1.0745
step  48050  L=0.0860  src=0.0456  tgt=0.0201  trans=0.0201  gain=-0.0000  |dz|=0.881  7.8 it/s
step  48100  L=0.0623  src=0.0294  tgt=0.0165  trans=0.0162  gain=+0.0004  |dz|=0.828  7.8 it/s
step  48150  L=0.0694  src=0.0175  tgt=0.0261  trans=0.0257  gain=+0.0004  |dz|=0.848  7.8 it/s
step  48200  L=0.3908  src=0.0162  tgt=0.1872  trans=0.1873  gain=-0.0001  |dz|=0.931  7.8 it/s
step  48250  L=0.4935  src=0.0427  tgt=0.2255  trans=0.2252  gain=+0.0003  |dz|=0.896  7.8 it/s
step  48300  L=0.1139  src=0.0423  tgt=0.0358  trans=0.0358  gain=+0.0001  |dz|=0.892  7.8 it/s
step  48350  L=0.1331  src=0.0881  tgt=0.0224  trans=0.0225  gain=-0.0001  |dz|=0.949  7.8 it/s
step  48400  L=0.3056  src=0.0280  tgt=0.1387  trans=0.1388  gain=-0.0000  |dz|=0.937  7.8 it/s
step  48450  L=0.4471  src=0.0382  tgt=0.2045  trans=0.2044  gain=+0.0000  |dz|=0.892  7.8 it/s
step  48500  L=0.1530  src=0.0251  tgt=0.0639  trans=0.0639  gain=+0.0001  |dz|=0.930  7.8 it/s
step  48550  L=0.2792  src=0.0218  tgt=0.1287  trans=0.1286  gain=+0.0001  |dz|=0.924  7.8 it/s
step  48600  L=0.1037  src=0.0209  tgt=0.0413  trans=0.0415  gain=-0.0002  |dz|=0.934  7.8 it/s
step  48650  L=0.1045  src=0.0284  tgt=0.0380  trans=0.0379  gain=+0.0001  |dz|=0.905  7.8 it/s
step  48700  L=0.3440  src=0.0362  tgt=0.1539  trans=0.1538  gain=+0.0000  |dz|=0.890  7.8 it/s
step  48750  L=0.3862  src=0.0368  tgt=0.1746  trans=0.1747  gain=-0.0001  |dz|=0.887  7.8 it/s
step  48800  L=0.0490  src=0.0163  tgt=0.0164  trans=0.0163  gain=+0.0001  |dz|=0.878  7.8 it/s
step  48850  L=0.1014  src=0.0395  tgt=0.0308  trans=0.0309  gain=-0.0001  |dz|=0.896  7.8 it/s
step  48900  L=0.0880  src=0.0451  tgt=0.0215  trans=0.0213  gain=+0.0001  |dz|=0.869  7.8 it/s
step  48950  L=0.0774  src=0.0176  tgt=0.0298  trans=0.0299  gain=-0.0001  |dz|=0.910  7.8 it/s
step  49000  L=0.1028  src=0.0371  tgt=0.0328  trans=0.0329  gain=-0.0001  |dz|=0.894  7.8 it/s
step  49050  L=0.0657  src=0.0228  tgt=0.0215  trans=0.0213  gain=+0.0002  |dz|=0.906  7.8 it/s
step  49100  L=0.6441  src=0.0139  tgt=0.3152  trans=0.3149  gain=+0.0002  |dz|=0.814  7.8 it/s
step  49150  L=0.0659  src=0.0310  tgt=0.0174  trans=0.0174  gain=-0.0000  |dz|=0.859  7.8 it/s
step  49200  L=0.3017  src=0.0148  tgt=0.1436  trans=0.1433  gain=+0.0002  |dz|=0.903  7.8 it/s
step  49250  L=0.4764  src=0.0513  tgt=0.2126  trans=0.2124  gain=+0.0002  |dz|=0.871  7.8 it/s
step  49300  L=0.0788  src=0.0259  tgt=0.0264  trans=0.0264  gain=+0.0000  |dz|=0.838  7.8 it/s
step  49350  L=0.0648  src=0.0323  tgt=0.0163  trans=0.0162  gain=+0.0001  |dz|=0.892  7.8 it/s
step  49400  L=0.1273  src=0.0539  tgt=0.0366  trans=0.0367  gain=-0.0000  |dz|=0.860  7.8 it/s
step  49450  L=0.0917  src=0.0396  tgt=0.0260  trans=0.0261  gain=-0.0001  |dz|=0.911  7.8 it/s
step  49500  L=0.0864  src=0.0309  tgt=0.0277  trans=0.0278  gain=-0.0001  |dz|=0.902  7.8 it/s
step  49550  L=0.3142  src=0.0338  tgt=0.1402  trans=0.1401  gain=+0.0001  |dz|=0.924  7.8 it/s
step  49600  L=0.3153  src=0.0754  tgt=0.1200  trans=0.1198  gain=+0.0002  |dz|=0.887  7.8 it/s
step  49650  L=0.0963  src=0.0404  tgt=0.0280  trans=0.0278  gain=+0.0002  |dz|=0.867  7.8 it/s
step  49700  L=0.0801  src=0.0331  tgt=0.0234  trans=0.0235  gain=-0.0001  |dz|=0.839  7.8 it/s
step  49750  L=0.0701  src=0.0266  tgt=0.0216  trans=0.0218  gain=-0.0002  |dz|=0.881  7.8 it/s
step  49800  L=0.4435  src=0.0498  tgt=0.1969  trans=0.1967  gain=+0.0002  |dz|=0.915  7.8 it/s
step  49850  L=0.0414  src=0.0114  tgt=0.0149  trans=0.0150  gain=-0.0001  |dz|=0.841  7.8 it/s
step  49900  L=0.2881  src=0.0259  tgt=0.1310  trans=0.1311  gain=-0.0001  |dz|=0.913  7.8 it/s
step  49950  L=0.0595  src=0.0240  tgt=0.0177  trans=0.0178  gain=-0.0000  |dz|=0.880  7.8 it/s
step  50000  L=0.0662  src=0.0140  tgt=0.0260  trans=0.0261  gain=-0.0001  |dz|=0.906  7.8 it/s
  [diagnostics @ 50000] loss_correct=0.0703  loss_zero=0.0868  loss_shuffled=0.0934  loss_random=0.0875  loss_target_only=0.0706  loss_mean_z=0.0885  r_basis=0.0774  |dz_transport|=0.8944  z_s_vs_enc_rel=1.6493  z_spread_rel=1.1449  gain_vs_zero=0.0165  gain_vs_shuffled=0.0232  gain_vs_target_only=0.0003  gain_vs_mean_z=0.0182  delta_task=0.0182  z_center_norm=0.0743  task_specific_frac=1.1040
  saved C:\T1D Meta Learning\code\python\meta-diffusion\experiments\linear_transport_replacement_2026-09-24\work\checkpoints\cifar_train50_film_k16_step50000.pt

done in 106.8 min. log: C:\T1D Meta Learning\code\python\meta-diffusion\experiments\linear_transport_replacement_2026-09-24\work\checkpoints\cifar_train50_film_k16_log.jsonl
