REPLAY cifar_train50_basis_k16: source checkpoint configuration, transport=linear
device cuda | backbone small_unet | k=16
φ 27.80M + encoder 0.33M + transport 0.4K
training episode combinations 450 | 50000 steps

step      1  L=3.2928  src=1.0977  tgt=1.0976  trans=1.0976  gain=-0.0000  |dz|=0.000  1.4 it/s
step     50  L=1.0439  src=0.3812  tgt=0.3303  trans=0.3322  gain=-0.0019  |dz|=0.006  10.2 it/s
step    100  L=0.5239  src=0.2042  tgt=0.1596  trans=0.1596  gain=+0.0001  |dz|=0.035  10.9 it/s
step    150  L=0.2893  src=0.1329  tgt=0.0777  trans=0.0779  gain=-0.0001  |dz|=0.051  11.2 it/s
step    200  L=0.2683  src=0.1099  tgt=0.0788  trans=0.0787  gain=+0.0001  |dz|=0.046  11.3 it/s
step    250  L=0.2309  src=0.0897  tgt=0.0705  trans=0.0698  gain=+0.0007  |dz|=0.037  11.4 it/s
step    300  L=0.3358  src=0.1189  tgt=0.1080  trans=0.1081  gain=-0.0000  |dz|=0.035  11.5 it/s
step    350  L=0.6235  src=0.1329  tgt=0.2450  trans=0.2450  gain=+0.0000  |dz|=0.030  11.5 it/s
step    400  L=0.4519  src=0.0761  tgt=0.1877  trans=0.1877  gain=-0.0000  |dz|=0.056  11.5 it/s
step    450  L=0.5565  src=0.0578  tgt=0.2493  trans=0.2489  gain=+0.0004  |dz|=0.062  11.5 it/s
step    500  L=0.2831  src=0.1056  tgt=0.0885  trans=0.0886  gain=-0.0001  |dz|=0.028  11.6 it/s
step    550  L=0.1440  src=0.0746  tgt=0.0345  trans=0.0346  gain=-0.0002  |dz|=0.037  11.6 it/s
step    600  L=0.6287  src=0.1037  tgt=0.2645  trans=0.2603  gain=+0.0042  |dz|=0.109  11.6 it/s
step    650  L=0.5014  src=0.1171  tgt=0.1929  trans=0.1912  gain=+0.0017  |dz|=0.120  11.6 it/s
step    700  L=0.5673  src=0.0949  tgt=0.2364  trans=0.2359  gain=+0.0005  |dz|=0.122  11.6 it/s
step    750  L=0.3743  src=0.0753  tgt=0.1492  trans=0.1496  gain=-0.0004  |dz|=0.123  11.6 it/s
step    800  L=0.2742  src=0.1281  tgt=0.0729  trans=0.0730  gain=-0.0001  |dz|=0.063  11.6 it/s
step    850  L=0.1945  src=0.1158  tgt=0.0391  trans=0.0393  gain=-0.0002  |dz|=0.050  11.7 it/s
step    900  L=0.1938  src=0.1128  tgt=0.0403  trans=0.0406  gain=-0.0003  |dz|=0.053  11.7 it/s
step    950  L=0.1110  src=0.0550  tgt=0.0279  trans=0.0279  gain=-0.0000  |dz|=0.054  11.7 it/s
step   1000  L=0.1598  src=0.0746  tgt=0.0425  trans=0.0425  gain=-0.0000  |dz|=0.056  11.7 it/s
step   1050  L=0.2026  src=0.0722  tgt=0.0651  trans=0.0652  gain=-0.0001  |dz|=0.056  11.7 it/s
step   1100  L=0.5287  src=0.0628  tgt=0.2334  trans=0.2324  gain=+0.0011  |dz|=0.081  11.7 it/s
step   1150  L=0.1969  src=0.0752  tgt=0.0608  trans=0.0608  gain=+0.0000  |dz|=0.057  11.7 it/s
step   1200  L=0.2933  src=0.0497  tgt=0.1218  trans=0.1217  gain=+0.0001  |dz|=0.084  11.7 it/s
step   1250  L=0.1345  src=0.0756  tgt=0.0294  trans=0.0293  gain=+0.0000  |dz|=0.058  11.7 it/s
step   1300  L=0.1406  src=0.0841  tgt=0.0283  trans=0.0282  gain=+0.0001  |dz|=0.061  11.7 it/s
step   1350  L=0.1564  src=0.0698  tgt=0.0433  trans=0.0432  gain=+0.0001  |dz|=0.063  11.7 it/s
step   1400  L=0.1006  src=0.0501  tgt=0.0252  trans=0.0252  gain=-0.0000  |dz|=0.061  11.7 it/s
step   1450  L=0.1054  src=0.0592  tgt=0.0231  trans=0.0231  gain=+0.0000  |dz|=0.068  11.7 it/s
step   1500  L=0.1608  src=0.0610  tgt=0.0499  trans=0.0498  gain=+0.0000  |dz|=0.065  11.7 it/s
step   1550  L=0.1328  src=0.0841  tgt=0.0244  trans=0.0242  gain=+0.0002  |dz|=0.074  11.7 it/s
step   1600  L=0.1424  src=0.0573  tgt=0.0425  trans=0.0425  gain=-0.0000  |dz|=0.068  11.7 it/s
step   1650  L=0.1510  src=0.0708  tgt=0.0401  trans=0.0401  gain=+0.0000  |dz|=0.075  11.7 it/s
step   1700  L=0.5709  src=0.1058  tgt=0.2325  trans=0.2325  gain=+0.0000  |dz|=0.076  11.7 it/s
step   1750  L=0.0965  src=0.0477  tgt=0.0243  trans=0.0244  gain=-0.0001  |dz|=0.072  11.7 it/s
step   1800  L=0.1162  src=0.0560  tgt=0.0301  trans=0.0300  gain=+0.0001  |dz|=0.072  11.7 it/s
step   1850  L=0.1437  src=0.0536  tgt=0.0450  trans=0.0450  gain=+0.0000  |dz|=0.072  11.7 it/s
step   1900  L=0.1314  src=0.0594  tgt=0.0359  trans=0.0359  gain=-0.0000  |dz|=0.074  11.7 it/s
step   1950  L=0.5273  src=0.0662  tgt=0.2306  trans=0.2304  gain=+0.0002  |dz|=0.072  11.7 it/s
step   2000  L=0.5528  src=0.0771  tgt=0.2381  trans=0.2376  gain=+0.0006  |dz|=0.080  11.7 it/s
  [diagnostics @ 2000] loss_correct=0.0849  loss_zero=0.1678  loss_shuffled=0.0853  loss_random=0.1711  loss_target_only=0.0844  loss_mean_z=0.0938  r_basis=0.3200  |dz_transport|=0.0574  z_s_vs_enc_rel=0.0631  z_spread_rel=0.0501  gain_vs_zero=0.0829  gain_vs_shuffled=0.0004  gain_vs_target_only=-0.0005  gain_vs_mean_z=0.0089  delta_task=0.0089  z_center_norm=0.5996  task_specific_frac=0.1077
step   2050  L=0.2356  src=0.1027  tgt=0.0665  trans=0.0664  gain=+0.0000  |dz|=0.075  11.5 it/s
step   2100  L=0.1883  src=0.0743  tgt=0.0570  trans=0.0570  gain=-0.0000  |dz|=0.075  11.5 it/s
step   2150  L=0.1190  src=0.0767  tgt=0.0212  trans=0.0210  gain=+0.0002  |dz|=0.071  11.5 it/s
step   2200  L=0.1906  src=0.1100  tgt=0.0402  trans=0.0403  gain=-0.0000  |dz|=0.089  11.5 it/s
step   2250  L=0.1408  src=0.0652  tgt=0.0378  trans=0.0378  gain=-0.0000  |dz|=0.077  11.5 it/s
step   2300  L=0.1354  src=0.0640  tgt=0.0357  trans=0.0357  gain=-0.0000  |dz|=0.074  11.5 it/s
step   2350  L=0.1107  src=0.0710  tgt=0.0198  trans=0.0198  gain=+0.0001  |dz|=0.073  11.5 it/s
step   2400  L=0.2549  src=0.0407  tgt=0.1072  trans=0.1070  gain=+0.0001  |dz|=0.077  11.5 it/s
step   2450  L=0.1082  src=0.0586  tgt=0.0249  trans=0.0246  gain=+0.0002  |dz|=0.090  11.5 it/s
step   2500  L=0.1106  src=0.0471  tgt=0.0318  trans=0.0318  gain=-0.0000  |dz|=0.090  11.6 it/s
step   2550  L=0.1425  src=0.0686  tgt=0.0370  trans=0.0369  gain=+0.0000  |dz|=0.090  11.6 it/s
step   2600  L=0.1895  src=0.1123  tgt=0.0386  trans=0.0386  gain=+0.0000  |dz|=0.075  11.6 it/s
step   2650  L=0.1185  src=0.0429  tgt=0.0378  trans=0.0377  gain=+0.0001  |dz|=0.090  11.6 it/s
step   2700  L=0.1624  src=0.1029  tgt=0.0297  trans=0.0297  gain=+0.0000  |dz|=0.075  11.6 it/s
step   2750  L=0.1504  src=0.0680  tgt=0.0412  trans=0.0412  gain=-0.0000  |dz|=0.076  11.6 it/s
step   2800  L=0.1321  src=0.0960  tgt=0.0180  trans=0.0180  gain=-0.0000  |dz|=0.090  11.6 it/s
step   2850  L=0.3012  src=0.0436  tgt=0.1288  trans=0.1288  gain=+0.0000  |dz|=0.076  11.6 it/s
step   2900  L=0.1062  src=0.0404  tgt=0.0330  trans=0.0327  gain=+0.0003  |dz|=0.090  11.6 it/s
step   2950  L=0.4355  src=0.0633  tgt=0.1862  trans=0.1859  gain=+0.0003  |dz|=0.076  11.6 it/s
step   3000  L=0.1779  src=0.1095  tgt=0.0342  trans=0.0341  gain=+0.0001  |dz|=0.092  11.6 it/s
step   3050  L=0.5078  src=0.0495  tgt=0.2291  trans=0.2291  gain=+0.0000  |dz|=0.077  11.6 it/s
step   3100  L=0.1490  src=0.0973  tgt=0.0258  trans=0.0258  gain=+0.0000  |dz|=0.075  11.6 it/s
step   3150  L=0.1090  src=0.0453  tgt=0.0318  trans=0.0318  gain=-0.0000  |dz|=0.077  11.6 it/s
step   3200  L=0.1766  src=0.0814  tgt=0.0476  trans=0.0476  gain=+0.0000  |dz|=0.077  11.6 it/s
step   3250  L=0.1270  src=0.0658  tgt=0.0306  trans=0.0305  gain=+0.0001  |dz|=0.078  11.6 it/s
step   3300  L=0.4039  src=0.0531  tgt=0.1755  trans=0.1753  gain=+0.0003  |dz|=0.083  11.6 it/s
step   3350  L=0.2066  src=0.0341  tgt=0.0862  trans=0.0863  gain=-0.0001  |dz|=0.082  11.6 it/s
step   3400  L=0.0959  src=0.0466  tgt=0.0246  trans=0.0246  gain=+0.0000  |dz|=0.093  11.6 it/s
step   3450  L=0.0916  src=0.0394  tgt=0.0261  trans=0.0261  gain=+0.0001  |dz|=0.081  11.6 it/s
step   3500  L=0.1460  src=0.0723  tgt=0.0369  trans=0.0368  gain=+0.0001  |dz|=0.081  11.6 it/s
step   3550  L=0.4286  src=0.0713  tgt=0.1785  trans=0.1787  gain=-0.0002  |dz|=0.086  11.6 it/s
step   3600  L=0.1195  src=0.0388  tgt=0.0403  trans=0.0404  gain=-0.0000  |dz|=0.096  11.6 it/s
step   3650  L=0.1191  src=0.0601  tgt=0.0296  trans=0.0294  gain=+0.0001  |dz|=0.094  11.6 it/s
step   3700  L=0.3245  src=0.0655  tgt=0.1295  trans=0.1295  gain=+0.0000  |dz|=0.088  11.6 it/s
step   3750  L=0.1051  src=0.0578  tgt=0.0236  trans=0.0237  gain=-0.0001  |dz|=0.095  11.6 it/s
step   3800  L=0.3313  src=0.0770  tgt=0.1271  trans=0.1272  gain=-0.0001  |dz|=0.085  11.6 it/s
step   3850  L=0.1244  src=0.0360  tgt=0.0442  trans=0.0442  gain=-0.0001  |dz|=0.085  11.6 it/s
step   3900  L=0.1622  src=0.0666  tgt=0.0478  trans=0.0478  gain=+0.0000  |dz|=0.083  11.6 it/s
step   3950  L=0.3254  src=0.0535  tgt=0.1359  trans=0.1359  gain=-0.0000  |dz|=0.086  11.6 it/s
step   4000  L=0.1201  src=0.0572  tgt=0.0314  trans=0.0314  gain=+0.0000  |dz|=0.085  11.6 it/s
  [diagnostics @ 4000] loss_correct=0.0671  loss_zero=0.1110  loss_shuffled=0.0674  loss_random=0.1130  loss_target_only=0.0671  loss_mean_z=0.0689  r_basis=0.2700  |dz_transport|=0.0820  z_s_vs_enc_rel=0.1313  z_spread_rel=0.1182  gain_vs_zero=0.0439  gain_vs_shuffled=0.0003  gain_vs_target_only=0.0001  gain_vs_mean_z=0.0019  delta_task=0.0019  z_center_norm=0.3526  task_specific_frac=0.0428
    ⚠ gain_vs_zero=0.0439 looks healthy but only 4.3% of it is task-specific: one shared mean coordinate does just as well, so the basis is a constant offset, not adaptation
step   4050  L=0.1487  src=0.0509  tgt=0.0488  trans=0.0489  gain=-0.0001  |dz|=0.095  11.5 it/s
step   4100  L=0.1317  src=0.0616  tgt=0.0351  trans=0.0351  gain=-0.0000  |dz|=0.096  11.5 it/s
step   4150  L=0.0946  src=0.0514  tgt=0.0216  trans=0.0215  gain=+0.0000  |dz|=0.096  11.5 it/s
step   4200  L=0.3874  src=0.0526  tgt=0.1675  trans=0.1673  gain=+0.0001  |dz|=0.091  11.5 it/s
step   4250  L=0.0933  src=0.0373  tgt=0.0280  trans=0.0279  gain=+0.0001  |dz|=0.094  11.5 it/s
step   4300  L=0.3439  src=0.0520  tgt=0.1459  trans=0.1459  gain=+0.0000  |dz|=0.088  11.5 it/s
step   4350  L=0.1116  src=0.0511  tgt=0.0303  trans=0.0302  gain=+0.0001  |dz|=0.091  11.5 it/s
step   4400  L=0.1365  src=0.0678  tgt=0.0343  trans=0.0343  gain=+0.0000  |dz|=0.093  11.5 it/s
step   4450  L=0.0898  src=0.0537  tgt=0.0181  trans=0.0181  gain=-0.0000  |dz|=0.087  11.5 it/s
step   4500  L=0.1403  src=0.0901  tgt=0.0251  trans=0.0251  gain=+0.0001  |dz|=0.094  11.5 it/s
step   4550  L=0.1743  src=0.0776  tgt=0.0483  trans=0.0483  gain=+0.0001  |dz|=0.093  11.6 it/s
step   4600  L=0.1391  src=0.0604  tgt=0.0393  trans=0.0394  gain=-0.0001  |dz|=0.086  11.6 it/s
step   4650  L=0.2523  src=0.0619  tgt=0.0953  trans=0.0951  gain=+0.0002  |dz|=0.096  11.6 it/s
step   4700  L=0.1381  src=0.0688  tgt=0.0346  trans=0.0346  gain=-0.0000  |dz|=0.087  11.6 it/s
step   4750  L=0.1856  src=0.0434  tgt=0.0711  trans=0.0711  gain=-0.0000  |dz|=0.088  11.6 it/s
step   4800  L=0.3799  src=0.0393  tgt=0.1703  trans=0.1703  gain=+0.0001  |dz|=0.098  11.6 it/s
step   4850  L=0.1099  src=0.0438  tgt=0.0331  trans=0.0330  gain=+0.0000  |dz|=0.091  11.6 it/s
step   4900  L=0.5060  src=0.0800  tgt=0.2130  trans=0.2130  gain=-0.0000  |dz|=0.097  11.6 it/s
step   4950  L=0.1297  src=0.0813  tgt=0.0242  trans=0.0241  gain=+0.0001  |dz|=0.093  11.6 it/s
step   5000  L=0.3454  src=0.0450  tgt=0.1502  trans=0.1502  gain=+0.0000  |dz|=0.105  11.6 it/s
step   5050  L=0.0983  src=0.0603  tgt=0.0191  trans=0.0189  gain=+0.0001  |dz|=0.093  11.6 it/s
step   5100  L=0.0896  src=0.0486  tgt=0.0205  trans=0.0205  gain=+0.0000  |dz|=0.096  11.6 it/s
step   5150  L=0.5019  src=0.0710  tgt=0.2155  trans=0.2154  gain=+0.0001  |dz|=0.108  11.6 it/s
step   5200  L=0.1294  src=0.0734  tgt=0.0279  trans=0.0281  gain=-0.0002  |dz|=0.094  11.6 it/s
step   5250  L=0.4203  src=0.0536  tgt=0.1834  trans=0.1833  gain=+0.0001  |dz|=0.109  11.6 it/s
step   5300  L=0.5473  src=0.0665  tgt=0.2406  trans=0.2402  gain=+0.0004  |dz|=0.109  11.6 it/s
step   5350  L=0.2000  src=0.1054  tgt=0.0473  trans=0.0473  gain=+0.0000  |dz|=0.091  11.6 it/s
step   5400  L=0.1398  src=0.0793  tgt=0.0302  trans=0.0302  gain=-0.0000  |dz|=0.090  11.6 it/s
step   5450  L=0.4243  src=0.0456  tgt=0.1894  trans=0.1893  gain=+0.0001  |dz|=0.114  11.6 it/s
step   5500  L=0.1256  src=0.0640  tgt=0.0309  trans=0.0308  gain=+0.0000  |dz|=0.092  11.6 it/s
step   5550  L=0.0907  src=0.0452  tgt=0.0228  trans=0.0228  gain=-0.0000  |dz|=0.091  11.6 it/s
step   5600  L=0.1332  src=0.0490  tgt=0.0421  trans=0.0421  gain=-0.0000  |dz|=0.091  11.6 it/s
step   5650  L=0.1736  src=0.0842  tgt=0.0447  trans=0.0447  gain=+0.0000  |dz|=0.092  11.6 it/s
step   5700  L=0.1310  src=0.0655  tgt=0.0329  trans=0.0326  gain=+0.0003  |dz|=0.093  11.6 it/s
step   5750  L=0.1292  src=0.0535  tgt=0.0379  trans=0.0378  gain=+0.0001  |dz|=0.091  11.6 it/s
step   5800  L=0.4170  src=0.0714  tgt=0.1729  trans=0.1728  gain=+0.0001  |dz|=0.122  11.6 it/s
step   5850  L=0.0617  src=0.0325  tgt=0.0146  trans=0.0146  gain=+0.0000  |dz|=0.093  11.6 it/s
step   5900  L=0.1186  src=0.0746  tgt=0.0220  trans=0.0220  gain=-0.0000  |dz|=0.094  11.6 it/s
step   5950  L=0.2841  src=0.0513  tgt=0.1164  trans=0.1164  gain=+0.0001  |dz|=0.122  11.6 it/s
step   6000  L=0.0857  src=0.0410  tgt=0.0223  trans=0.0223  gain=-0.0000  |dz|=0.095  11.6 it/s
  [diagnostics @ 6000] loss_correct=0.0867  loss_zero=0.1068  loss_shuffled=0.0870  loss_random=0.1082  loss_target_only=0.0867  loss_mean_z=0.0873  r_basis=0.1726  |dz_transport|=0.0959  z_s_vs_enc_rel=0.2798  z_spread_rel=0.3150  gain_vs_zero=0.0201  gain_vs_shuffled=0.0003  gain_vs_target_only=0.0000  gain_vs_mean_z=0.0006  delta_task=0.0006  z_center_norm=0.2308  task_specific_frac=0.0276
    ⚠ gain_vs_zero=0.0201 looks healthy but only 2.8% of it is task-specific: one shared mean coordinate does just as well, so the basis is a constant offset, not adaptation
step   6050  L=0.3516  src=0.0865  tgt=0.1326  trans=0.1326  gain=-0.0000  |dz|=0.121  11.5 it/s
step   6100  L=0.4066  src=0.0699  tgt=0.1683  trans=0.1683  gain=+0.0000  |dz|=0.123  11.5 it/s
step   6150  L=0.0923  src=0.0401  tgt=0.0261  trans=0.0261  gain=+0.0000  |dz|=0.094  11.5 it/s
step   6200  L=0.0728  src=0.0302  tgt=0.0212  trans=0.0213  gain=-0.0001  |dz|=0.093  11.5 it/s
step   6250  L=0.3990  src=0.0648  tgt=0.1674  trans=0.1669  gain=+0.0005  |dz|=0.124  11.5 it/s
step   6300  L=0.1073  src=0.0617  tgt=0.0229  trans=0.0228  gain=+0.0000  |dz|=0.095  11.5 it/s
step   6350  L=0.6208  src=0.0567  tgt=0.2821  trans=0.2820  gain=+0.0001  |dz|=0.127  11.5 it/s
step   6400  L=0.1329  src=0.0647  tgt=0.0341  trans=0.0341  gain=-0.0000  |dz|=0.091  11.5 it/s
step   6450  L=0.2030  src=0.0745  tgt=0.0643  trans=0.0642  gain=+0.0001  |dz|=0.091  11.5 it/s
step   6500  L=0.3007  src=0.0356  tgt=0.1326  trans=0.1325  gain=+0.0000  |dz|=0.127  11.5 it/s
step   6550  L=0.0770  src=0.0298  tgt=0.0236  trans=0.0236  gain=-0.0000  |dz|=0.089  11.6 it/s
step   6600  L=0.2589  src=0.0601  tgt=0.0994  trans=0.0993  gain=+0.0001  |dz|=0.128  11.6 it/s
step   6650  L=0.1225  src=0.0545  tgt=0.0340  trans=0.0340  gain=+0.0001  |dz|=0.098  11.6 it/s
step   6700  L=0.1008  src=0.0557  tgt=0.0226  trans=0.0225  gain=+0.0000  |dz|=0.092  11.6 it/s
step   6750  L=0.0790  src=0.0325  tgt=0.0233  trans=0.0233  gain=-0.0000  |dz|=0.098  11.6 it/s
step   6800  L=0.1362  src=0.0603  tgt=0.0378  trans=0.0381  gain=-0.0003  |dz|=0.097  11.6 it/s
step   6850  L=0.1575  src=0.0633  tgt=0.0471  trans=0.0471  gain=-0.0000  |dz|=0.090  11.6 it/s
step   6900  L=0.1038  src=0.0517  tgt=0.0261  trans=0.0260  gain=+0.0001  |dz|=0.091  11.6 it/s
step   6950  L=0.1351  src=0.0717  tgt=0.0317  trans=0.0317  gain=+0.0000  |dz|=0.101  11.6 it/s
step   7000  L=0.1539  src=0.0896  tgt=0.0322  trans=0.0321  gain=+0.0000  |dz|=0.100  11.6 it/s
step   7050  L=0.1158  src=0.0559  tgt=0.0300  trans=0.0300  gain=+0.0000  |dz|=0.092  11.6 it/s
step   7100  L=0.1319  src=0.0647  tgt=0.0336  trans=0.0336  gain=+0.0000  |dz|=0.094  11.6 it/s
step   7150  L=0.1217  src=0.0501  tgt=0.0358  trans=0.0358  gain=+0.0000  |dz|=0.100  11.6 it/s
step   7200  L=0.1106  src=0.0658  tgt=0.0224  trans=0.0224  gain=+0.0000  |dz|=0.099  11.6 it/s
step   7250  L=0.1108  src=0.0551  tgt=0.0278  trans=0.0278  gain=-0.0000  |dz|=0.095  11.6 it/s
step   7300  L=0.0759  src=0.0406  tgt=0.0176  trans=0.0176  gain=-0.0000  |dz|=0.095  11.6 it/s
step   7350  L=0.4796  src=0.0760  tgt=0.2018  trans=0.2018  gain=-0.0000  |dz|=0.151  11.6 it/s
step   7400  L=0.1238  src=0.0780  tgt=0.0227  trans=0.0230  gain=-0.0002  |dz|=0.095  11.6 it/s
step   7450  L=0.1166  src=0.0487  tgt=0.0340  trans=0.0339  gain=+0.0000  |dz|=0.099  11.6 it/s
step   7500  L=0.1402  src=0.0651  tgt=0.0375  trans=0.0375  gain=-0.0000  |dz|=0.099  11.6 it/s
step   7550  L=0.1289  src=0.0589  tgt=0.0350  trans=0.0350  gain=-0.0000  |dz|=0.097  11.6 it/s
step   7600  L=0.4093  src=0.0742  tgt=0.1676  trans=0.1676  gain=+0.0000  |dz|=0.164  11.6 it/s
step   7650  L=0.1105  src=0.0429  tgt=0.0338  trans=0.0338  gain=-0.0000  |dz|=0.099  11.6 it/s
step   7700  L=0.3050  src=0.0483  tgt=0.1284  trans=0.1283  gain=+0.0001  |dz|=0.158  11.6 it/s
step   7750  L=0.1340  src=0.0710  tgt=0.0315  trans=0.0315  gain=+0.0000  |dz|=0.100  11.6 it/s
step   7800  L=0.1451  src=0.0873  tgt=0.0290  trans=0.0289  gain=+0.0001  |dz|=0.092  11.6 it/s
step   7850  L=0.1002  src=0.0567  tgt=0.0217  trans=0.0217  gain=+0.0000  |dz|=0.101  11.6 it/s
step   7900  L=0.3413  src=0.0522  tgt=0.1445  trans=0.1446  gain=-0.0001  |dz|=0.159  11.6 it/s
step   7950  L=0.1216  src=0.0365  tgt=0.0426  trans=0.0426  gain=+0.0000  |dz|=0.093  11.6 it/s
step   8000  L=0.4143  src=0.0440  tgt=0.1851  trans=0.1852  gain=-0.0001  |dz|=0.161  11.6 it/s
  [diagnostics @ 8000] loss_correct=0.0965  loss_zero=0.1058  loss_shuffled=0.0970  loss_random=0.1066  loss_target_only=0.0965  loss_mean_z=0.0969  r_basis=0.1104  |dz_transport|=0.1196  z_s_vs_enc_rel=0.6053  z_spread_rel=0.5606  gain_vs_zero=0.0093  gain_vs_shuffled=0.0005  gain_vs_target_only=0.0000  gain_vs_mean_z=0.0004  delta_task=0.0004  z_center_norm=0.1570  task_specific_frac=0.0405
    ⚠ gain_vs_zero=0.0093 looks healthy but only 4.1% of it is task-specific: one shared mean coordinate does just as well, so the basis is a constant offset, not adaptation
step   8050  L=0.3513  src=0.0338  tgt=0.1588  trans=0.1587  gain=+0.0000  |dz|=0.159  11.5 it/s
step   8100  L=0.5185  src=0.0587  tgt=0.2299  trans=0.2299  gain=-0.0000  |dz|=0.157  11.5 it/s
step   8150  L=0.0915  src=0.0569  tgt=0.0173  trans=0.0173  gain=-0.0000  |dz|=0.091  11.5 it/s
step   8200  L=0.1937  src=0.0553  tgt=0.0692  trans=0.0691  gain=+0.0001  |dz|=0.093  11.5 it/s
step   8250  L=0.1173  src=0.0712  tgt=0.0231  trans=0.0230  gain=+0.0000  |dz|=0.095  11.5 it/s
step   8300  L=0.4705  src=0.0585  tgt=0.2060  trans=0.2060  gain=+0.0000  |dz|=0.156  11.6 it/s
step   8350  L=0.4118  src=0.0614  tgt=0.1752  trans=0.1752  gain=+0.0000  |dz|=0.154  11.6 it/s
step   8400  L=0.0900  src=0.0461  tgt=0.0220  trans=0.0220  gain=+0.0000  |dz|=0.103  11.6 it/s
step   8450  L=0.0880  src=0.0454  tgt=0.0213  trans=0.0213  gain=+0.0000  |dz|=0.096  11.6 it/s
step   8500  L=0.1661  src=0.0699  tgt=0.0481  trans=0.0481  gain=-0.0000  |dz|=0.098  11.6 it/s
step   8550  L=0.1410  src=0.0787  tgt=0.0311  trans=0.0311  gain=-0.0000  |dz|=0.096  11.6 it/s
step   8600  L=0.1024  src=0.0374  tgt=0.0325  trans=0.0325  gain=+0.0000  |dz|=0.104  11.6 it/s
step   8650  L=0.4484  src=0.0750  tgt=0.1868  trans=0.1867  gain=+0.0000  |dz|=0.157  11.6 it/s
step   8700  L=0.1207  src=0.0619  tgt=0.0294  trans=0.0294  gain=+0.0000  |dz|=0.104  11.6 it/s
step   8750  L=0.1037  src=0.0639  tgt=0.0198  trans=0.0199  gain=-0.0000  |dz|=0.100  11.6 it/s
step   8800  L=0.2522  src=0.0477  tgt=0.1022  trans=0.1022  gain=+0.0000  |dz|=0.143  11.6 it/s
step   8850  L=0.4406  src=0.0607  tgt=0.1899  trans=0.1899  gain=+0.0000  |dz|=0.143  11.6 it/s
step   8900  L=0.0893  src=0.0454  tgt=0.0220  trans=0.0219  gain=+0.0000  |dz|=0.089  11.6 it/s
step   8950  L=0.5117  src=0.0658  tgt=0.2230  trans=0.2229  gain=+0.0000  |dz|=0.148  11.6 it/s
step   9000  L=0.1128  src=0.0618  tgt=0.0255  trans=0.0254  gain=+0.0000  |dz|=0.090  11.6 it/s
step   9050  L=0.1093  src=0.0691  tgt=0.0201  trans=0.0201  gain=-0.0000  |dz|=0.093  11.6 it/s
step   9100  L=0.3943  src=0.0421  tgt=0.1761  trans=0.1761  gain=-0.0000  |dz|=0.144  11.6 it/s
step   9150  L=0.0788  src=0.0432  tgt=0.0178  trans=0.0178  gain=+0.0000  |dz|=0.092  11.6 it/s
step   9200  L=0.3510  src=0.0409  tgt=0.1544  trans=0.1556  gain=-0.0012  |dz|=0.165  11.6 it/s
step   9250  L=0.1391  src=0.0890  tgt=0.0250  trans=0.0250  gain=+0.0000  |dz|=0.091  11.6 it/s
step   9300  L=0.2860  src=0.0868  tgt=0.0996  trans=0.0996  gain=+0.0000  |dz|=0.183  11.6 it/s
step   9350  L=0.0791  src=0.0470  tgt=0.0161  trans=0.0160  gain=+0.0001  |dz|=0.090  11.6 it/s
step   9400  L=0.3067  src=0.0363  tgt=0.1352  trans=0.1352  gain=-0.0000  |dz|=0.173  11.6 it/s
step   9450  L=0.2303  src=0.0501  tgt=0.0901  trans=0.0901  gain=+0.0000  |dz|=0.162  11.6 it/s
step   9500  L=0.1516  src=0.0783  tgt=0.0367  trans=0.0366  gain=+0.0001  |dz|=0.093  11.6 it/s
step   9550  L=0.0940  src=0.0414  tgt=0.0263  trans=0.0263  gain=-0.0000  |dz|=0.090  11.6 it/s
step   9600  L=0.0925  src=0.0388  tgt=0.0268  trans=0.0268  gain=+0.0000  |dz|=0.094  11.6 it/s
step   9650  L=0.1296  src=0.0685  tgt=0.0306  trans=0.0305  gain=+0.0000  |dz|=0.101  11.6 it/s
step   9700  L=0.5594  src=0.0582  tgt=0.2507  trans=0.2506  gain=+0.0001  |dz|=0.164  11.6 it/s
step   9750  L=0.3886  src=0.0416  tgt=0.1735  trans=0.1734  gain=+0.0000  |dz|=0.159  11.6 it/s
step   9800  L=0.5131  src=0.0755  tgt=0.2190  trans=0.2187  gain=+0.0003  |dz|=0.156  11.6 it/s
step   9850  L=0.0939  src=0.0490  tgt=0.0225  trans=0.0225  gain=-0.0000  |dz|=0.101  11.6 it/s
step   9900  L=0.1434  src=0.0820  tgt=0.0307  trans=0.0307  gain=+0.0000  |dz|=0.091  11.6 it/s
step   9950  L=0.0707  src=0.0226  tgt=0.0241  trans=0.0240  gain=+0.0001  |dz|=0.089  11.6 it/s
step  10000  L=0.4827  src=0.0656  tgt=0.2086  trans=0.2086  gain=+0.0000  |dz|=0.145  11.6 it/s
  [diagnostics @ 10000] loss_correct=0.0862  loss_zero=0.0909  loss_shuffled=0.0867  loss_random=0.0914  loss_target_only=0.0862  loss_mean_z=0.0867  r_basis=0.0768  |dz_transport|=0.1219  z_s_vs_enc_rel=0.7521  z_spread_rel=0.7211  gain_vs_zero=0.0047  gain_vs_shuffled=0.0006  gain_vs_target_only=0.0000  gain_vs_mean_z=0.0005  delta_task=0.0005  z_center_norm=0.1098  task_specific_frac=0.1077
  saved C:\T1D Meta Learning\code\python\meta-diffusion\experiments\linear_transport_replacement_2026-09-24\work\checkpoints\cifar_train50_basis_k16_step10000.pt
step  10050  L=0.1152  src=0.0502  tgt=0.0324  trans=0.0325  gain=-0.0000  |dz|=0.093  11.5 it/s
step  10100  L=0.1041  src=0.0412  tgt=0.0314  trans=0.0314  gain=-0.0000  |dz|=0.091  11.5 it/s
step  10150  L=0.2996  src=0.0469  tgt=0.1263  trans=0.1263  gain=+0.0000  |dz|=0.140  11.5 it/s
step  10200  L=0.0660  src=0.0256  tgt=0.0202  trans=0.0202  gain=-0.0000  |dz|=0.096  11.5 it/s
step  10250  L=0.3752  src=0.0806  tgt=0.1473  trans=0.1473  gain=+0.0000  |dz|=0.139  11.5 it/s
step  10300  L=0.1523  src=0.0761  tgt=0.0381  trans=0.0381  gain=+0.0000  |dz|=0.099  11.5 it/s
step  10350  L=0.4721  src=0.0730  tgt=0.1995  trans=0.1995  gain=+0.0000  |dz|=0.167  11.5 it/s
step  10400  L=0.1369  src=0.0703  tgt=0.0334  trans=0.0333  gain=+0.0001  |dz|=0.092  11.6 it/s
step  10450  L=0.3869  src=0.0738  tgt=0.1566  trans=0.1566  gain=-0.0000  |dz|=0.151  11.6 it/s
step  10500  L=0.1145  src=0.0568  tgt=0.0288  trans=0.0288  gain=-0.0000  |dz|=0.088  11.6 it/s
step  10550  L=0.1634  src=0.0917  tgt=0.0359  trans=0.0358  gain=+0.0001  |dz|=0.086  11.6 it/s
step  10600  L=0.0837  src=0.0322  tgt=0.0258  trans=0.0258  gain=+0.0000  |dz|=0.088  11.6 it/s
step  10650  L=0.1495  src=0.0905  tgt=0.0295  trans=0.0295  gain=+0.0000  |dz|=0.096  11.6 it/s
step  10700  L=0.1812  src=0.0847  tgt=0.0482  trans=0.0483  gain=-0.0000  |dz|=0.089  11.6 it/s
step  10750  L=0.1488  src=0.0747  tgt=0.0371  trans=0.0370  gain=+0.0000  |dz|=0.099  11.6 it/s
step  10800  L=0.3619  src=0.0396  tgt=0.1612  trans=0.1611  gain=+0.0002  |dz|=0.147  11.6 it/s
step  10850  L=0.0750  src=0.0173  tgt=0.0288  trans=0.0288  gain=+0.0000  |dz|=0.088  11.6 it/s
step  10900  L=0.1120  src=0.0541  tgt=0.0289  trans=0.0289  gain=-0.0000  |dz|=0.088  11.6 it/s
step  10950  L=0.3128  src=0.0623  tgt=0.1253  trans=0.1253  gain=+0.0000  |dz|=0.144  11.6 it/s
step  11000  L=0.1051  src=0.0572  tgt=0.0240  trans=0.0239  gain=+0.0001  |dz|=0.088  11.6 it/s
step  11050  L=0.1133  src=0.0558  tgt=0.0288  trans=0.0288  gain=-0.0000  |dz|=0.088  11.6 it/s
step  11100  L=0.4352  src=0.0454  tgt=0.1949  trans=0.1949  gain=-0.0000  |dz|=0.143  11.6 it/s
step  11150  L=0.1238  src=0.0717  tgt=0.0261  trans=0.0260  gain=+0.0000  |dz|=0.100  11.6 it/s
step  11200  L=0.1415  src=0.0561  tgt=0.0427  trans=0.0427  gain=+0.0000  |dz|=0.085  11.6 it/s
step  11250  L=0.4591  src=0.0438  tgt=0.2077  trans=0.2076  gain=+0.0001  |dz|=0.135  11.6 it/s
step  11300  L=0.4859  src=0.0366  tgt=0.2246  trans=0.2246  gain=+0.0000  |dz|=0.134  11.6 it/s
step  11350  L=0.0996  src=0.0566  tgt=0.0216  trans=0.0215  gain=+0.0000  |dz|=0.104  11.6 it/s
step  11400  L=0.4532  src=0.0676  tgt=0.1928  trans=0.1928  gain=+0.0001  |dz|=0.135  11.6 it/s
step  11450  L=0.4844  src=0.0855  tgt=0.1994  trans=0.1995  gain=-0.0001  |dz|=0.131  11.6 it/s
step  11500  L=0.1737  src=0.0571  tgt=0.0583  trans=0.0583  gain=+0.0000  |dz|=0.089  11.6 it/s
step  11550  L=0.1298  src=0.0574  tgt=0.0362  trans=0.0362  gain=-0.0000  |dz|=0.087  11.6 it/s
step  11600  L=0.2621  src=0.0367  tgt=0.1127  trans=0.1127  gain=+0.0001  |dz|=0.135  11.6 it/s
step  11650  L=0.2722  src=0.0504  tgt=0.1110  trans=0.1109  gain=+0.0001  |dz|=0.139  11.6 it/s
step  11700  L=0.4907  src=0.0984  tgt=0.1962  trans=0.1961  gain=+0.0000  |dz|=0.137  11.6 it/s
step  11750  L=0.0931  src=0.0396  tgt=0.0268  trans=0.0267  gain=+0.0000  |dz|=0.086  11.6 it/s
step  11800  L=0.1343  src=0.0753  tgt=0.0295  trans=0.0294  gain=+0.0001  |dz|=0.099  11.6 it/s
step  11850  L=0.0945  src=0.0570  tgt=0.0188  trans=0.0188  gain=+0.0000  |dz|=0.081  11.6 it/s
step  11900  L=0.3126  src=0.0325  tgt=0.1401  trans=0.1400  gain=+0.0000  |dz|=0.126  11.6 it/s
step  11950  L=0.3760  src=0.0281  tgt=0.1740  trans=0.1739  gain=+0.0000  |dz|=0.126  11.6 it/s
step  12000  L=0.0893  src=0.0599  tgt=0.0147  trans=0.0146  gain=+0.0001  |dz|=0.095  11.6 it/s
  [diagnostics @ 12000] loss_correct=0.0480  loss_zero=0.0514  loss_shuffled=0.0486  loss_random=0.0518  loss_target_only=0.0481  loss_mean_z=0.0484  r_basis=0.0612  |dz_transport|=0.0995  z_s_vs_enc_rel=0.8112  z_spread_rel=0.5969  gain_vs_zero=0.0034  gain_vs_shuffled=0.0006  gain_vs_target_only=0.0000  gain_vs_mean_z=0.0004  delta_task=0.0004  z_center_norm=0.0762  task_specific_frac=0.1202
step  12050  L=0.0834  src=0.0513  tgt=0.0161  trans=0.0161  gain=+0.0000  |dz|=0.099  11.5 it/s
step  12100  L=0.1483  src=0.0958  tgt=0.0263  trans=0.0263  gain=-0.0000  |dz|=0.084  11.5 it/s
step  12150  L=0.0837  src=0.0328  tgt=0.0255  trans=0.0255  gain=+0.0000  |dz|=0.083  11.5 it/s
step  12200  L=0.5586  src=0.0314  tgt=0.2636  trans=0.2636  gain=-0.0000  |dz|=0.147  11.5 it/s
step  12250  L=0.1264  src=0.0501  tgt=0.0381  trans=0.0381  gain=-0.0000  |dz|=0.099  11.5 it/s
step  12300  L=0.4922  src=0.0776  tgt=0.2073  trans=0.2073  gain=-0.0000  |dz|=0.145  11.6 it/s
step  12350  L=0.1097  src=0.0597  tgt=0.0250  trans=0.0250  gain=-0.0000  |dz|=0.098  11.6 it/s
step  12400  L=0.1161  src=0.0806  tgt=0.0178  trans=0.0178  gain=-0.0000  |dz|=0.099  11.6 it/s
step  12450  L=0.1224  src=0.0402  tgt=0.0411  trans=0.0410  gain=+0.0001  |dz|=0.098  11.6 it/s
step  12500  L=0.1070  src=0.0652  tgt=0.0209  trans=0.0209  gain=+0.0000  |dz|=0.085  11.6 it/s
step  12550  L=0.2028  src=0.0406  tgt=0.0811  trans=0.0811  gain=+0.0000  |dz|=0.137  11.6 it/s
step  12600  L=0.1006  src=0.0604  tgt=0.0201  trans=0.0201  gain=-0.0000  |dz|=0.078  11.6 it/s
step  12650  L=0.1595  src=0.1169  tgt=0.0213  trans=0.0213  gain=+0.0000  |dz|=0.079  11.6 it/s
step  12700  L=0.0835  src=0.0317  tgt=0.0260  trans=0.0259  gain=+0.0001  |dz|=0.080  11.6 it/s
step  12750  L=0.1556  src=0.0926  tgt=0.0315  trans=0.0315  gain=-0.0000  |dz|=0.083  11.6 it/s
step  12800  L=0.1296  src=0.0920  tgt=0.0188  trans=0.0188  gain=+0.0000  |dz|=0.096  11.6 it/s
step  12850  L=0.4126  src=0.0599  tgt=0.1764  trans=0.1762  gain=+0.0002  |dz|=0.126  11.6 it/s
step  12900  L=0.1387  src=0.0468  tgt=0.0460  trans=0.0460  gain=+0.0000  |dz|=0.101  11.6 it/s
step  12950  L=0.1150  src=0.0501  tgt=0.0324  trans=0.0324  gain=+0.0000  |dz|=0.101  11.6 it/s
step  13000  L=0.1076  src=0.0640  tgt=0.0218  trans=0.0218  gain=+0.0000  |dz|=0.080  11.6 it/s
step  13050  L=0.0938  src=0.0490  tgt=0.0224  trans=0.0224  gain=+0.0000  |dz|=0.080  11.6 it/s
step  13100  L=0.1016  src=0.0644  tgt=0.0186  trans=0.0186  gain=+0.0000  |dz|=0.101  11.6 it/s
step  13150  L=0.2666  src=0.0440  tgt=0.1114  trans=0.1112  gain=+0.0001  |dz|=0.127  11.6 it/s
step  13200  L=0.4202  src=0.0576  tgt=0.1814  trans=0.1813  gain=+0.0001  |dz|=0.126  11.6 it/s
step  13250  L=0.3733  src=0.0714  tgt=0.1509  trans=0.1510  gain=-0.0001  |dz|=0.126  11.6 it/s
step  13300  L=0.3732  src=0.0801  tgt=0.1466  trans=0.1465  gain=+0.0000  |dz|=0.125  11.6 it/s
step  13350  L=0.1083  src=0.0526  tgt=0.0279  trans=0.0278  gain=+0.0000  |dz|=0.102  11.6 it/s
step  13400  L=0.1304  src=0.0460  tgt=0.0423  trans=0.0421  gain=+0.0001  |dz|=0.102  11.6 it/s
step  13450  L=0.0919  src=0.0471  tgt=0.0224  trans=0.0224  gain=-0.0001  |dz|=0.100  11.6 it/s
step  13500  L=0.1281  src=0.0522  tgt=0.0381  trans=0.0379  gain=+0.0002  |dz|=0.074  11.6 it/s
step  13550  L=0.1042  src=0.0549  tgt=0.0246  trans=0.0246  gain=+0.0000  |dz|=0.078  11.6 it/s
step  13600  L=0.0757  src=0.0309  tgt=0.0224  trans=0.0224  gain=-0.0000  |dz|=0.077  11.6 it/s
step  13650  L=0.5279  src=0.0851  tgt=0.2215  trans=0.2213  gain=+0.0003  |dz|=0.151  11.6 it/s
step  13700  L=0.1096  src=0.0564  tgt=0.0266  trans=0.0266  gain=+0.0000  |dz|=0.104  11.6 it/s
step  13750  L=0.4401  src=0.1164  tgt=0.1618  trans=0.1619  gain=-0.0000  |dz|=0.146  11.6 it/s
step  13800  L=0.3005  src=0.0510  tgt=0.1248  trans=0.1248  gain=-0.0000  |dz|=0.140  11.6 it/s
step  13850  L=0.0924  src=0.0338  tgt=0.0294  trans=0.0293  gain=+0.0000  |dz|=0.077  11.6 it/s
step  13900  L=0.1955  src=0.0782  tgt=0.0587  trans=0.0586  gain=+0.0001  |dz|=0.102  11.6 it/s
step  13950  L=0.0733  src=0.0306  tgt=0.0214  trans=0.0213  gain=+0.0000  |dz|=0.070  11.6 it/s
step  14000  L=0.1129  src=0.0453  tgt=0.0338  trans=0.0338  gain=+0.0000  |dz|=0.107  11.6 it/s
  [diagnostics @ 14000] loss_correct=0.0760  loss_zero=0.0775  loss_shuffled=0.0778  loss_random=0.0778  loss_target_only=0.0760  loss_mean_z=0.0768  r_basis=0.0378  |dz_transport|=0.1067  z_s_vs_enc_rel=1.0776  z_spread_rel=0.9708  gain_vs_zero=0.0015  gain_vs_shuffled=0.0018  gain_vs_target_only=0.0000  gain_vs_mean_z=0.0008  delta_task=0.0008  z_center_norm=0.0624  task_specific_frac=0.5318
step  14050  L=0.0754  src=0.0287  tgt=0.0233  trans=0.0234  gain=-0.0000  |dz|=0.074  11.5 it/s
step  14100  L=0.0765  src=0.0360  tgt=0.0203  trans=0.0203  gain=+0.0000  |dz|=0.106  11.5 it/s
step  14150  L=0.1252  src=0.0659  tgt=0.0297  trans=0.0296  gain=+0.0000  |dz|=0.076  11.5 it/s
step  14200  L=0.4334  src=0.0694  tgt=0.1821  trans=0.1819  gain=+0.0002  |dz|=0.129  11.6 it/s
step  14250  L=0.1147  src=0.0619  tgt=0.0264  trans=0.0264  gain=+0.0000  |dz|=0.071  11.6 it/s
step  14300  L=0.3852  src=0.0260  tgt=0.1797  trans=0.1795  gain=+0.0002  |dz|=0.129  11.6 it/s
step  14350  L=0.1291  src=0.0705  tgt=0.0293  trans=0.0293  gain=+0.0000  |dz|=0.101  11.6 it/s
step  14400  L=0.3077  src=0.0487  tgt=0.1295  trans=0.1295  gain=-0.0000  |dz|=0.129  11.6 it/s
step  14450  L=0.0936  src=0.0585  tgt=0.0176  trans=0.0176  gain=+0.0000  |dz|=0.069  11.6 it/s
step  14500  L=0.3129  src=0.0398  tgt=0.1366  trans=0.1366  gain=-0.0000  |dz|=0.125  11.6 it/s
step  14550  L=0.0653  src=0.0322  tgt=0.0165  trans=0.0166  gain=-0.0001  |dz|=0.070  11.6 it/s
step  14600  L=0.2673  src=0.0357  tgt=0.1158  trans=0.1158  gain=-0.0000  |dz|=0.123  11.6 it/s
step  14650  L=0.3644  src=0.0471  tgt=0.1587  trans=0.1586  gain=+0.0000  |dz|=0.121  11.6 it/s
step  14700  L=0.0992  src=0.0471  tgt=0.0261  trans=0.0261  gain=+0.0000  |dz|=0.101  11.6 it/s
step  14750  L=0.1026  src=0.0509  tgt=0.0259  trans=0.0258  gain=+0.0000  |dz|=0.102  11.6 it/s
step  14800  L=0.1517  src=0.0486  tgt=0.0516  trans=0.0515  gain=+0.0000  |dz|=0.070  11.6 it/s
step  14850  L=0.0651  src=0.0264  tgt=0.0193  trans=0.0193  gain=-0.0001  |dz|=0.096  11.6 it/s
step  14900  L=0.3995  src=0.0479  tgt=0.1758  trans=0.1758  gain=+0.0001  |dz|=0.113  11.6 it/s
step  14950  L=0.1046  src=0.0541  tgt=0.0252  trans=0.0252  gain=+0.0000  |dz|=0.070  11.6 it/s
step  15000  L=0.1025  src=0.0495  tgt=0.0265  trans=0.0265  gain=-0.0000  |dz|=0.098  11.6 it/s
step  15050  L=0.1216  src=0.0659  tgt=0.0279  trans=0.0278  gain=+0.0000  |dz|=0.102  11.6 it/s
step  15100  L=0.1169  src=0.0692  tgt=0.0239  trans=0.0238  gain=+0.0000  |dz|=0.101  11.6 it/s
step  15150  L=0.0930  src=0.0407  tgt=0.0262  trans=0.0262  gain=-0.0000  |dz|=0.099  11.6 it/s
step  15200  L=0.1002  src=0.0478  tgt=0.0262  trans=0.0262  gain=+0.0000  |dz|=0.066  11.6 it/s
step  15250  L=0.1567  src=0.0547  tgt=0.0510  trans=0.0510  gain=+0.0000  |dz|=0.065  11.6 it/s
step  15300  L=0.0999  src=0.0405  tgt=0.0297  trans=0.0297  gain=-0.0000  |dz|=0.103  11.6 it/s
step  15350  L=0.0809  src=0.0407  tgt=0.0201  trans=0.0201  gain=+0.0000  |dz|=0.103  11.6 it/s
step  15400  L=0.1170  src=0.0450  tgt=0.0361  trans=0.0359  gain=+0.0001  |dz|=0.066  11.6 it/s
step  15450  L=0.2111  src=0.0508  tgt=0.0801  trans=0.0802  gain=-0.0000  |dz|=0.120  11.6 it/s
step  15500  L=0.1008  src=0.0627  tgt=0.0191  trans=0.0191  gain=-0.0001  |dz|=0.068  11.6 it/s
step  15550  L=0.1168  src=0.0581  tgt=0.0293  trans=0.0293  gain=-0.0000  |dz|=0.102  11.6 it/s
step  15600  L=0.0989  src=0.0565  tgt=0.0212  trans=0.0212  gain=-0.0000  |dz|=0.067  11.6 it/s
step  15650  L=0.4483  src=0.0306  tgt=0.2088  trans=0.2089  gain=-0.0000  |dz|=0.109  11.6 it/s
step  15700  L=0.1104  src=0.0464  tgt=0.0320  trans=0.0320  gain=-0.0000  |dz|=0.101  11.6 it/s
step  15750  L=0.1270  src=0.0639  tgt=0.0315  trans=0.0315  gain=+0.0000  |dz|=0.102  11.6 it/s
step  15800  L=0.4662  src=0.0644  tgt=0.2009  trans=0.2009  gain=-0.0001  |dz|=0.110  11.6 it/s
step  15850  L=0.5260  src=0.0483  tgt=0.2390  trans=0.2387  gain=+0.0002  |dz|=0.137  11.6 it/s
step  15900  L=0.1005  src=0.0408  tgt=0.0299  trans=0.0299  gain=+0.0000  |dz|=0.102  11.6 it/s
step  15950  L=0.1066  src=0.0405  tgt=0.0331  trans=0.0330  gain=+0.0001  |dz|=0.063  11.6 it/s
step  16000  L=0.1107  src=0.0709  tgt=0.0199  trans=0.0199  gain=+0.0000  |dz|=0.068  11.6 it/s
  [diagnostics @ 16000] loss_correct=0.0715  loss_zero=0.0727  loss_shuffled=0.0737  loss_random=0.0730  loss_target_only=0.0715  loss_mean_z=0.0724  r_basis=0.0329  |dz_transport|=0.1003  z_s_vs_enc_rel=1.2435  z_spread_rel=1.0583  gain_vs_zero=0.0012  gain_vs_shuffled=0.0022  gain_vs_target_only=0.0000  gain_vs_mean_z=0.0010  delta_task=0.0010  z_center_norm=0.0462  task_specific_frac=0.7917
step  16050  L=0.0939  src=0.0448  tgt=0.0246  trans=0.0245  gain=+0.0000  |dz|=0.102  11.6 it/s
step  16100  L=0.1034  src=0.0571  tgt=0.0231  trans=0.0232  gain=-0.0000  |dz|=0.063  11.6 it/s
step  16150  L=0.2134  src=0.0518  tgt=0.0808  trans=0.0808  gain=+0.0000  |dz|=0.153  11.6 it/s
step  16200  L=0.1413  src=0.0874  tgt=0.0270  trans=0.0269  gain=+0.0001  |dz|=0.062  11.6 it/s
step  16250  L=0.3264  src=0.0408  tgt=0.1428  trans=0.1428  gain=-0.0001  |dz|=0.135  11.6 it/s
step  16300  L=0.1457  src=0.0822  tgt=0.0318  trans=0.0317  gain=+0.0000  |dz|=0.064  11.6 it/s
step  16350  L=0.0909  src=0.0399  tgt=0.0255  trans=0.0255  gain=+0.0000  |dz|=0.062  11.6 it/s
step  16400  L=0.0710  src=0.0236  tgt=0.0237  trans=0.0237  gain=+0.0000  |dz|=0.099  11.6 it/s
step  16450  L=0.1357  src=0.0668  tgt=0.0345  trans=0.0344  gain=+0.0000  |dz|=0.066  11.6 it/s
step  16500  L=0.1291  src=0.0514  tgt=0.0388  trans=0.0388  gain=-0.0000  |dz|=0.101  11.6 it/s
step  16550  L=0.0968  src=0.0691  tgt=0.0139  trans=0.0138  gain=+0.0002  |dz|=0.062  11.6 it/s
step  16600  L=0.4763  src=0.0453  tgt=0.2155  trans=0.2155  gain=+0.0000  |dz|=0.124  11.6 it/s
step  16650  L=0.1454  src=0.0521  tgt=0.0466  trans=0.0466  gain=+0.0000  |dz|=0.104  11.6 it/s
step  16700  L=0.1239  src=0.0461  tgt=0.0389  trans=0.0390  gain=-0.0000  |dz|=0.065  11.6 it/s
step  16750  L=0.2444  src=0.0415  tgt=0.1015  trans=0.1015  gain=-0.0000  |dz|=0.126  11.6 it/s
step  16800  L=0.1153  src=0.0505  tgt=0.0324  trans=0.0324  gain=+0.0000  |dz|=0.099  11.6 it/s
step  16850  L=0.1194  src=0.0640  tgt=0.0277  trans=0.0277  gain=-0.0000  |dz|=0.068  11.6 it/s
step  16900  L=0.3345  src=0.0753  tgt=0.1296  trans=0.1296  gain=-0.0001  |dz|=0.117  11.6 it/s
step  16950  L=0.0902  src=0.0428  tgt=0.0237  trans=0.0237  gain=+0.0001  |dz|=0.098  11.6 it/s
step  17000  L=0.3391  src=0.0464  tgt=0.1464  trans=0.1463  gain=+0.0000  |dz|=0.118  11.6 it/s
step  17050  L=0.3236  src=0.0597  tgt=0.1320  trans=0.1319  gain=+0.0001  |dz|=0.117  11.6 it/s
step  17100  L=0.1764  src=0.0974  tgt=0.0395  trans=0.0395  gain=+0.0001  |dz|=0.064  11.6 it/s
step  17150  L=0.1270  src=0.0765  tgt=0.0252  trans=0.0252  gain=+0.0000  |dz|=0.062  11.6 it/s
step  17200  L=0.2629  src=0.0681  tgt=0.0974  trans=0.0975  gain=-0.0001  |dz|=0.120  11.6 it/s
step  17250  L=0.1581  src=0.0762  tgt=0.0409  trans=0.0409  gain=-0.0000  |dz|=0.062  11.6 it/s
step  17300  L=0.1212  src=0.0427  tgt=0.0393  trans=0.0393  gain=+0.0000  |dz|=0.098  11.6 it/s
step  17350  L=0.1046  src=0.0641  tgt=0.0203  trans=0.0202  gain=+0.0000  |dz|=0.098  11.6 it/s
step  17400  L=0.1026  src=0.0657  tgt=0.0185  trans=0.0184  gain=+0.0001  |dz|=0.063  11.6 it/s
step  17450  L=0.0798  src=0.0345  tgt=0.0226  trans=0.0226  gain=+0.0000  |dz|=0.062  11.6 it/s
step  17500  L=0.0822  src=0.0308  tgt=0.0257  trans=0.0257  gain=-0.0000  |dz|=0.096  11.6 it/s
step  17550  L=0.0802  src=0.0349  tgt=0.0227  trans=0.0227  gain=+0.0000  |dz|=0.060  11.6 it/s
step  17600  L=0.1463  src=0.0836  tgt=0.0314  trans=0.0313  gain=+0.0001  |dz|=0.095  11.6 it/s
step  17650  L=0.3177  src=0.0495  tgt=0.1341  trans=0.1341  gain=+0.0000  |dz|=0.117  11.6 it/s
step  17700  L=0.1008  src=0.0650  tgt=0.0179  trans=0.0179  gain=-0.0000  |dz|=0.063  11.6 it/s
step  17750  L=0.0827  src=0.0375  tgt=0.0226  trans=0.0226  gain=-0.0000  |dz|=0.062  11.6 it/s
step  17800  L=0.0883  src=0.0523  tgt=0.0180  trans=0.0180  gain=-0.0000  |dz|=0.065  11.6 it/s
step  17850  L=0.1226  src=0.0666  tgt=0.0281  trans=0.0279  gain=+0.0001  |dz|=0.098  11.6 it/s
step  17900  L=0.1331  src=0.0811  tgt=0.0260  trans=0.0259  gain=+0.0001  |dz|=0.062  11.6 it/s
step  17950  L=0.4481  src=0.0426  tgt=0.2028  trans=0.2027  gain=+0.0000  |dz|=0.116  11.6 it/s
step  18000  L=0.3663  src=0.0501  tgt=0.1581  trans=0.1581  gain=+0.0000  |dz|=0.117  11.6 it/s
  [diagnostics @ 18000] loss_correct=0.0905  loss_zero=0.0917  loss_shuffled=0.0924  loss_random=0.0919  loss_target_only=0.0905  loss_mean_z=0.0917  r_basis=0.0326  |dz_transport|=0.0969  z_s_vs_enc_rel=1.3406  z_spread_rel=1.1573  gain_vs_zero=0.0011  gain_vs_shuffled=0.0019  gain_vs_target_only=0.0000  gain_vs_mean_z=0.0012  delta_task=0.0012  z_center_norm=0.0394  task_specific_frac=1.0407
step  18050  L=0.2947  src=0.0374  tgt=0.1287  trans=0.1287  gain=-0.0000  |dz|=0.122  11.6 it/s
step  18100  L=0.1081  src=0.0410  tgt=0.0335  trans=0.0335  gain=-0.0000  |dz|=0.060  11.6 it/s
step  18150  L=0.0699  src=0.0345  tgt=0.0177  trans=0.0177  gain=+0.0000  |dz|=0.059  11.6 it/s
step  18200  L=0.5952  src=0.0275  tgt=0.2838  trans=0.2838  gain=+0.0000  |dz|=0.116  11.6 it/s
step  18250  L=0.0838  src=0.0372  tgt=0.0233  trans=0.0233  gain=+0.0000  |dz|=0.097  11.6 it/s
step  18300  L=0.1006  src=0.0498  tgt=0.0254  trans=0.0254  gain=-0.0000  |dz|=0.058  11.6 it/s
step  18350  L=0.3175  src=0.0531  tgt=0.1322  trans=0.1322  gain=+0.0000  |dz|=0.115  11.6 it/s
step  18400  L=0.4085  src=0.0926  tgt=0.1579  trans=0.1579  gain=+0.0000  |dz|=0.114  11.6 it/s
step  18450  L=0.0956  src=0.0361  tgt=0.0298  trans=0.0297  gain=+0.0000  |dz|=0.093  11.6 it/s
step  18500  L=0.1350  src=0.0721  tgt=0.0314  trans=0.0314  gain=+0.0000  |dz|=0.059  11.6 it/s
step  18550  L=0.1005  src=0.0457  tgt=0.0274  trans=0.0274  gain=+0.0000  |dz|=0.101  11.6 it/s
step  18600  L=0.1053  src=0.0481  tgt=0.0286  trans=0.0286  gain=+0.0001  |dz|=0.063  11.6 it/s
step  18650  L=0.6443  src=0.0482  tgt=0.2981  trans=0.2980  gain=+0.0001  |dz|=0.130  11.6 it/s
step  18700  L=0.1106  src=0.0606  tgt=0.0250  trans=0.0250  gain=+0.0000  |dz|=0.100  11.6 it/s
step  18750  L=0.1309  src=0.0660  tgt=0.0325  trans=0.0324  gain=+0.0001  |dz|=0.103  11.6 it/s
step  18800  L=0.1015  src=0.0660  tgt=0.0178  trans=0.0178  gain=-0.0000  |dz|=0.057  11.6 it/s
step  18850  L=0.3453  src=0.0749  tgt=0.1352  trans=0.1352  gain=-0.0000  |dz|=0.119  11.6 it/s
step  18900  L=0.0978  src=0.0672  tgt=0.0153  trans=0.0153  gain=-0.0000  |dz|=0.053  11.6 it/s
step  18950  L=0.4114  src=0.0804  tgt=0.1655  trans=0.1655  gain=+0.0000  |dz|=0.120  11.6 it/s
step  19000  L=0.3056  src=0.0323  tgt=0.1367  trans=0.1366  gain=+0.0001  |dz|=0.115  11.6 it/s
step  19050  L=0.2665  src=0.0397  tgt=0.1134  trans=0.1134  gain=+0.0000  |dz|=0.117  11.6 it/s
step  19100  L=0.1001  src=0.0322  tgt=0.0340  trans=0.0339  gain=+0.0001  |dz|=0.100  11.6 it/s
step  19150  L=0.1030  src=0.0549  tgt=0.0240  trans=0.0240  gain=+0.0000  |dz|=0.058  11.6 it/s
step  19200  L=0.1041  src=0.0333  tgt=0.0354  trans=0.0354  gain=-0.0000  |dz|=0.056  11.6 it/s
step  19250  L=0.4915  src=0.0285  tgt=0.2315  trans=0.2315  gain=-0.0000  |dz|=0.111  11.6 it/s
step  19300  L=0.1614  src=0.0814  tgt=0.0400  trans=0.0400  gain=+0.0000  |dz|=0.100  11.6 it/s
step  19350  L=0.3456  src=0.0487  tgt=0.1485  trans=0.1484  gain=+0.0001  |dz|=0.108  11.6 it/s
step  19400  L=0.1339  src=0.0678  tgt=0.0330  trans=0.0330  gain=+0.0000  |dz|=0.099  11.6 it/s
step  19450  L=0.3328  src=0.0526  tgt=0.1401  trans=0.1401  gain=+0.0000  |dz|=0.109  11.6 it/s
step  19500  L=0.1180  src=0.0424  tgt=0.0378  trans=0.0378  gain=+0.0000  |dz|=0.055  11.6 it/s
step  19550  L=0.2803  src=0.0376  tgt=0.1214  trans=0.1213  gain=+0.0001  |dz|=0.113  11.6 it/s
step  19600  L=0.0944  src=0.0400  tgt=0.0272  trans=0.0272  gain=-0.0000  |dz|=0.050  11.6 it/s
step  19650  L=0.5013  src=0.0272  tgt=0.2371  trans=0.2370  gain=+0.0000  |dz|=0.115  11.6 it/s
step  19700  L=0.3600  src=0.0558  tgt=0.1521  trans=0.1521  gain=-0.0000  |dz|=0.113  11.6 it/s
step  19750  L=0.4944  src=0.0818  tgt=0.2064  trans=0.2062  gain=+0.0002  |dz|=0.110  11.6 it/s
step  19800  L=0.3173  src=0.0400  tgt=0.1387  trans=0.1387  gain=-0.0000  |dz|=0.108  11.6 it/s
step  19850  L=0.1471  src=0.0516  tgt=0.0477  trans=0.0478  gain=-0.0001  |dz|=0.058  11.6 it/s
step  19900  L=0.1325  src=0.0742  tgt=0.0292  trans=0.0291  gain=+0.0000  |dz|=0.057  11.6 it/s
step  19950  L=0.3306  src=0.0359  tgt=0.1473  trans=0.1473  gain=-0.0000  |dz|=0.109  11.6 it/s
step  20000  L=0.1378  src=0.0675  tgt=0.0352  trans=0.0351  gain=+0.0000  |dz|=0.095  11.6 it/s
  [diagnostics @ 20000] loss_correct=0.0944  loss_zero=0.0954  loss_shuffled=0.0971  loss_random=0.0956  loss_target_only=0.0945  loss_mean_z=0.0957  r_basis=0.0300  |dz_transport|=0.0979  z_s_vs_enc_rel=1.4277  z_spread_rel=1.1855  gain_vs_zero=0.0010  gain_vs_shuffled=0.0027  gain_vs_target_only=0.0000  gain_vs_mean_z=0.0013  delta_task=0.0013  z_center_norm=0.0341  task_specific_frac=1.3277
  saved C:\T1D Meta Learning\code\python\meta-diffusion\experiments\linear_transport_replacement_2026-09-24\work\checkpoints\cifar_train50_basis_k16_step20000.pt
step  20050  L=0.0833  src=0.0373  tgt=0.0230  trans=0.0230  gain=+0.0000  |dz|=0.083  11.6 it/s
step  20100  L=0.0828  src=0.0351  tgt=0.0238  trans=0.0238  gain=+0.0000  |dz|=0.091  11.6 it/s
step  20150  L=0.0906  src=0.0295  tgt=0.0306  trans=0.0305  gain=+0.0001  |dz|=0.055  11.6 it/s
step  20200  L=0.1307  src=0.0610  tgt=0.0349  trans=0.0348  gain=+0.0001  |dz|=0.097  11.6 it/s
step  20250  L=0.4181  src=0.0474  tgt=0.1852  trans=0.1855  gain=-0.0002  |dz|=0.110  11.6 it/s
step  20300  L=0.1451  src=0.0522  tgt=0.0465  trans=0.0464  gain=+0.0001  |dz|=0.056  11.6 it/s
step  20350  L=0.3877  src=0.0574  tgt=0.1652  trans=0.1651  gain=+0.0001  |dz|=0.132  11.6 it/s
step  20400  L=0.0898  src=0.0446  tgt=0.0227  trans=0.0226  gain=+0.0001  |dz|=0.095  11.6 it/s
step  20450  L=0.2974  src=0.0460  tgt=0.1257  trans=0.1257  gain=-0.0000  |dz|=0.123  11.6 it/s
step  20500  L=0.3555  src=0.0580  tgt=0.1488  trans=0.1488  gain=-0.0000  |dz|=0.123  11.6 it/s
step  20550  L=0.2930  src=0.0256  tgt=0.1337  trans=0.1338  gain=-0.0000  |dz|=0.123  11.6 it/s
step  20600  L=0.3702  src=0.0376  tgt=0.1663  trans=0.1663  gain=-0.0000  |dz|=0.124  11.6 it/s
step  20650  L=0.1444  src=0.0648  tgt=0.0398  trans=0.0398  gain=+0.0000  |dz|=0.058  11.6 it/s
step  20700  L=0.0877  src=0.0369  tgt=0.0254  trans=0.0254  gain=-0.0000  |dz|=0.057  11.6 it/s
step  20750  L=0.3995  src=0.0603  tgt=0.1696  trans=0.1696  gain=+0.0000  |dz|=0.122  11.6 it/s
step  20800  L=0.3518  src=0.0540  tgt=0.1489  trans=0.1489  gain=-0.0000  |dz|=0.124  11.6 it/s
step  20850  L=0.0886  src=0.0432  tgt=0.0227  trans=0.0227  gain=-0.0000  |dz|=0.095  11.6 it/s
step  20900  L=0.1279  src=0.0773  tgt=0.0253  trans=0.0253  gain=+0.0000  |dz|=0.054  11.6 it/s
step  20950  L=0.3757  src=0.0382  tgt=0.1688  trans=0.1687  gain=+0.0000  |dz|=0.118  11.6 it/s
step  21000  L=0.3352  src=0.0335  tgt=0.1509  trans=0.1509  gain=+0.0000  |dz|=0.118  11.6 it/s
step  21050  L=0.0852  src=0.0248  tgt=0.0302  trans=0.0302  gain=-0.0000  |dz|=0.095  11.6 it/s
step  21100  L=0.1117  src=0.0647  tgt=0.0235  trans=0.0235  gain=+0.0000  |dz|=0.095  11.6 it/s
step  21150  L=0.2548  src=0.0298  tgt=0.1125  trans=0.1125  gain=-0.0000  |dz|=0.116  11.6 it/s
step  21200  L=0.0803  src=0.0298  tgt=0.0253  trans=0.0252  gain=+0.0000  |dz|=0.087  11.6 it/s
step  21250  L=0.4304  src=0.0603  tgt=0.1851  trans=0.1850  gain=+0.0000  |dz|=0.115  11.6 it/s
step  21300  L=0.3595  src=0.0393  tgt=0.1601  trans=0.1601  gain=+0.0000  |dz|=0.117  11.6 it/s
step  21350  L=0.1068  src=0.0536  tgt=0.0266  trans=0.0266  gain=+0.0000  |dz|=0.091  11.6 it/s
step  21400  L=0.0955  src=0.0401  tgt=0.0277  trans=0.0277  gain=+0.0000  |dz|=0.087  11.6 it/s
step  21450  L=0.1051  src=0.0417  tgt=0.0318  trans=0.0317  gain=+0.0001  |dz|=0.092  11.6 it/s
step  21500  L=0.1244  src=0.0877  tgt=0.0184  trans=0.0184  gain=-0.0000  |dz|=0.059  11.6 it/s
step  21550  L=0.1113  src=0.0460  tgt=0.0326  trans=0.0326  gain=+0.0000  |dz|=0.097  11.6 it/s
step  21600  L=0.5207  src=0.0644  tgt=0.2282  trans=0.2282  gain=+0.0000  |dz|=0.115  11.6 it/s
step  21650  L=0.1463  src=0.0627  tgt=0.0418  trans=0.0418  gain=+0.0000  |dz|=0.058  11.6 it/s
step  21700  L=0.3596  src=0.0430  tgt=0.1583  trans=0.1584  gain=-0.0001  |dz|=0.113  11.6 it/s
step  21750  L=0.1727  src=0.0598  tgt=0.0565  trans=0.0564  gain=+0.0001  |dz|=0.060  11.6 it/s
step  21800  L=0.1188  src=0.0650  tgt=0.0270  trans=0.0269  gain=+0.0000  |dz|=0.091  11.6 it/s
step  21850  L=0.0872  src=0.0519  tgt=0.0177  trans=0.0177  gain=+0.0000  |dz|=0.055  11.6 it/s
step  21900  L=0.0961  src=0.0410  tgt=0.0276  trans=0.0276  gain=-0.0000  |dz|=0.095  11.6 it/s
step  21950  L=0.1013  src=0.0444  tgt=0.0284  trans=0.0284  gain=+0.0000  |dz|=0.094  11.6 it/s
step  22000  L=0.6313  src=0.0399  tgt=0.2958  trans=0.2956  gain=+0.0002  |dz|=0.114  11.6 it/s
  [diagnostics @ 22000] loss_correct=0.0846  loss_zero=0.0857  loss_shuffled=0.0870  loss_random=0.0859  loss_target_only=0.0847  loss_mean_z=0.0859  r_basis=0.0314  |dz_transport|=0.0905  z_s_vs_enc_rel=1.3594  z_spread_rel=1.1887  gain_vs_zero=0.0011  gain_vs_shuffled=0.0024  gain_vs_target_only=0.0000  gain_vs_mean_z=0.0012  delta_task=0.0012  z_center_norm=0.0311  task_specific_frac=1.1535
step  22050  L=0.1068  src=0.0470  tgt=0.0299  trans=0.0299  gain=+0.0000  |dz|=0.095  11.6 it/s
step  22100  L=0.2877  src=0.0593  tgt=0.1142  trans=0.1142  gain=-0.0000  |dz|=0.112  11.6 it/s
step  22150  L=0.3937  src=0.0367  tgt=0.1785  trans=0.1785  gain=+0.0001  |dz|=0.112  11.6 it/s
step  22200  L=0.1184  src=0.0634  tgt=0.0275  trans=0.0275  gain=+0.0001  |dz|=0.096  11.6 it/s
step  22250  L=0.0950  src=0.0465  tgt=0.0243  trans=0.0243  gain=-0.0000  |dz|=0.060  11.6 it/s
step  22300  L=0.1034  src=0.0541  tgt=0.0247  trans=0.0247  gain=-0.0000  |dz|=0.097  11.6 it/s
step  22350  L=0.1157  src=0.0537  tgt=0.0311  trans=0.0310  gain=+0.0001  |dz|=0.101  11.6 it/s
step  22400  L=0.1065  src=0.0503  tgt=0.0281  trans=0.0281  gain=+0.0000  |dz|=0.100  11.6 it/s
step  22450  L=0.1130  src=0.0376  tgt=0.0377  trans=0.0377  gain=+0.0000  |dz|=0.096  11.6 it/s
step  22500  L=0.4796  src=0.0673  tgt=0.2062  trans=0.2062  gain=+0.0000  |dz|=0.131  11.6 it/s
step  22550  L=0.1270  src=0.0834  tgt=0.0218  trans=0.0218  gain=+0.0000  |dz|=0.099  11.6 it/s
step  22600  L=0.1446  src=0.0707  tgt=0.0370  trans=0.0370  gain=+0.0000  |dz|=0.100  11.6 it/s
step  22650  L=0.4318  src=0.0440  tgt=0.1939  trans=0.1939  gain=+0.0000  |dz|=0.122  11.6 it/s
step  22700  L=0.1192  src=0.0846  tgt=0.0173  trans=0.0173  gain=+0.0000  |dz|=0.097  11.6 it/s
step  22750  L=0.0813  src=0.0552  tgt=0.0130  trans=0.0130  gain=+0.0000  |dz|=0.095  11.6 it/s
step  22800  L=0.1083  src=0.0494  tgt=0.0295  trans=0.0294  gain=+0.0000  |dz|=0.093  11.6 it/s
step  22850  L=0.4667  src=0.0466  tgt=0.2101  trans=0.2101  gain=+0.0000  |dz|=0.120  11.6 it/s
step  22900  L=0.4899  src=0.0402  tgt=0.2248  trans=0.2248  gain=+0.0000  |dz|=0.119  11.6 it/s
step  22950  L=0.2675  src=0.0452  tgt=0.1111  trans=0.1112  gain=-0.0001  |dz|=0.121  11.6 it/s
step  23000  L=0.1180  src=0.0540  tgt=0.0320  trans=0.0320  gain=+0.0000  |dz|=0.058  11.6 it/s
step  23050  L=0.0857  src=0.0321  tgt=0.0268  trans=0.0267  gain=+0.0001  |dz|=0.093  11.6 it/s
step  23100  L=0.0736  src=0.0294  tgt=0.0221  trans=0.0221  gain=+0.0001  |dz|=0.093  11.6 it/s
step  23150  L=0.3500  src=0.0653  tgt=0.1424  trans=0.1422  gain=+0.0002  |dz|=0.115  11.6 it/s
step  23200  L=0.1240  src=0.0688  tgt=0.0276  trans=0.0276  gain=-0.0000  |dz|=0.095  11.6 it/s
step  23250  L=0.0841  src=0.0244  tgt=0.0299  trans=0.0299  gain=+0.0000  |dz|=0.098  11.6 it/s
step  23300  L=0.1070  src=0.0463  tgt=0.0304  trans=0.0303  gain=+0.0000  |dz|=0.057  11.6 it/s
step  23350  L=0.1882  src=0.0544  tgt=0.0670  trans=0.0669  gain=+0.0001  |dz|=0.057  11.6 it/s
step  23400  L=0.3331  src=0.0797  tgt=0.1267  trans=0.1267  gain=+0.0000  |dz|=0.118  11.6 it/s
step  23450  L=0.0913  src=0.0203  tgt=0.0355  trans=0.0355  gain=+0.0000  |dz|=0.093  11.6 it/s
step  23500  L=0.4764  src=0.0477  tgt=0.2144  trans=0.2143  gain=+0.0000  |dz|=0.116  11.6 it/s
step  23550  L=0.4301  src=0.0548  tgt=0.1876  trans=0.1877  gain=-0.0000  |dz|=0.116  11.6 it/s
step  23600  L=0.1023  src=0.0454  tgt=0.0285  trans=0.0285  gain=-0.0000  |dz|=0.057  11.6 it/s
step  23650  L=0.4544  src=0.0904  tgt=0.1820  trans=0.1820  gain=-0.0000  |dz|=0.115  11.6 it/s
step  23700  L=0.4474  src=0.0445  tgt=0.2014  trans=0.2014  gain=+0.0000  |dz|=0.119  11.6 it/s
step  23750  L=0.3877  src=0.0397  tgt=0.1742  trans=0.1738  gain=+0.0003  |dz|=0.127  11.6 it/s
step  23800  L=0.1124  src=0.0663  tgt=0.0231  trans=0.0230  gain=+0.0001  |dz|=0.100  11.6 it/s
step  23850  L=0.1213  src=0.0692  tgt=0.0261  trans=0.0261  gain=+0.0000  |dz|=0.098  11.6 it/s
step  23900  L=0.1043  src=0.0431  tgt=0.0306  trans=0.0306  gain=+0.0000  |dz|=0.059  11.6 it/s
step  23950  L=0.4935  src=0.0876  tgt=0.2030  trans=0.2029  gain=+0.0000  |dz|=0.123  11.6 it/s
step  24000  L=0.4595  src=0.0902  tgt=0.1847  trans=0.1847  gain=+0.0000  |dz|=0.121  11.6 it/s
  [diagnostics @ 24000] loss_correct=0.0748  loss_zero=0.0760  loss_shuffled=0.0777  loss_random=0.0763  loss_target_only=0.0749  loss_mean_z=0.0762  r_basis=0.0323  |dz_transport|=0.0966  z_s_vs_enc_rel=1.4179  z_spread_rel=1.1508  gain_vs_zero=0.0012  gain_vs_shuffled=0.0028  gain_vs_target_only=0.0000  gain_vs_mean_z=0.0014  delta_task=0.0014  z_center_norm=0.0334  task_specific_frac=1.1517
step  24050  L=0.2933  src=0.0388  tgt=0.1272  trans=0.1272  gain=+0.0000  |dz|=0.121  11.5 it/s
step  24100  L=0.2903  src=0.0361  tgt=0.1271  trans=0.1270  gain=+0.0001  |dz|=0.120  11.5 it/s
step  24150  L=0.4173  src=0.0552  tgt=0.1811  trans=0.1810  gain=+0.0000  |dz|=0.119  11.5 it/s
step  24200  L=0.3281  src=0.0559  tgt=0.1361  trans=0.1361  gain=-0.0000  |dz|=0.118  11.6 it/s
step  24250  L=0.1196  src=0.0527  tgt=0.0335  trans=0.0334  gain=+0.0000  |dz|=0.054  11.6 it/s
step  24300  L=0.4141  src=0.0400  tgt=0.1870  trans=0.1871  gain=-0.0000  |dz|=0.112  11.6 it/s
step  24350  L=0.4401  src=0.0412  tgt=0.1995  trans=0.1994  gain=+0.0000  |dz|=0.113  11.6 it/s
step  24400  L=0.1202  src=0.0519  tgt=0.0341  trans=0.0342  gain=-0.0001  |dz|=0.098  11.6 it/s
step  24450  L=0.1156  src=0.0443  tgt=0.0356  trans=0.0356  gain=+0.0000  |dz|=0.059  11.6 it/s
step  24500  L=0.1219  src=0.0507  tgt=0.0356  trans=0.0356  gain=-0.0000  |dz|=0.058  11.6 it/s
step  24550  L=0.0744  src=0.0402  tgt=0.0171  trans=0.0171  gain=+0.0000  |dz|=0.094  11.6 it/s
step  24600  L=0.1372  src=0.0503  tgt=0.0434  trans=0.0434  gain=+0.0001  |dz|=0.060  11.6 it/s
step  24650  L=0.5013  src=0.0624  tgt=0.2197  trans=0.2193  gain=+0.0004  |dz|=0.120  11.6 it/s
step  24700  L=0.4066  src=0.0519  tgt=0.1774  trans=0.1774  gain=+0.0000  |dz|=0.127  11.6 it/s
step  24750  L=0.0739  src=0.0477  tgt=0.0131  trans=0.0131  gain=+0.0000  |dz|=0.096  11.6 it/s
step  24800  L=0.3891  src=0.0467  tgt=0.1712  trans=0.1712  gain=+0.0000  |dz|=0.120  11.6 it/s
step  24850  L=0.2183  src=0.0735  tgt=0.0724  trans=0.0724  gain=+0.0000  |dz|=0.060  11.6 it/s
step  24900  L=0.0618  src=0.0246  tgt=0.0186  trans=0.0185  gain=+0.0000  |dz|=0.099  11.6 it/s
step  24950  L=0.1316  src=0.0753  tgt=0.0282  trans=0.0282  gain=+0.0000  |dz|=0.097  11.6 it/s
step  25000  L=0.5665  src=0.0455  tgt=0.2605  trans=0.2605  gain=+0.0000  |dz|=0.118  11.6 it/s
step  25050  L=0.3350  src=0.0327  tgt=0.1511  trans=0.1511  gain=+0.0000  |dz|=0.122  11.6 it/s
step  25100  L=0.0919  src=0.0321  tgt=0.0299  trans=0.0299  gain=-0.0000  |dz|=0.058  11.6 it/s
step  25150  L=0.1005  src=0.0505  tgt=0.0251  trans=0.0249  gain=+0.0002  |dz|=0.059  11.6 it/s
step  25200  L=0.0789  src=0.0413  tgt=0.0188  trans=0.0188  gain=+0.0000  |dz|=0.094  11.6 it/s
step  25250  L=0.0820  src=0.0320  tgt=0.0250  trans=0.0249  gain=+0.0001  |dz|=0.057  11.6 it/s
step  25300  L=0.0809  src=0.0306  tgt=0.0252  trans=0.0251  gain=+0.0001  |dz|=0.094  11.6 it/s
step  25350  L=0.0771  src=0.0432  tgt=0.0169  trans=0.0169  gain=+0.0000  |dz|=0.096  11.6 it/s
step  25400  L=0.2812  src=0.0275  tgt=0.1268  trans=0.1268  gain=+0.0000  |dz|=0.118  11.6 it/s
step  25450  L=0.0773  src=0.0418  tgt=0.0178  trans=0.0177  gain=+0.0000  |dz|=0.063  11.6 it/s
step  25500  L=0.0709  src=0.0265  tgt=0.0222  trans=0.0222  gain=+0.0000  |dz|=0.100  11.6 it/s
step  25550  L=0.3175  src=0.0449  tgt=0.1364  trans=0.1363  gain=+0.0000  |dz|=0.113  11.6 it/s
step  25600  L=0.0703  src=0.0383  tgt=0.0160  trans=0.0160  gain=-0.0000  |dz|=0.098  11.6 it/s
step  25650  L=0.0983  src=0.0465  tgt=0.0259  trans=0.0259  gain=+0.0000  |dz|=0.059  11.6 it/s
step  25700  L=0.4882  src=0.0798  tgt=0.2042  trans=0.2042  gain=-0.0000  |dz|=0.111  11.6 it/s
step  25750  L=0.5158  src=0.0400  tgt=0.2379  trans=0.2379  gain=+0.0000  |dz|=0.112  11.6 it/s
step  25800  L=0.1477  src=0.0534  tgt=0.0472  trans=0.0472  gain=+0.0000  |dz|=0.063  11.6 it/s
step  25850  L=0.1061  src=0.0478  tgt=0.0292  trans=0.0292  gain=+0.0000  |dz|=0.062  11.6 it/s
step  25900  L=0.2771  src=0.0438  tgt=0.1167  trans=0.1166  gain=+0.0001  |dz|=0.113  11.6 it/s
step  25950  L=0.0806  src=0.0279  tgt=0.0264  trans=0.0263  gain=+0.0001  |dz|=0.095  11.6 it/s
step  26000  L=0.0621  src=0.0272  tgt=0.0175  trans=0.0174  gain=+0.0000  |dz|=0.062  11.6 it/s
  [diagnostics @ 26000] loss_correct=0.0755  loss_zero=0.0768  loss_shuffled=0.0779  loss_random=0.0771  loss_target_only=0.0756  loss_mean_z=0.0770  r_basis=0.0327  |dz_transport|=0.0939  z_s_vs_enc_rel=1.3803  z_spread_rel=1.1503  gain_vs_zero=0.0013  gain_vs_shuffled=0.0024  gain_vs_target_only=0.0001  gain_vs_mean_z=0.0015  delta_task=0.0015  z_center_norm=0.0319  task_specific_frac=1.1804
step  26050  L=0.1522  src=0.0661  tgt=0.0431  trans=0.0430  gain=+0.0000  |dz|=0.101  11.5 it/s
step  26100  L=0.3612  src=0.0616  tgt=0.1498  trans=0.1498  gain=+0.0000  |dz|=0.118  11.5 it/s
step  26150  L=0.1020  src=0.0467  tgt=0.0277  trans=0.0276  gain=+0.0001  |dz|=0.096  11.6 it/s
step  26200  L=0.0939  src=0.0361  tgt=0.0289  trans=0.0289  gain=+0.0000  |dz|=0.096  11.6 it/s
step  26250  L=0.3487  src=0.0538  tgt=0.1475  trans=0.1474  gain=+0.0001  |dz|=0.115  11.6 it/s
step  26300  L=0.3302  src=0.0282  tgt=0.1510  trans=0.1510  gain=+0.0000  |dz|=0.116  11.6 it/s
step  26350  L=0.1545  src=0.0980  tgt=0.0283  trans=0.0283  gain=-0.0000  |dz|=0.100  11.6 it/s
step  26400  L=0.0889  src=0.0362  tgt=0.0264  trans=0.0263  gain=+0.0001  |dz|=0.098  11.6 it/s
step  26450  L=0.1302  src=0.0477  tgt=0.0413  trans=0.0413  gain=-0.0000  |dz|=0.099  11.6 it/s
step  26500  L=0.1103  src=0.0479  tgt=0.0312  trans=0.0312  gain=+0.0000  |dz|=0.065  11.6 it/s
step  26550  L=0.1170  src=0.0351  tgt=0.0409  trans=0.0409  gain=+0.0000  |dz|=0.064  11.6 it/s
step  26600  L=0.5741  src=0.0411  tgt=0.2665  trans=0.2665  gain=+0.0000  |dz|=0.117  11.6 it/s
step  26650  L=0.0727  src=0.0333  tgt=0.0197  trans=0.0197  gain=+0.0000  |dz|=0.059  11.6 it/s
step  26700  L=0.0942  src=0.0537  tgt=0.0202  trans=0.0202  gain=-0.0000  |dz|=0.062  11.6 it/s
step  26750  L=0.0722  src=0.0422  tgt=0.0150  trans=0.0150  gain=+0.0000  |dz|=0.062  11.6 it/s
step  26800  L=0.4466  src=0.0563  tgt=0.1952  trans=0.1951  gain=+0.0000  |dz|=0.119  11.6 it/s
step  26850  L=0.3236  src=0.0506  tgt=0.1365  trans=0.1365  gain=+0.0000  |dz|=0.117  11.6 it/s
step  26900  L=0.0995  src=0.0643  tgt=0.0176  trans=0.0176  gain=+0.0001  |dz|=0.099  11.6 it/s
step  26950  L=0.5653  src=0.0353  tgt=0.2650  trans=0.2650  gain=+0.0000  |dz|=0.119  11.6 it/s
step  27000  L=0.0994  src=0.0380  tgt=0.0307  trans=0.0307  gain=+0.0000  |dz|=0.064  11.6 it/s
step  27050  L=0.4989  src=0.0575  tgt=0.2207  trans=0.2207  gain=-0.0000  |dz|=0.118  11.6 it/s
step  27100  L=0.3822  src=0.0509  tgt=0.1657  trans=0.1657  gain=+0.0000  |dz|=0.116  11.6 it/s
step  27150  L=0.0606  src=0.0250  tgt=0.0178  trans=0.0178  gain=+0.0000  |dz|=0.096  11.6 it/s
step  27200  L=0.0966  src=0.0363  tgt=0.0301  trans=0.0301  gain=+0.0000  |dz|=0.095  11.6 it/s
step  27250  L=0.0965  src=0.0451  tgt=0.0257  trans=0.0257  gain=+0.0000  |dz|=0.098  11.6 it/s
step  27300  L=0.0961  src=0.0393  tgt=0.0284  trans=0.0284  gain=-0.0000  |dz|=0.061  11.6 it/s
step  27350  L=0.1601  src=0.0652  tgt=0.0475  trans=0.0475  gain=+0.0000  |dz|=0.060  11.6 it/s
step  27400  L=0.0948  src=0.0560  tgt=0.0194  trans=0.0194  gain=+0.0001  |dz|=0.095  11.6 it/s
step  27450  L=0.1031  src=0.0601  tgt=0.0215  trans=0.0215  gain=-0.0000  |dz|=0.099  11.6 it/s
step  27500  L=0.4036  src=0.0447  tgt=0.1794  trans=0.1795  gain=-0.0000  |dz|=0.111  11.6 it/s
step  27550  L=0.0903  src=0.0489  tgt=0.0207  trans=0.0207  gain=+0.0000  |dz|=0.098  11.6 it/s
step  27600  L=0.0928  src=0.0574  tgt=0.0177  trans=0.0176  gain=+0.0000  |dz|=0.100  11.6 it/s
step  27650  L=0.1497  src=0.0679  tgt=0.0409  trans=0.0410  gain=-0.0001  |dz|=0.064  11.6 it/s
step  27700  L=0.0675  src=0.0378  tgt=0.0149  trans=0.0148  gain=+0.0000  |dz|=0.060  11.6 it/s
step  27750  L=0.1152  src=0.0538  tgt=0.0307  trans=0.0307  gain=-0.0000  |dz|=0.064  11.6 it/s
step  27800  L=0.0767  src=0.0311  tgt=0.0228  trans=0.0228  gain=+0.0000  |dz|=0.066  11.6 it/s
step  27850  L=0.1420  src=0.0539  tgt=0.0441  trans=0.0441  gain=-0.0000  |dz|=0.067  11.6 it/s
step  27900  L=0.1590  src=0.1114  tgt=0.0238  trans=0.0239  gain=-0.0001  |dz|=0.099  11.6 it/s
step  27950  L=0.0970  src=0.0584  tgt=0.0193  trans=0.0193  gain=+0.0001  |dz|=0.059  11.6 it/s
step  28000  L=0.0739  src=0.0340  tgt=0.0199  trans=0.0199  gain=-0.0000  |dz|=0.097  11.6 it/s
  [diagnostics @ 28000] loss_correct=0.0600  loss_zero=0.0611  loss_shuffled=0.0615  loss_random=0.0615  loss_target_only=0.0600  loss_mean_z=0.0612  r_basis=0.0320  |dz_transport|=0.0891  z_s_vs_enc_rel=1.3236  z_spread_rel=1.0773  gain_vs_zero=0.0011  gain_vs_shuffled=0.0015  gain_vs_target_only=0.0000  gain_vs_mean_z=0.0012  delta_task=0.0012  z_center_norm=0.0303  task_specific_frac=1.0433
step  28050  L=0.1256  src=0.0635  tgt=0.0310  trans=0.0310  gain=+0.0000  |dz|=0.063  11.5 it/s
step  28100  L=0.1253  src=0.0750  tgt=0.0252  trans=0.0251  gain=+0.0000  |dz|=0.064  11.6 it/s
step  28150  L=0.1127  src=0.0673  tgt=0.0227  trans=0.0227  gain=-0.0000  |dz|=0.099  11.6 it/s
step  28200  L=0.1040  src=0.0475  tgt=0.0283  trans=0.0283  gain=+0.0000  |dz|=0.096  11.6 it/s
step  28250  L=0.3762  src=0.0560  tgt=0.1601  trans=0.1601  gain=+0.0000  |dz|=0.113  11.6 it/s
step  28300  L=0.4184  src=0.0495  tgt=0.1845  trans=0.1844  gain=+0.0000  |dz|=0.113  11.6 it/s
step  28350  L=0.7653  src=0.0390  tgt=0.3631  trans=0.3631  gain=-0.0000  |dz|=0.111  11.6 it/s
step  28400  L=0.4018  src=0.0387  tgt=0.1816  trans=0.1816  gain=-0.0000  |dz|=0.111  11.6 it/s
step  28450  L=0.5231  src=0.0602  tgt=0.2315  trans=0.2314  gain=+0.0001  |dz|=0.110  11.6 it/s
step  28500  L=0.1463  src=0.0777  tgt=0.0343  trans=0.0343  gain=+0.0000  |dz|=0.067  11.6 it/s
step  28550  L=0.1342  src=0.0650  tgt=0.0346  trans=0.0346  gain=+0.0000  |dz|=0.064  11.6 it/s
step  28600  L=0.3199  src=0.0263  tgt=0.1470  trans=0.1467  gain=+0.0002  |dz|=0.108  11.6 it/s
step  28650  L=0.4213  src=0.0731  tgt=0.1741  trans=0.1741  gain=-0.0000  |dz|=0.108  11.6 it/s
step  28700  L=0.1196  src=0.0705  tgt=0.0245  trans=0.0246  gain=-0.0000  |dz|=0.064  11.6 it/s
step  28750  L=0.0703  src=0.0332  tgt=0.0186  trans=0.0185  gain=+0.0001  |dz|=0.097  11.6 it/s
step  28800  L=0.2946  src=0.0448  tgt=0.1249  trans=0.1249  gain=+0.0000  |dz|=0.110  11.6 it/s
step  28850  L=0.0998  src=0.0404  tgt=0.0298  trans=0.0296  gain=+0.0003  |dz|=0.098  11.6 it/s
step  28900  L=0.1401  src=0.0562  tgt=0.0420  trans=0.0420  gain=+0.0000  |dz|=0.100  11.6 it/s
step  28950  L=0.2791  src=0.0159  tgt=0.1318  trans=0.1315  gain=+0.0003  |dz|=0.121  11.6 it/s
step  29000  L=0.4274  src=0.0823  tgt=0.1726  trans=0.1726  gain=-0.0000  |dz|=0.123  11.6 it/s
step  29050  L=0.0910  src=0.0565  tgt=0.0173  trans=0.0172  gain=+0.0000  |dz|=0.065  11.6 it/s
step  29100  L=0.0858  src=0.0332  tgt=0.0263  trans=0.0263  gain=+0.0000  |dz|=0.065  11.6 it/s
step  29150  L=0.0673  src=0.0415  tgt=0.0129  trans=0.0129  gain=+0.0000  |dz|=0.096  11.6 it/s
step  29200  L=0.0909  src=0.0364  tgt=0.0273  trans=0.0272  gain=+0.0001  |dz|=0.066  11.6 it/s
step  29250  L=0.0898  src=0.0435  tgt=0.0232  trans=0.0232  gain=+0.0000  |dz|=0.062  11.6 it/s
step  29300  L=0.0959  src=0.0573  tgt=0.0193  trans=0.0193  gain=-0.0000  |dz|=0.100  11.6 it/s
step  29350  L=0.2108  src=0.0328  tgt=0.0890  trans=0.0890  gain=+0.0000  |dz|=0.115  11.6 it/s
step  29400  L=0.2681  src=0.0460  tgt=0.1110  trans=0.1110  gain=+0.0000  |dz|=0.114  11.6 it/s
step  29450  L=0.1605  src=0.0849  tgt=0.0378  trans=0.0378  gain=+0.0000  |dz|=0.099  11.6 it/s
step  29500  L=0.1009  src=0.0411  tgt=0.0299  trans=0.0299  gain=+0.0000  |dz|=0.100  11.6 it/s
step  29550  L=0.3731  src=0.0182  tgt=0.1775  trans=0.1775  gain=+0.0000  |dz|=0.111  11.6 it/s
step  29600  L=0.1262  src=0.0484  tgt=0.0389  trans=0.0389  gain=+0.0000  |dz|=0.066  11.6 it/s
step  29650  L=0.1053  src=0.0545  tgt=0.0254  trans=0.0254  gain=+0.0000  |dz|=0.099  11.6 it/s
step  29700  L=0.2797  src=0.0257  tgt=0.1270  trans=0.1269  gain=+0.0001  |dz|=0.115  11.6 it/s
step  29750  L=0.0743  src=0.0450  tgt=0.0146  trans=0.0147  gain=-0.0001  |dz|=0.094  11.6 it/s
step  29800  L=0.3179  src=0.0450  tgt=0.1365  trans=0.1365  gain=+0.0000  |dz|=0.117  11.6 it/s
step  29850  L=0.1189  src=0.0756  tgt=0.0217  trans=0.0216  gain=+0.0001  |dz|=0.068  11.6 it/s
step  29900  L=0.3477  src=0.0589  tgt=0.1444  trans=0.1445  gain=-0.0001  |dz|=0.115  11.6 it/s
step  29950  L=0.0651  src=0.0329  tgt=0.0161  trans=0.0161  gain=+0.0000  |dz|=0.057  11.6 it/s
step  30000  L=0.1034  src=0.0517  tgt=0.0258  trans=0.0258  gain=+0.0000  |dz|=0.070  11.6 it/s
  [diagnostics @ 30000] loss_correct=0.0809  loss_zero=0.0822  loss_shuffled=0.0835  loss_random=0.0825  loss_target_only=0.0809  loss_mean_z=0.0826  r_basis=0.0347  |dz_transport|=0.0997  z_s_vs_enc_rel=1.5127  z_spread_rel=1.0864  gain_vs_zero=0.0013  gain_vs_shuffled=0.0026  gain_vs_target_only=0.0001  gain_vs_mean_z=0.0017  delta_task=0.0017  z_center_norm=0.0293  task_specific_frac=1.2719
  saved C:\T1D Meta Learning\code\python\meta-diffusion\experiments\linear_transport_replacement_2026-09-24\work\checkpoints\cifar_train50_basis_k16_step30000.pt
step  30050  L=0.1140  src=0.0385  tgt=0.0378  trans=0.0378  gain=-0.0001  |dz|=0.067  11.5 it/s
step  30100  L=0.1304  src=0.0581  tgt=0.0362  trans=0.0361  gain=+0.0001  |dz|=0.099  11.5 it/s
step  30150  L=0.2151  src=0.0516  tgt=0.0817  trans=0.0817  gain=+0.0000  |dz|=0.117  11.6 it/s
step  30200  L=0.1648  src=0.0544  tgt=0.0552  trans=0.0551  gain=+0.0001  |dz|=0.067  11.6 it/s
step  30250  L=0.0954  src=0.0297  tgt=0.0329  trans=0.0329  gain=-0.0000  |dz|=0.065  11.6 it/s
step  30300  L=0.1010  src=0.0375  tgt=0.0318  trans=0.0318  gain=+0.0000  |dz|=0.065  11.6 it/s
step  30350  L=0.0930  src=0.0432  tgt=0.0249  trans=0.0249  gain=+0.0000  |dz|=0.097  11.6 it/s
step  30400  L=0.0909  src=0.0417  tgt=0.0246  trans=0.0246  gain=+0.0000  |dz|=0.069  11.6 it/s
step  30450  L=0.0882  src=0.0391  tgt=0.0245  trans=0.0245  gain=+0.0000  |dz|=0.098  11.6 it/s
step  30500  L=0.2619  src=0.0368  tgt=0.1126  trans=0.1125  gain=+0.0000  |dz|=0.114  11.6 it/s
step  30550  L=0.4262  src=0.0342  tgt=0.1960  trans=0.1960  gain=+0.0001  |dz|=0.113  11.6 it/s
step  30600  L=0.1052  src=0.0558  tgt=0.0247  trans=0.0247  gain=-0.0000  |dz|=0.101  11.6 it/s
step  30650  L=0.1035  src=0.0562  tgt=0.0237  trans=0.0237  gain=-0.0000  |dz|=0.099  11.6 it/s
step  30700  L=0.1154  src=0.0328  tgt=0.0413  trans=0.0413  gain=+0.0000  |dz|=0.063  11.6 it/s
step  30750  L=0.1181  src=0.0556  tgt=0.0313  trans=0.0313  gain=+0.0000  |dz|=0.098  11.6 it/s
step  30800  L=0.2400  src=0.0335  tgt=0.1032  trans=0.1032  gain=-0.0000  |dz|=0.112  11.6 it/s
step  30850  L=0.1072  src=0.0456  tgt=0.0308  trans=0.0308  gain=+0.0000  |dz|=0.064  11.6 it/s
step  30900  L=0.0734  src=0.0292  tgt=0.0221  trans=0.0221  gain=+0.0000  |dz|=0.098  11.6 it/s
step  30950  L=0.0755  src=0.0239  tgt=0.0258  trans=0.0258  gain=+0.0001  |dz|=0.094  11.6 it/s
step  31000  L=0.0857  src=0.0362  tgt=0.0247  trans=0.0247  gain=+0.0000  |dz|=0.060  11.6 it/s
step  31050  L=0.0988  src=0.0426  tgt=0.0281  trans=0.0281  gain=+0.0000  |dz|=0.097  11.6 it/s
step  31100  L=0.0846  src=0.0516  tgt=0.0165  trans=0.0165  gain=+0.0000  |dz|=0.098  11.6 it/s
step  31150  L=0.0900  src=0.0476  tgt=0.0212  trans=0.0212  gain=+0.0000  |dz|=0.098  11.6 it/s
step  31200  L=0.3142  src=0.0700  tgt=0.1221  trans=0.1221  gain=+0.0000  |dz|=0.112  11.6 it/s
step  31250  L=0.1312  src=0.0479  tgt=0.0417  trans=0.0416  gain=+0.0001  |dz|=0.062  11.6 it/s
step  31300  L=0.1039  src=0.0201  tgt=0.0419  trans=0.0419  gain=-0.0000  |dz|=0.063  11.6 it/s
step  31350  L=0.2683  src=0.0606  tgt=0.1039  trans=0.1038  gain=+0.0000  |dz|=0.111  11.6 it/s
step  31400  L=0.1112  src=0.0352  tgt=0.0381  trans=0.0379  gain=+0.0001  |dz|=0.064  11.6 it/s
step  31450  L=0.0856  src=0.0563  tgt=0.0147  trans=0.0147  gain=+0.0000  |dz|=0.098  11.6 it/s
step  31500  L=0.0779  src=0.0445  tgt=0.0167  trans=0.0167  gain=+0.0000  |dz|=0.099  11.6 it/s
step  31550  L=0.0936  src=0.0374  tgt=0.0281  trans=0.0281  gain=+0.0000  |dz|=0.064  11.6 it/s
step  31600  L=0.0865  src=0.0501  tgt=0.0182  trans=0.0182  gain=-0.0001  |dz|=0.101  11.6 it/s
step  31650  L=0.0626  src=0.0183  tgt=0.0222  trans=0.0222  gain=-0.0000  |dz|=0.097  11.6 it/s
step  31700  L=0.0706  src=0.0194  tgt=0.0256  trans=0.0256  gain=+0.0000  |dz|=0.063  11.6 it/s
step  31750  L=0.0918  src=0.0440  tgt=0.0239  trans=0.0239  gain=+0.0000  |dz|=0.064  11.6 it/s
step  31800  L=0.1318  src=0.0630  tgt=0.0344  trans=0.0344  gain=+0.0000  |dz|=0.100  11.6 it/s
step  31850  L=0.1374  src=0.0537  tgt=0.0419  trans=0.0418  gain=+0.0000  |dz|=0.064  11.6 it/s
step  31900  L=0.0788  src=0.0386  tgt=0.0201  trans=0.0201  gain=+0.0000  |dz|=0.097  11.6 it/s
step  31950  L=0.0923  src=0.0531  tgt=0.0196  trans=0.0196  gain=-0.0000  |dz|=0.098  11.6 it/s
step  32000  L=0.0866  src=0.0336  tgt=0.0265  trans=0.0265  gain=+0.0000  |dz|=0.099  11.6 it/s
  [diagnostics @ 32000] loss_correct=0.0787  loss_zero=0.0801  loss_shuffled=0.0817  loss_random=0.0804  loss_target_only=0.0787  loss_mean_z=0.0805  r_basis=0.0341  |dz_transport|=0.0969  z_s_vs_enc_rel=1.4356  z_spread_rel=1.1551  gain_vs_zero=0.0015  gain_vs_shuffled=0.0030  gain_vs_target_only=0.0000  gain_vs_mean_z=0.0018  delta_task=0.0018  z_center_norm=0.0280  task_specific_frac=1.2526
step  32050  L=0.0865  src=0.0367  tgt=0.0249  trans=0.0249  gain=+0.0000  |dz|=0.098  11.6 it/s
step  32100  L=0.3598  src=0.0265  tgt=0.1666  trans=0.1666  gain=+0.0000  |dz|=0.114  11.6 it/s
step  32150  L=0.0907  src=0.0245  tgt=0.0331  trans=0.0331  gain=+0.0000  |dz|=0.066  11.6 it/s
step  32200  L=0.3539  src=0.0705  tgt=0.1417  trans=0.1417  gain=+0.0000  |dz|=0.110  11.6 it/s
step  32250  L=0.0991  src=0.0491  tgt=0.0250  trans=0.0250  gain=+0.0000  |dz|=0.066  11.6 it/s
step  32300  L=0.3779  src=0.0452  tgt=0.1664  trans=0.1663  gain=+0.0001  |dz|=0.112  11.6 it/s
step  32350  L=0.0619  src=0.0247  tgt=0.0186  trans=0.0186  gain=-0.0000  |dz|=0.063  11.6 it/s
step  32400  L=0.2906  src=0.0376  tgt=0.1265  trans=0.1265  gain=+0.0000  |dz|=0.113  11.6 it/s
step  32450  L=0.0697  src=0.0401  tgt=0.0148  trans=0.0148  gain=+0.0000  |dz|=0.057  11.6 it/s
step  32500  L=0.1092  src=0.0664  tgt=0.0214  trans=0.0214  gain=+0.0000  |dz|=0.100  11.6 it/s
step  32550  L=0.3703  src=0.0437  tgt=0.1633  trans=0.1633  gain=+0.0001  |dz|=0.112  11.6 it/s
step  32600  L=0.1102  src=0.0309  tgt=0.0397  trans=0.0397  gain=+0.0000  |dz|=0.066  11.6 it/s
step  32650  L=0.0902  src=0.0293  tgt=0.0305  trans=0.0305  gain=+0.0000  |dz|=0.099  11.6 it/s
step  32700  L=0.0937  src=0.0332  tgt=0.0303  trans=0.0303  gain=+0.0000  |dz|=0.063  11.6 it/s
step  32750  L=0.3178  src=0.0348  tgt=0.1415  trans=0.1415  gain=+0.0000  |dz|=0.113  11.6 it/s
step  32800  L=0.0868  src=0.0415  tgt=0.0227  trans=0.0226  gain=+0.0000  |dz|=0.063  11.6 it/s
step  32850  L=0.2424  src=0.0289  tgt=0.1068  trans=0.1067  gain=+0.0000  |dz|=0.111  11.6 it/s
step  32900  L=0.3144  src=0.0337  tgt=0.1404  trans=0.1403  gain=+0.0001  |dz|=0.109  11.6 it/s
step  32950  L=0.0891  src=0.0381  tgt=0.0255  trans=0.0255  gain=-0.0000  |dz|=0.061  11.6 it/s
step  33000  L=0.1281  src=0.0429  tgt=0.0426  trans=0.0426  gain=+0.0000  |dz|=0.065  11.6 it/s
step  33050  L=0.0745  src=0.0328  tgt=0.0209  trans=0.0208  gain=+0.0001  |dz|=0.099  11.6 it/s
step  33100  L=0.3461  src=0.0511  tgt=0.1475  trans=0.1475  gain=-0.0000  |dz|=0.106  11.6 it/s
step  33150  L=0.0970  src=0.0406  tgt=0.0282  trans=0.0282  gain=+0.0000  |dz|=0.098  11.6 it/s
step  33200  L=0.1015  src=0.0483  tgt=0.0266  trans=0.0266  gain=+0.0000  |dz|=0.098  11.6 it/s
step  33250  L=0.1142  src=0.0480  tgt=0.0331  trans=0.0331  gain=-0.0000  |dz|=0.096  11.6 it/s
step  33300  L=0.4380  src=0.0496  tgt=0.1942  trans=0.1941  gain=+0.0001  |dz|=0.113  11.6 it/s
step  33350  L=0.4030  src=0.0721  tgt=0.1654  trans=0.1654  gain=+0.0000  |dz|=0.113  11.6 it/s
step  33400  L=0.0920  src=0.0493  tgt=0.0214  trans=0.0213  gain=+0.0001  |dz|=0.098  11.6 it/s
step  33450  L=0.2961  src=0.0356  tgt=0.1303  trans=0.1302  gain=+0.0000  |dz|=0.112  11.6 it/s
step  33500  L=0.4165  src=0.0282  tgt=0.1941  trans=0.1941  gain=+0.0000  |dz|=0.115  11.6 it/s
step  33550  L=0.0855  src=0.0360  tgt=0.0247  trans=0.0247  gain=+0.0000  |dz|=0.099  11.6 it/s
step  33600  L=0.3542  src=0.0503  tgt=0.1519  trans=0.1519  gain=-0.0000  |dz|=0.112  11.6 it/s
step  33650  L=0.5034  src=0.0653  tgt=0.2191  trans=0.2190  gain=+0.0001  |dz|=0.110  11.6 it/s
step  33700  L=0.1248  src=0.0645  tgt=0.0301  trans=0.0301  gain=+0.0000  |dz|=0.104  11.6 it/s
step  33750  L=0.1003  src=0.0312  tgt=0.0346  trans=0.0346  gain=-0.0000  |dz|=0.060  11.6 it/s
step  33800  L=0.0966  src=0.0350  tgt=0.0308  trans=0.0308  gain=+0.0000  |dz|=0.066  11.6 it/s
step  33850  L=0.3080  src=0.0459  tgt=0.1310  trans=0.1310  gain=+0.0000  |dz|=0.117  11.6 it/s
step  33900  L=0.3649  src=0.0411  tgt=0.1619  trans=0.1619  gain=+0.0000  |dz|=0.115  11.6 it/s
step  33950  L=0.0753  src=0.0238  tgt=0.0258  trans=0.0257  gain=+0.0000  |dz|=0.099  11.6 it/s
step  34000  L=0.2576  src=0.0273  tgt=0.1151  trans=0.1151  gain=-0.0000  |dz|=0.113  11.6 it/s
  [diagnostics @ 34000] loss_correct=0.0804  loss_zero=0.0818  loss_shuffled=0.0832  loss_random=0.0820  loss_target_only=0.0805  loss_mean_z=0.0821  r_basis=0.0336  |dz_transport|=0.0907  z_s_vs_enc_rel=1.3749  z_spread_rel=1.1995  gain_vs_zero=0.0013  gain_vs_shuffled=0.0028  gain_vs_target_only=0.0001  gain_vs_mean_z=0.0017  delta_task=0.0017  z_center_norm=0.0292  task_specific_frac=1.2888
step  34050  L=0.2348  src=0.0330  tgt=0.1009  trans=0.1009  gain=-0.0000  |dz|=0.110  11.6 it/s
step  34100  L=0.1662  src=0.0727  tgt=0.0467  trans=0.0467  gain=+0.0000  |dz|=0.066  11.6 it/s
step  34150  L=0.1226  src=0.0435  tgt=0.0396  trans=0.0395  gain=+0.0000  |dz|=0.064  11.6 it/s
step  34200  L=0.4495  src=0.0726  tgt=0.1884  trans=0.1884  gain=+0.0000  |dz|=0.110  11.6 it/s
step  34250  L=0.1082  src=0.0611  tgt=0.0235  trans=0.0235  gain=+0.0000  |dz|=0.099  11.6 it/s
step  34300  L=0.1272  src=0.0583  tgt=0.0345  trans=0.0344  gain=+0.0000  |dz|=0.066  11.6 it/s
step  34350  L=0.0951  src=0.0378  tgt=0.0287  trans=0.0287  gain=+0.0000  |dz|=0.064  11.6 it/s
step  34400  L=0.1141  src=0.0605  tgt=0.0268  trans=0.0268  gain=+0.0000  |dz|=0.101  11.6 it/s
step  34450  L=0.0728  src=0.0296  tgt=0.0216  trans=0.0216  gain=+0.0001  |dz|=0.063  11.6 it/s
step  34500  L=0.0994  src=0.0375  tgt=0.0310  trans=0.0309  gain=+0.0001  |dz|=0.099  11.6 it/s
step  34550  L=0.1074  src=0.0285  tgt=0.0394  trans=0.0395  gain=-0.0000  |dz|=0.061  11.6 it/s
step  34600  L=0.0651  src=0.0267  tgt=0.0192  trans=0.0192  gain=+0.0000  |dz|=0.065  11.6 it/s
step  34650  L=0.3701  src=0.0223  tgt=0.1739  trans=0.1739  gain=+0.0000  |dz|=0.110  11.6 it/s
step  34700  L=0.0761  src=0.0416  tgt=0.0173  trans=0.0172  gain=+0.0001  |dz|=0.061  11.6 it/s
step  34750  L=0.3129  src=0.0337  tgt=0.1396  trans=0.1396  gain=+0.0000  |dz|=0.108  11.6 it/s
step  34800  L=0.0776  src=0.0248  tgt=0.0264  trans=0.0264  gain=+0.0000  |dz|=0.062  11.6 it/s
step  34850  L=0.0920  src=0.0407  tgt=0.0257  trans=0.0257  gain=-0.0000  |dz|=0.067  11.6 it/s
step  34900  L=0.3351  src=0.0362  tgt=0.1494  trans=0.1494  gain=+0.0000  |dz|=0.107  11.6 it/s
step  34950  L=0.1444  src=0.0787  tgt=0.0329  trans=0.0328  gain=+0.0001  |dz|=0.098  11.6 it/s
step  35000  L=0.1430  src=0.0801  tgt=0.0315  trans=0.0314  gain=+0.0001  |dz|=0.100  11.6 it/s
step  35050  L=0.2888  src=0.0532  tgt=0.1178  trans=0.1178  gain=-0.0000  |dz|=0.110  11.6 it/s
step  35100  L=0.1105  src=0.0458  tgt=0.0324  trans=0.0323  gain=+0.0001  |dz|=0.067  11.6 it/s
step  35150  L=0.0846  src=0.0407  tgt=0.0220  trans=0.0219  gain=+0.0000  |dz|=0.068  11.6 it/s
step  35200  L=0.3449  src=0.0421  tgt=0.1514  trans=0.1514  gain=+0.0001  |dz|=0.106  11.6 it/s
step  35250  L=0.0825  src=0.0329  tgt=0.0248  trans=0.0248  gain=+0.0000  |dz|=0.102  11.6 it/s
step  35300  L=0.0701  src=0.0330  tgt=0.0185  trans=0.0186  gain=-0.0000  |dz|=0.065  11.6 it/s
step  35350  L=0.1115  src=0.0580  tgt=0.0268  trans=0.0267  gain=+0.0000  |dz|=0.065  11.6 it/s
step  35400  L=0.3032  src=0.0313  tgt=0.1359  trans=0.1359  gain=+0.0001  |dz|=0.108  11.6 it/s
step  35450  L=0.0995  src=0.0396  tgt=0.0300  trans=0.0300  gain=-0.0000  |dz|=0.101  11.6 it/s
step  35500  L=0.4462  src=0.0230  tgt=0.2116  trans=0.2116  gain=+0.0000  |dz|=0.108  11.6 it/s
step  35550  L=0.1078  src=0.0234  tgt=0.0422  trans=0.0422  gain=+0.0000  |dz|=0.064  11.6 it/s
step  35600  L=0.1243  src=0.0391  tgt=0.0426  trans=0.0426  gain=-0.0000  |dz|=0.067  11.6 it/s
step  35650  L=0.2592  src=0.0324  tgt=0.1134  trans=0.1134  gain=+0.0000  |dz|=0.110  11.6 it/s
step  35700  L=0.4013  src=0.0264  tgt=0.1875  trans=0.1875  gain=-0.0000  |dz|=0.108  11.6 it/s
step  35750  L=0.4143  src=0.0413  tgt=0.1865  trans=0.1865  gain=+0.0000  |dz|=0.107  11.6 it/s
step  35800  L=0.1449  src=0.0490  tgt=0.0479  trans=0.0479  gain=+0.0000  |dz|=0.068  11.6 it/s
step  35850  L=0.0817  src=0.0405  tgt=0.0206  trans=0.0206  gain=-0.0000  |dz|=0.102  11.6 it/s
step  35900  L=0.1512  src=0.0410  tgt=0.0551  trans=0.0551  gain=+0.0000  |dz|=0.065  11.6 it/s
step  35950  L=0.0797  src=0.0397  tgt=0.0200  trans=0.0200  gain=+0.0000  |dz|=0.102  11.6 it/s
step  36000  L=0.2202  src=0.0263  tgt=0.0970  trans=0.0969  gain=+0.0001  |dz|=0.105  11.6 it/s
  [diagnostics @ 36000] loss_correct=0.0901  loss_zero=0.0914  loss_shuffled=0.0915  loss_random=0.0916  loss_target_only=0.0901  loss_mean_z=0.0918  r_basis=0.0334  |dz_transport|=0.0909  z_s_vs_enc_rel=1.3405  z_spread_rel=1.2211  gain_vs_zero=0.0013  gain_vs_shuffled=0.0015  gain_vs_target_only=0.0000  gain_vs_mean_z=0.0018  delta_task=0.0018  z_center_norm=0.0284  task_specific_frac=1.3758
step  36050  L=0.1116  src=0.0510  tgt=0.0303  trans=0.0303  gain=+0.0000  |dz|=0.067  11.6 it/s
step  36100  L=0.0936  src=0.0481  tgt=0.0228  trans=0.0228  gain=+0.0000  |dz|=0.070  11.6 it/s
step  36150  L=0.4844  src=0.0242  tgt=0.2301  trans=0.2301  gain=+0.0000  |dz|=0.110  11.6 it/s
step  36200  L=0.0740  src=0.0350  tgt=0.0195  trans=0.0195  gain=-0.0000  |dz|=0.063  11.6 it/s
step  36250  L=0.0592  src=0.0246  tgt=0.0173  trans=0.0173  gain=+0.0000  |dz|=0.067  11.6 it/s
step  36300  L=0.0783  src=0.0399  tgt=0.0192  trans=0.0192  gain=+0.0000  |dz|=0.097  11.6 it/s
step  36350  L=0.1103  src=0.0507  tgt=0.0298  trans=0.0298  gain=+0.0000  |dz|=0.101  11.6 it/s
step  36400  L=0.0718  src=0.0293  tgt=0.0213  trans=0.0213  gain=+0.0000  |dz|=0.062  11.6 it/s
step  36450  L=0.3442  src=0.0509  tgt=0.1466  trans=0.1466  gain=+0.0000  |dz|=0.108  11.6 it/s
step  36500  L=0.1021  src=0.0582  tgt=0.0219  trans=0.0219  gain=+0.0000  |dz|=0.064  11.6 it/s
step  36550  L=0.1124  src=0.0719  tgt=0.0203  trans=0.0203  gain=-0.0000  |dz|=0.101  11.6 it/s
step  36600  L=0.1277  src=0.0321  tgt=0.0478  trans=0.0478  gain=-0.0000  |dz|=0.065  11.6 it/s
step  36650  L=0.0833  src=0.0386  tgt=0.0223  trans=0.0224  gain=-0.0000  |dz|=0.099  11.6 it/s
step  36700  L=0.4419  src=0.0260  tgt=0.2080  trans=0.2080  gain=+0.0000  |dz|=0.108  11.6 it/s
step  36750  L=0.1231  src=0.0237  tgt=0.0497  trans=0.0497  gain=-0.0000  |dz|=0.068  11.6 it/s
step  36800  L=0.0947  src=0.0472  tgt=0.0238  trans=0.0237  gain=+0.0001  |dz|=0.100  11.6 it/s
step  36850  L=0.0903  src=0.0472  tgt=0.0216  trans=0.0215  gain=+0.0000  |dz|=0.098  11.6 it/s
step  36900  L=0.0993  src=0.0472  tgt=0.0260  trans=0.0260  gain=+0.0000  |dz|=0.062  11.6 it/s
step  36950  L=0.3415  src=0.0296  tgt=0.1560  trans=0.1559  gain=+0.0001  |dz|=0.108  11.6 it/s
step  37000  L=0.1150  src=0.0550  tgt=0.0300  trans=0.0300  gain=-0.0000  |dz|=0.065  11.6 it/s
step  37050  L=0.0719  src=0.0361  tgt=0.0179  trans=0.0179  gain=-0.0000  |dz|=0.103  11.6 it/s
step  37100  L=0.0691  src=0.0269  tgt=0.0211  trans=0.0211  gain=+0.0000  |dz|=0.067  11.6 it/s
step  37150  L=0.1083  src=0.0545  tgt=0.0269  trans=0.0269  gain=+0.0000  |dz|=0.101  11.6 it/s
step  37200  L=0.1318  src=0.0744  tgt=0.0288  trans=0.0287  gain=+0.0001  |dz|=0.101  11.6 it/s
step  37250  L=0.4112  src=0.0400  tgt=0.1856  trans=0.1856  gain=+0.0000  |dz|=0.108  11.6 it/s
step  37300  L=0.0821  src=0.0425  tgt=0.0198  trans=0.0198  gain=+0.0001  |dz|=0.099  11.6 it/s
step  37350  L=0.0654  src=0.0213  tgt=0.0221  trans=0.0220  gain=+0.0001  |dz|=0.100  11.6 it/s
step  37400  L=0.0932  src=0.0443  tgt=0.0244  trans=0.0245  gain=-0.0001  |dz|=0.103  11.6 it/s
step  37450  L=0.0857  src=0.0465  tgt=0.0197  trans=0.0196  gain=+0.0001  |dz|=0.098  11.6 it/s
step  37500  L=0.1217  src=0.0360  tgt=0.0428  trans=0.0428  gain=+0.0000  |dz|=0.067  11.6 it/s
step  37550  L=0.1148  src=0.0503  tgt=0.0322  trans=0.0322  gain=-0.0000  |dz|=0.068  11.6 it/s
step  37600  L=0.0646  src=0.0259  tgt=0.0194  trans=0.0193  gain=+0.0001  |dz|=0.061  11.6 it/s
step  37650  L=0.3615  src=0.0318  tgt=0.1649  trans=0.1648  gain=+0.0001  |dz|=0.111  11.6 it/s
step  37700  L=0.0896  src=0.0383  tgt=0.0256  trans=0.0257  gain=-0.0000  |dz|=0.070  11.6 it/s
step  37750  L=0.0583  src=0.0182  tgt=0.0200  trans=0.0200  gain=+0.0000  |dz|=0.097  11.6 it/s
step  37800  L=0.0896  src=0.0463  tgt=0.0216  trans=0.0216  gain=+0.0000  |dz|=0.102  11.6 it/s
step  37850  L=0.3120  src=0.0355  tgt=0.1382  trans=0.1382  gain=-0.0000  |dz|=0.110  11.6 it/s
step  37900  L=0.3955  src=0.0326  tgt=0.1815  trans=0.1815  gain=+0.0000  |dz|=0.111  11.6 it/s
step  37950  L=0.1402  src=0.0416  tgt=0.0493  trans=0.0493  gain=+0.0000  |dz|=0.066  11.6 it/s
step  38000  L=0.1100  src=0.0582  tgt=0.0259  trans=0.0259  gain=+0.0000  |dz|=0.101  11.6 it/s
  [diagnostics @ 38000] loss_correct=0.0855  loss_zero=0.0867  loss_shuffled=0.0887  loss_random=0.0869  loss_target_only=0.0856  loss_mean_z=0.0872  r_basis=0.0325  |dz_transport|=0.0934  z_s_vs_enc_rel=1.3926  z_spread_rel=1.2231  gain_vs_zero=0.0012  gain_vs_shuffled=0.0032  gain_vs_target_only=0.0000  gain_vs_mean_z=0.0017  delta_task=0.0017  z_center_norm=0.0297  task_specific_frac=1.4309
step  38050  L=0.1145  src=0.0657  tgt=0.0244  trans=0.0244  gain=+0.0000  |dz|=0.101  11.5 it/s
step  38100  L=0.0629  src=0.0325  tgt=0.0152  trans=0.0152  gain=-0.0000  |dz|=0.100  11.5 it/s
step  38150  L=0.0641  src=0.0218  tgt=0.0212  trans=0.0211  gain=+0.0001  |dz|=0.095  11.5 it/s
step  38200  L=0.0526  src=0.0235  tgt=0.0146  trans=0.0145  gain=+0.0000  |dz|=0.090  11.5 it/s
step  38250  L=0.0898  src=0.0320  tgt=0.0289  trans=0.0289  gain=-0.0000  |dz|=0.065  11.5 it/s
step  38300  L=0.1178  src=0.0491  tgt=0.0343  trans=0.0343  gain=-0.0000  |dz|=0.102  11.5 it/s
step  38350  L=0.0755  src=0.0215  tgt=0.0270  trans=0.0270  gain=+0.0000  |dz|=0.102  11.5 it/s
step  38400  L=0.1129  src=0.0264  tgt=0.0433  trans=0.0433  gain=-0.0000  |dz|=0.066  11.6 it/s
step  38450  L=0.5541  src=0.0632  tgt=0.2455  trans=0.2455  gain=+0.0000  |dz|=0.109  11.6 it/s
step  38500  L=0.0980  src=0.0405  tgt=0.0288  trans=0.0287  gain=+0.0000  |dz|=0.101  11.6 it/s
step  38550  L=0.1108  src=0.0427  tgt=0.0340  trans=0.0340  gain=+0.0000  |dz|=0.066  11.6 it/s
step  38600  L=0.0747  src=0.0270  tgt=0.0239  trans=0.0238  gain=+0.0000  |dz|=0.101  11.6 it/s
step  38650  L=0.0808  src=0.0357  tgt=0.0226  trans=0.0226  gain=-0.0000  |dz|=0.100  11.6 it/s
step  38700  L=0.0743  src=0.0224  tgt=0.0260  trans=0.0259  gain=+0.0000  |dz|=0.095  11.6 it/s
step  38750  L=0.1001  src=0.0762  tgt=0.0120  trans=0.0120  gain=-0.0000  |dz|=0.066  11.6 it/s
step  38800  L=0.0967  src=0.0255  tgt=0.0356  trans=0.0356  gain=-0.0000  |dz|=0.066  11.6 it/s
step  38850  L=0.0982  src=0.0447  tgt=0.0267  trans=0.0267  gain=+0.0000  |dz|=0.066  11.6 it/s
step  38900  L=0.1189  src=0.0240  tgt=0.0475  trans=0.0475  gain=+0.0000  |dz|=0.065  11.6 it/s
step  38950  L=0.0920  src=0.0460  tgt=0.0230  trans=0.0230  gain=+0.0000  |dz|=0.101  11.6 it/s
step  39000  L=0.2491  src=0.0424  tgt=0.1033  trans=0.1033  gain=+0.0000  |dz|=0.109  11.6 it/s
step  39050  L=0.0836  src=0.0431  tgt=0.0203  trans=0.0203  gain=+0.0000  |dz|=0.103  11.6 it/s
step  39100  L=0.0780  src=0.0286  tgt=0.0247  trans=0.0247  gain=-0.0000  |dz|=0.065  11.6 it/s
step  39150  L=0.3365  src=0.0370  tgt=0.1498  trans=0.1497  gain=+0.0001  |dz|=0.108  11.6 it/s
step  39200  L=0.0970  src=0.0200  tgt=0.0386  trans=0.0385  gain=+0.0001  |dz|=0.064  11.6 it/s
step  39250  L=0.0727  src=0.0302  tgt=0.0213  trans=0.0212  gain=+0.0000  |dz|=0.099  11.6 it/s
step  39300  L=0.0816  src=0.0312  tgt=0.0252  trans=0.0252  gain=-0.0000  |dz|=0.099  11.6 it/s
step  39350  L=0.0923  src=0.0300  tgt=0.0312  trans=0.0312  gain=-0.0000  |dz|=0.068  11.6 it/s
step  39400  L=0.0800  src=0.0307  tgt=0.0246  trans=0.0246  gain=+0.0000  |dz|=0.101  11.6 it/s
step  39450  L=0.0762  src=0.0303  tgt=0.0229  trans=0.0230  gain=-0.0000  |dz|=0.097  11.6 it/s
step  39500  L=0.0767  src=0.0322  tgt=0.0223  trans=0.0223  gain=+0.0000  |dz|=0.063  11.6 it/s
step  39550  L=0.0739  src=0.0347  tgt=0.0196  trans=0.0196  gain=+0.0000  |dz|=0.104  11.6 it/s
step  39600  L=0.0815  src=0.0357  tgt=0.0229  trans=0.0230  gain=-0.0000  |dz|=0.064  11.6 it/s
step  39650  L=0.1054  src=0.0304  tgt=0.0375  trans=0.0375  gain=-0.0000  |dz|=0.065  11.6 it/s
step  39700  L=0.0903  src=0.0439  tgt=0.0232  trans=0.0232  gain=-0.0000  |dz|=0.102  11.6 it/s
step  39750  L=0.1039  src=0.0486  tgt=0.0277  trans=0.0277  gain=+0.0000  |dz|=0.067  11.6 it/s
step  39800  L=0.0982  src=0.0432  tgt=0.0275  trans=0.0275  gain=-0.0000  |dz|=0.100  11.6 it/s
step  39850  L=0.0674  src=0.0235  tgt=0.0220  trans=0.0220  gain=+0.0000  |dz|=0.100  11.6 it/s
step  39900  L=0.0884  src=0.0249  tgt=0.0318  trans=0.0317  gain=+0.0000  |dz|=0.066  11.6 it/s
step  39950  L=0.1170  src=0.0462  tgt=0.0354  trans=0.0354  gain=-0.0000  |dz|=0.101  11.6 it/s
step  40000  L=0.3167  src=0.0387  tgt=0.1390  trans=0.1390  gain=-0.0000  |dz|=0.108  11.6 it/s
  [diagnostics @ 40000] loss_correct=0.0701  loss_zero=0.0712  loss_shuffled=0.0721  loss_random=0.0714  loss_target_only=0.0701  loss_mean_z=0.0714  r_basis=0.0312  |dz_transport|=0.0849  z_s_vs_enc_rel=1.3002  z_spread_rel=1.1636  gain_vs_zero=0.0011  gain_vs_shuffled=0.0020  gain_vs_target_only=0.0000  gain_vs_mean_z=0.0013  delta_task=0.0013  z_center_norm=0.0272  task_specific_frac=1.2577
  saved C:\T1D Meta Learning\code\python\meta-diffusion\experiments\linear_transport_replacement_2026-09-24\work\checkpoints\cifar_train50_basis_k16_step40000.pt
step  40050  L=0.0829  src=0.0229  tgt=0.0300  trans=0.0300  gain=+0.0000  |dz|=0.101  11.5 it/s
step  40100  L=0.1275  src=0.0505  tgt=0.0385  trans=0.0385  gain=+0.0000  |dz|=0.070  11.5 it/s
step  40150  L=0.1061  src=0.0464  tgt=0.0299  trans=0.0299  gain=+0.0000  |dz|=0.100  11.5 it/s
step  40200  L=0.4768  src=0.0785  tgt=0.1991  trans=0.1991  gain=+0.0000  |dz|=0.108  11.5 it/s
step  40250  L=0.0915  src=0.0361  tgt=0.0277  trans=0.0277  gain=+0.0000  |dz|=0.067  11.5 it/s
step  40300  L=0.0565  src=0.0273  tgt=0.0146  trans=0.0146  gain=-0.0000  |dz|=0.063  11.5 it/s
step  40350  L=0.0894  src=0.0354  tgt=0.0271  trans=0.0270  gain=+0.0001  |dz|=0.063  11.5 it/s
step  40400  L=0.3744  src=0.0603  tgt=0.1571  trans=0.1570  gain=+0.0000  |dz|=0.105  11.5 it/s
step  40450  L=0.1135  src=0.0515  tgt=0.0310  trans=0.0310  gain=+0.0000  |dz|=0.065  11.5 it/s
step  40500  L=0.0939  src=0.0355  tgt=0.0292  trans=0.0292  gain=-0.0000  |dz|=0.068  11.5 it/s
step  40550  L=0.0732  src=0.0334  tgt=0.0199  trans=0.0199  gain=-0.0000  |dz|=0.100  11.5 it/s
step  40600  L=0.5283  src=0.0552  tgt=0.2366  trans=0.2366  gain=+0.0000  |dz|=0.109  11.5 it/s
step  40650  L=0.0955  src=0.0210  tgt=0.0372  trans=0.0373  gain=-0.0000  |dz|=0.062  11.6 it/s
step  40700  L=0.0850  src=0.0361  tgt=0.0245  trans=0.0244  gain=+0.0001  |dz|=0.102  11.6 it/s
step  40750  L=0.3516  src=0.0301  tgt=0.1607  trans=0.1607  gain=-0.0000  |dz|=0.108  11.6 it/s
step  40800  L=0.0930  src=0.0255  tgt=0.0338  trans=0.0338  gain=+0.0000  |dz|=0.103  11.6 it/s
step  40850  L=0.4922  src=0.0170  tgt=0.2376  trans=0.2376  gain=-0.0000  |dz|=0.104  11.6 it/s
step  40900  L=0.0843  src=0.0396  tgt=0.0224  trans=0.0223  gain=+0.0000  |dz|=0.099  11.6 it/s
step  40950  L=0.2723  src=0.0294  tgt=0.1214  trans=0.1214  gain=+0.0000  |dz|=0.107  11.6 it/s
step  41000  L=0.5274  src=0.0720  tgt=0.2277  trans=0.2277  gain=+0.0000  |dz|=0.107  11.6 it/s
step  41050  L=0.1105  src=0.0488  tgt=0.0309  trans=0.0309  gain=+0.0000  |dz|=0.102  11.6 it/s
step  41100  L=0.0875  src=0.0341  tgt=0.0267  trans=0.0267  gain=+0.0000  |dz|=0.070  11.6 it/s
step  41150  L=0.0617  src=0.0296  tgt=0.0161  trans=0.0160  gain=+0.0001  |dz|=0.069  11.6 it/s
step  41200  L=0.4837  src=0.0495  tgt=0.2171  trans=0.2171  gain=+0.0000  |dz|=0.105  11.6 it/s
step  41250  L=0.0826  src=0.0343  tgt=0.0242  trans=0.0242  gain=+0.0000  |dz|=0.101  11.6 it/s
step  41300  L=0.0633  src=0.0162  tgt=0.0236  trans=0.0236  gain=-0.0000  |dz|=0.059  11.6 it/s
step  41350  L=0.4916  src=0.0448  tgt=0.2234  trans=0.2235  gain=-0.0001  |dz|=0.109  11.6 it/s
step  41400  L=0.1388  src=0.0320  tgt=0.0534  trans=0.0534  gain=-0.0000  |dz|=0.068  11.6 it/s
step  41450  L=0.2926  src=0.0255  tgt=0.1335  trans=0.1335  gain=+0.0000  |dz|=0.107  11.6 it/s
step  41500  L=0.0478  src=0.0140  tgt=0.0170  trans=0.0168  gain=+0.0002  |dz|=0.060  11.6 it/s
step  41550  L=0.5608  src=0.0406  tgt=0.2601  trans=0.2601  gain=+0.0000  |dz|=0.106  11.6 it/s
step  41600  L=0.3126  src=0.0365  tgt=0.1381  trans=0.1380  gain=+0.0000  |dz|=0.110  11.6 it/s
step  41650  L=0.0645  src=0.0177  tgt=0.0234  trans=0.0234  gain=-0.0000  |dz|=0.064  11.6 it/s
step  41700  L=0.0882  src=0.0305  tgt=0.0288  trans=0.0289  gain=-0.0000  |dz|=0.067  11.6 it/s
step  41750  L=0.3941  src=0.0533  tgt=0.1704  trans=0.1704  gain=-0.0000  |dz|=0.109  11.6 it/s
step  41800  L=0.1126  src=0.0511  tgt=0.0307  trans=0.0307  gain=+0.0000  |dz|=0.070  11.6 it/s
step  41850  L=0.3402  src=0.0245  tgt=0.1579  trans=0.1578  gain=+0.0000  |dz|=0.107  11.6 it/s
step  41900  L=0.4900  src=0.0205  tgt=0.2347  trans=0.2347  gain=+0.0000  |dz|=0.106  11.6 it/s
step  41950  L=0.0842  src=0.0273  tgt=0.0285  trans=0.0285  gain=-0.0000  |dz|=0.067  11.6 it/s
step  42000  L=0.1274  src=0.0356  tgt=0.0459  trans=0.0459  gain=+0.0001  |dz|=0.071  11.6 it/s
  [diagnostics @ 42000] loss_correct=0.0750  loss_zero=0.0762  loss_shuffled=0.0772  loss_random=0.0765  loss_target_only=0.0750  loss_mean_z=0.0766  r_basis=0.0318  |dz_transport|=0.0933  z_s_vs_enc_rel=1.3423  z_spread_rel=1.2363  gain_vs_zero=0.0012  gain_vs_shuffled=0.0023  gain_vs_target_only=0.0001  gain_vs_mean_z=0.0016  delta_task=0.0016  z_center_norm=0.0274  task_specific_frac=1.3179
step  42050  L=0.1203  src=0.0653  tgt=0.0275  trans=0.0275  gain=+0.0000  |dz|=0.067  11.5 it/s
step  42100  L=0.3022  src=0.0253  tgt=0.1384  trans=0.1384  gain=-0.0000  |dz|=0.107  11.5 it/s
step  42150  L=0.1007  src=0.0512  tgt=0.0248  trans=0.0247  gain=+0.0000  |dz|=0.064  11.5 it/s
step  42200  L=0.0793  src=0.0324  tgt=0.0234  trans=0.0234  gain=+0.0000  |dz|=0.064  11.5 it/s
step  42250  L=0.3358  src=0.0411  tgt=0.1474  trans=0.1474  gain=-0.0000  |dz|=0.108  11.5 it/s
step  42300  L=0.2080  src=0.0306  tgt=0.0888  trans=0.0887  gain=+0.0001  |dz|=0.106  11.5 it/s
step  42350  L=0.0682  src=0.0296  tgt=0.0193  trans=0.0193  gain=+0.0000  |dz|=0.065  11.5 it/s
step  42400  L=0.0951  src=0.0487  tgt=0.0232  trans=0.0232  gain=+0.0000  |dz|=0.109  11.5 it/s
step  42450  L=0.3196  src=0.0444  tgt=0.1376  trans=0.1376  gain=-0.0001  |dz|=0.132  11.6 it/s
step  42500  L=0.0944  src=0.0506  tgt=0.0219  trans=0.0219  gain=+0.0001  |dz|=0.109  11.6 it/s
step  42550  L=0.1353  src=0.0285  tgt=0.0534  trans=0.0534  gain=+0.0000  |dz|=0.068  11.6 it/s
step  42600  L=0.3136  src=0.0293  tgt=0.1422  trans=0.1421  gain=+0.0001  |dz|=0.131  11.6 it/s
step  42650  L=0.1421  src=0.0583  tgt=0.0419  trans=0.0419  gain=+0.0000  |dz|=0.107  11.6 it/s
step  42700  L=0.0790  src=0.0329  tgt=0.0231  trans=0.0230  gain=+0.0000  |dz|=0.101  11.6 it/s
step  42750  L=0.1277  src=0.0695  tgt=0.0291  trans=0.0291  gain=+0.0000  |dz|=0.105  11.6 it/s
step  42800  L=0.3280  src=0.0251  tgt=0.1514  trans=0.1515  gain=-0.0000  |dz|=0.122  11.6 it/s
step  42850  L=0.0807  src=0.0347  tgt=0.0230  trans=0.0230  gain=+0.0000  |dz|=0.104  11.6 it/s
step  42900  L=0.0864  src=0.0292  tgt=0.0286  trans=0.0286  gain=-0.0000  |dz|=0.065  11.6 it/s
step  42950  L=0.1572  src=0.0744  tgt=0.0414  trans=0.0414  gain=+0.0000  |dz|=0.070  11.6 it/s
step  43000  L=0.0760  src=0.0187  tgt=0.0286  trans=0.0286  gain=-0.0000  |dz|=0.106  11.6 it/s
step  43050  L=0.0802  src=0.0374  tgt=0.0214  trans=0.0214  gain=+0.0000  |dz|=0.068  11.6 it/s
step  43100  L=0.0724  src=0.0292  tgt=0.0216  trans=0.0215  gain=+0.0001  |dz|=0.067  11.6 it/s
step  43150  L=0.0803  src=0.0260  tgt=0.0272  trans=0.0271  gain=+0.0000  |dz|=0.099  11.6 it/s
step  43200  L=0.0781  src=0.0162  tgt=0.0310  trans=0.0310  gain=+0.0000  |dz|=0.061  11.6 it/s
step  43250  L=0.1249  src=0.0467  tgt=0.0391  trans=0.0391  gain=-0.0000  |dz|=0.102  11.6 it/s
step  43300  L=0.0903  src=0.0449  tgt=0.0227  trans=0.0227  gain=+0.0000  |dz|=0.058  11.6 it/s
step  43350  L=0.0997  src=0.0450  tgt=0.0273  trans=0.0274  gain=-0.0000  |dz|=0.103  11.6 it/s
step  43400  L=0.1194  src=0.0233  tgt=0.0481  trans=0.0481  gain=+0.0000  |dz|=0.066  11.6 it/s
step  43450  L=0.0696  src=0.0286  tgt=0.0205  trans=0.0205  gain=-0.0000  |dz|=0.097  11.6 it/s
step  43500  L=0.3897  src=0.0479  tgt=0.1709  trans=0.1709  gain=+0.0000  |dz|=0.112  11.6 it/s
step  43550  L=0.0857  src=0.0343  tgt=0.0257  trans=0.0257  gain=-0.0000  |dz|=0.068  11.6 it/s
step  43600  L=0.1198  src=0.0616  tgt=0.0291  trans=0.0291  gain=-0.0000  |dz|=0.103  11.6 it/s
step  43650  L=0.1141  src=0.0332  tgt=0.0405  trans=0.0405  gain=-0.0000  |dz|=0.098  11.6 it/s
step  43700  L=0.3375  src=0.0240  tgt=0.1567  trans=0.1567  gain=+0.0000  |dz|=0.111  11.6 it/s
step  43750  L=0.2605  src=0.0316  tgt=0.1144  trans=0.1144  gain=+0.0000  |dz|=0.113  11.6 it/s
step  43800  L=0.2386  src=0.0273  tgt=0.1056  trans=0.1056  gain=+0.0000  |dz|=0.110  11.6 it/s
step  43850  L=0.1389  src=0.0571  tgt=0.0409  trans=0.0409  gain=+0.0000  |dz|=0.065  11.6 it/s
step  43900  L=0.1586  src=0.0528  tgt=0.0529  trans=0.0529  gain=+0.0000  |dz|=0.066  11.6 it/s
step  43950  L=0.3308  src=0.0377  tgt=0.1466  trans=0.1466  gain=+0.0000  |dz|=0.113  11.6 it/s
step  44000  L=0.3741  src=0.0765  tgt=0.1488  trans=0.1488  gain=-0.0000  |dz|=0.111  11.6 it/s
  [diagnostics @ 44000] loss_correct=0.0990  loss_zero=0.1007  loss_shuffled=0.1015  loss_random=0.1010  loss_target_only=0.0991  loss_mean_z=0.1014  r_basis=0.0371  |dz_transport|=0.0967  z_s_vs_enc_rel=1.4701  z_spread_rel=1.1900  gain_vs_zero=0.0016  gain_vs_shuffled=0.0025  gain_vs_target_only=0.0000  gain_vs_mean_z=0.0024  delta_task=0.0024  z_center_norm=0.0277  task_specific_frac=1.4267
step  44050  L=0.2367  src=0.0507  tgt=0.0930  trans=0.0930  gain=+0.0000  |dz|=0.112  11.5 it/s
step  44100  L=0.1097  src=0.0398  tgt=0.0350  trans=0.0350  gain=+0.0000  |dz|=0.066  11.5 it/s
step  44150  L=0.4222  src=0.0387  tgt=0.1917  trans=0.1917  gain=-0.0000  |dz|=0.113  11.5 it/s
step  44200  L=0.0568  src=0.0226  tgt=0.0171  trans=0.0171  gain=+0.0000  |dz|=0.100  11.6 it/s
step  44250  L=0.0975  src=0.0469  tgt=0.0252  trans=0.0253  gain=-0.0001  |dz|=0.102  11.6 it/s
step  44300  L=0.1073  src=0.0190  tgt=0.0441  trans=0.0441  gain=+0.0000  |dz|=0.066  11.6 it/s
step  44350  L=0.3350  src=0.0182  tgt=0.1584  trans=0.1584  gain=+0.0000  |dz|=0.112  11.6 it/s
step  44400  L=0.0728  src=0.0219  tgt=0.0254  trans=0.0254  gain=+0.0000  |dz|=0.100  11.6 it/s
step  44450  L=0.0895  src=0.0394  tgt=0.0251  trans=0.0250  gain=+0.0000  |dz|=0.104  11.6 it/s
step  44500  L=0.3256  src=0.0407  tgt=0.1424  trans=0.1424  gain=+0.0000  |dz|=0.108  11.6 it/s
step  44550  L=0.4035  src=0.0456  tgt=0.1789  trans=0.1789  gain=-0.0000  |dz|=0.112  11.6 it/s
step  44600  L=0.0911  src=0.0425  tgt=0.0243  trans=0.0243  gain=+0.0000  |dz|=0.104  11.6 it/s
step  44650  L=0.4059  src=0.0553  tgt=0.1753  trans=0.1753  gain=-0.0000  |dz|=0.111  11.6 it/s
step  44700  L=0.5093  src=0.0199  tgt=0.2447  trans=0.2447  gain=-0.0000  |dz|=0.110  11.6 it/s
step  44750  L=0.3944  src=0.0291  tgt=0.1826  trans=0.1827  gain=-0.0000  |dz|=0.112  11.6 it/s
step  44800  L=0.3771  src=0.0404  tgt=0.1684  trans=0.1683  gain=+0.0000  |dz|=0.111  11.6 it/s
step  44850  L=0.3514  src=0.0534  tgt=0.1490  trans=0.1490  gain=+0.0000  |dz|=0.112  11.6 it/s
step  44900  L=0.1312  src=0.0531  tgt=0.0391  trans=0.0390  gain=+0.0001  |dz|=0.067  11.6 it/s
step  44950  L=0.3779  src=0.0329  tgt=0.1725  trans=0.1725  gain=+0.0000  |dz|=0.109  11.6 it/s
step  45000  L=0.0704  src=0.0211  tgt=0.0247  trans=0.0247  gain=+0.0000  |dz|=0.067  11.6 it/s
step  45050  L=0.4168  src=0.0436  tgt=0.1866  trans=0.1866  gain=-0.0000  |dz|=0.110  11.6 it/s
step  45100  L=0.1189  src=0.0507  tgt=0.0341  trans=0.0341  gain=+0.0000  |dz|=0.068  11.6 it/s
step  45150  L=0.3882  src=0.0597  tgt=0.1642  trans=0.1643  gain=-0.0000  |dz|=0.109  11.6 it/s
step  45200  L=0.0849  src=0.0346  tgt=0.0251  trans=0.0251  gain=+0.0000  |dz|=0.065  11.6 it/s
step  45250  L=0.1114  src=0.0376  tgt=0.0369  trans=0.0369  gain=-0.0000  |dz|=0.067  11.6 it/s
step  45300  L=0.0736  src=0.0362  tgt=0.0187  trans=0.0187  gain=-0.0000  |dz|=0.066  11.6 it/s
step  45350  L=0.0757  src=0.0240  tgt=0.0259  trans=0.0258  gain=+0.0001  |dz|=0.067  11.6 it/s
step  45400  L=0.0751  src=0.0138  tgt=0.0307  trans=0.0307  gain=+0.0000  |dz|=0.102  11.6 it/s
step  45450  L=0.0721  src=0.0393  tgt=0.0164  trans=0.0164  gain=+0.0000  |dz|=0.102  11.6 it/s
step  45500  L=0.4892  src=0.0634  tgt=0.2129  trans=0.2129  gain=-0.0000  |dz|=0.109  11.6 it/s
step  45550  L=0.0803  src=0.0339  tgt=0.0232  trans=0.0232  gain=+0.0000  |dz|=0.062  11.6 it/s
step  45600  L=0.0767  src=0.0202  tgt=0.0283  trans=0.0282  gain=+0.0000  |dz|=0.061  11.6 it/s
step  45650  L=0.0727  src=0.0300  tgt=0.0214  trans=0.0213  gain=+0.0001  |dz|=0.101  11.6 it/s
step  45700  L=0.0837  src=0.0344  tgt=0.0246  trans=0.0246  gain=+0.0000  |dz|=0.104  11.6 it/s
step  45750  L=0.0816  src=0.0231  tgt=0.0293  trans=0.0293  gain=-0.0000  |dz|=0.104  11.6 it/s
step  45800  L=0.2410  src=0.0290  tgt=0.1060  trans=0.1060  gain=+0.0000  |dz|=0.107  11.6 it/s
step  45850  L=0.1052  src=0.0595  tgt=0.0229  trans=0.0229  gain=-0.0000  |dz|=0.106  11.6 it/s
step  45900  L=0.1243  src=0.0291  tgt=0.0476  trans=0.0476  gain=+0.0000  |dz|=0.068  11.6 it/s
step  45950  L=0.0907  src=0.0352  tgt=0.0278  trans=0.0278  gain=+0.0000  |dz|=0.069  11.6 it/s
step  46000  L=0.4396  src=0.0215  tgt=0.2090  trans=0.2090  gain=+0.0000  |dz|=0.107  11.6 it/s
  [diagnostics @ 46000] loss_correct=0.0654  loss_zero=0.0666  loss_shuffled=0.0680  loss_random=0.0669  loss_target_only=0.0655  loss_mean_z=0.0669  r_basis=0.0321  |dz_transport|=0.0870  z_s_vs_enc_rel=1.3106  z_spread_rel=1.1535  gain_vs_zero=0.0012  gain_vs_shuffled=0.0026  gain_vs_target_only=0.0001  gain_vs_mean_z=0.0015  delta_task=0.0015  z_center_norm=0.0281  task_specific_frac=1.2414
step  46050  L=0.0817  src=0.0297  tgt=0.0260  trans=0.0260  gain=+0.0000  |dz|=0.065  11.5 it/s
step  46100  L=0.0954  src=0.0220  tgt=0.0367  trans=0.0367  gain=+0.0000  |dz|=0.106  11.5 it/s
step  46150  L=0.1124  src=0.0718  tgt=0.0203  trans=0.0203  gain=-0.0000  |dz|=0.103  11.5 it/s
step  46200  L=0.1090  src=0.0501  tgt=0.0295  trans=0.0295  gain=+0.0000  |dz|=0.069  11.5 it/s
step  46250  L=0.0948  src=0.0383  tgt=0.0282  trans=0.0282  gain=+0.0000  |dz|=0.104  11.6 it/s
step  46300  L=0.0845  src=0.0206  tgt=0.0319  trans=0.0320  gain=-0.0000  |dz|=0.067  11.6 it/s
step  46350  L=0.0565  src=0.0196  tgt=0.0185  trans=0.0185  gain=-0.0000  |dz|=0.065  11.6 it/s
step  46400  L=0.0891  src=0.0343  tgt=0.0274  trans=0.0274  gain=+0.0000  |dz|=0.100  11.6 it/s
step  46450  L=0.4821  src=0.0294  tgt=0.2263  trans=0.2264  gain=-0.0000  |dz|=0.107  11.6 it/s
step  46500  L=0.4910  src=0.0436  tgt=0.2237  trans=0.2237  gain=-0.0000  |dz|=0.106  11.6 it/s
step  46550  L=0.0905  src=0.0505  tgt=0.0200  trans=0.0200  gain=+0.0000  |dz|=0.106  11.6 it/s
step  46600  L=0.6263  src=0.0584  tgt=0.2840  trans=0.2840  gain=+0.0000  |dz|=0.109  11.6 it/s
step  46650  L=0.3802  src=0.0318  tgt=0.1742  trans=0.1742  gain=-0.0000  |dz|=0.106  11.6 it/s
step  46700  L=0.0794  src=0.0337  tgt=0.0229  trans=0.0229  gain=+0.0000  |dz|=0.105  11.6 it/s
step  46750  L=0.0811  src=0.0285  tgt=0.0263  trans=0.0263  gain=-0.0000  |dz|=0.103  11.6 it/s
step  46800  L=0.4019  src=0.0293  tgt=0.1863  trans=0.1863  gain=-0.0001  |dz|=0.107  11.6 it/s
step  46850  L=0.0553  src=0.0239  tgt=0.0157  trans=0.0157  gain=+0.0000  |dz|=0.102  11.6 it/s
step  46900  L=0.0603  src=0.0275  tgt=0.0164  trans=0.0163  gain=+0.0000  |dz|=0.104  11.6 it/s
step  46950  L=0.1252  src=0.0480  tgt=0.0386  trans=0.0386  gain=+0.0000  |dz|=0.065  11.6 it/s
step  47000  L=0.1097  src=0.0490  tgt=0.0304  trans=0.0304  gain=+0.0000  |dz|=0.066  11.6 it/s
step  47050  L=0.0935  src=0.0340  tgt=0.0298  trans=0.0297  gain=+0.0000  |dz|=0.105  11.6 it/s
step  47100  L=0.1320  src=0.0291  tgt=0.0515  trans=0.0514  gain=+0.0001  |dz|=0.068  11.6 it/s
step  47150  L=0.0791  src=0.0345  tgt=0.0223  trans=0.0223  gain=+0.0000  |dz|=0.106  11.6 it/s
step  47200  L=0.1109  src=0.0612  tgt=0.0249  trans=0.0248  gain=+0.0000  |dz|=0.068  11.6 it/s
step  47250  L=0.1149  src=0.0404  tgt=0.0373  trans=0.0373  gain=+0.0000  |dz|=0.071  11.6 it/s
step  47300  L=0.2608  src=0.0316  tgt=0.1146  trans=0.1146  gain=-0.0000  |dz|=0.124  11.6 it/s
step  47350  L=0.1217  src=0.0356  tgt=0.0430  trans=0.0430  gain=+0.0000  |dz|=0.068  11.6 it/s
step  47400  L=0.0763  src=0.0162  tgt=0.0301  trans=0.0300  gain=+0.0001  |dz|=0.065  11.6 it/s
step  47450  L=0.3516  src=0.0246  tgt=0.1635  trans=0.1635  gain=-0.0000  |dz|=0.119  11.6 it/s
step  47500  L=0.2689  src=0.0319  tgt=0.1185  trans=0.1185  gain=+0.0000  |dz|=0.119  11.6 it/s
step  47550  L=0.1127  src=0.0279  tgt=0.0424  trans=0.0424  gain=+0.0000  |dz|=0.066  11.6 it/s
step  47600  L=0.0580  src=0.0154  tgt=0.0213  trans=0.0213  gain=+0.0000  |dz|=0.104  11.6 it/s
step  47650  L=0.0822  src=0.0314  tgt=0.0254  trans=0.0254  gain=+0.0000  |dz|=0.106  11.6 it/s
step  47700  L=0.3118  src=0.0464  tgt=0.1327  trans=0.1327  gain=+0.0000  |dz|=0.116  11.6 it/s
step  47750  L=0.0729  src=0.0211  tgt=0.0259  trans=0.0259  gain=+0.0000  |dz|=0.105  11.6 it/s
step  47800  L=0.0524  src=0.0179  tgt=0.0172  trans=0.0172  gain=-0.0000  |dz|=0.063  11.6 it/s
step  47850  L=0.1588  src=0.0541  tgt=0.0523  trans=0.0524  gain=-0.0000  |dz|=0.066  11.6 it/s
step  47900  L=0.3776  src=0.0188  tgt=0.1794  trans=0.1794  gain=-0.0000  |dz|=0.115  11.6 it/s
step  47950  L=0.1118  src=0.0278  tgt=0.0420  trans=0.0420  gain=+0.0000  |dz|=0.104  11.6 it/s
step  48000  L=0.1149  src=0.0515  tgt=0.0317  trans=0.0317  gain=-0.0000  |dz|=0.105  11.6 it/s
  [diagnostics @ 48000] loss_correct=0.0940  loss_zero=0.0958  loss_shuffled=0.0970  loss_random=0.0962  loss_target_only=0.0942  loss_mean_z=0.0965  r_basis=0.0385  |dz_transport|=0.1012  z_s_vs_enc_rel=1.5070  z_spread_rel=1.1760  gain_vs_zero=0.0017  gain_vs_shuffled=0.0029  gain_vs_target_only=0.0001  gain_vs_mean_z=0.0025  delta_task=0.0025  z_center_norm=0.0273  task_specific_frac=1.4057
step  48050  L=0.0850  src=0.0501  tgt=0.0175  trans=0.0175  gain=+0.0000  |dz|=0.066  11.5 it/s
step  48100  L=0.0587  src=0.0204  tgt=0.0191  trans=0.0191  gain=+0.0000  |dz|=0.064  11.5 it/s
step  48150  L=0.0544  src=0.0185  tgt=0.0179  trans=0.0179  gain=-0.0000  |dz|=0.065  11.6 it/s
step  48200  L=0.2610  src=0.0230  tgt=0.1190  trans=0.1190  gain=+0.0000  |dz|=0.112  11.6 it/s
step  48250  L=0.4451  src=0.0623  tgt=0.1914  trans=0.1914  gain=-0.0000  |dz|=0.112  11.6 it/s
step  48300  L=0.0887  src=0.0520  tgt=0.0184  trans=0.0184  gain=+0.0000  |dz|=0.067  11.6 it/s
step  48350  L=0.0902  src=0.0344  tgt=0.0280  trans=0.0279  gain=+0.0001  |dz|=0.105  11.6 it/s
step  48400  L=0.3553  src=0.0410  tgt=0.1571  trans=0.1572  gain=-0.0000  |dz|=0.112  11.6 it/s
step  48450  L=0.5435  src=0.0251  tgt=0.2592  trans=0.2592  gain=+0.0000  |dz|=0.109  11.6 it/s
step  48500  L=0.1315  src=0.0397  tgt=0.0459  trans=0.0459  gain=+0.0000  |dz|=0.068  11.6 it/s
step  48550  L=0.3399  src=0.0245  tgt=0.1577  trans=0.1577  gain=+0.0000  |dz|=0.109  11.6 it/s
step  48600  L=0.0982  src=0.0586  tgt=0.0198  trans=0.0198  gain=-0.0000  |dz|=0.069  11.6 it/s
step  48650  L=0.0685  src=0.0348  tgt=0.0168  trans=0.0168  gain=-0.0000  |dz|=0.066  11.6 it/s
step  48700  L=0.4445  src=0.0279  tgt=0.2083  trans=0.2083  gain=+0.0000  |dz|=0.110  11.6 it/s
step  48750  L=0.4796  src=0.0279  tgt=0.2259  trans=0.2259  gain=+0.0000  |dz|=0.109  11.6 it/s
step  48800  L=0.0591  src=0.0289  tgt=0.0151  trans=0.0151  gain=-0.0000  |dz|=0.104  11.6 it/s
step  48850  L=0.1491  src=0.0312  tgt=0.0590  trans=0.0589  gain=+0.0000  |dz|=0.068  11.6 it/s
step  48900  L=0.0770  src=0.0248  tgt=0.0261  trans=0.0261  gain=-0.0000  |dz|=0.067  11.6 it/s
step  48950  L=0.0738  src=0.0231  tgt=0.0253  trans=0.0253  gain=+0.0000  |dz|=0.104  11.6 it/s
step  49000  L=0.1262  src=0.0367  tgt=0.0448  trans=0.0448  gain=-0.0000  |dz|=0.069  11.6 it/s
step  49050  L=0.1171  src=0.0551  tgt=0.0310  trans=0.0310  gain=+0.0000  |dz|=0.068  11.6 it/s
step  49100  L=0.4438  src=0.0166  tgt=0.2136  trans=0.2136  gain=-0.0000  |dz|=0.103  11.6 it/s
step  49150  L=0.0840  src=0.0487  tgt=0.0177  trans=0.0176  gain=+0.0000  |dz|=0.105  11.6 it/s
step  49200  L=0.2896  src=0.0260  tgt=0.1318  trans=0.1318  gain=+0.0000  |dz|=0.108  11.6 it/s
step  49250  L=0.4017  src=0.0187  tgt=0.1915  trans=0.1915  gain=-0.0000  |dz|=0.109  11.6 it/s
step  49300  L=0.0860  src=0.0292  tgt=0.0284  trans=0.0284  gain=+0.0001  |dz|=0.102  11.6 it/s
step  49350  L=0.0831  src=0.0356  tgt=0.0237  trans=0.0237  gain=-0.0000  |dz|=0.103  11.6 it/s
step  49400  L=0.0754  src=0.0205  tgt=0.0275  trans=0.0275  gain=-0.0000  |dz|=0.066  11.6 it/s
step  49450  L=0.1175  src=0.0377  tgt=0.0399  trans=0.0399  gain=+0.0000  |dz|=0.106  11.6 it/s
step  49500  L=0.1160  src=0.0364  tgt=0.0398  trans=0.0398  gain=+0.0000  |dz|=0.069  11.6 it/s
step  49550  L=0.3909  src=0.0603  tgt=0.1653  trans=0.1653  gain=+0.0000  |dz|=0.107  11.6 it/s
step  49600  L=0.3030  src=0.0297  tgt=0.1366  trans=0.1366  gain=-0.0000  |dz|=0.108  11.6 it/s
step  49650  L=0.0790  src=0.0338  tgt=0.0226  trans=0.0226  gain=+0.0000  |dz|=0.101  11.6 it/s
step  49700  L=0.0634  src=0.0346  tgt=0.0144  trans=0.0144  gain=+0.0000  |dz|=0.065  11.6 it/s
step  49750  L=0.0726  src=0.0340  tgt=0.0193  trans=0.0193  gain=-0.0000  |dz|=0.101  11.6 it/s
step  49800  L=0.3137  src=0.0245  tgt=0.1446  trans=0.1446  gain=+0.0001  |dz|=0.110  11.6 it/s
step  49850  L=0.0720  src=0.0278  tgt=0.0221  trans=0.0221  gain=+0.0000  |dz|=0.066  11.6 it/s
step  49900  L=0.2829  src=0.0537  tgt=0.1146  trans=0.1146  gain=+0.0000  |dz|=0.112  11.6 it/s
step  49950  L=0.1057  src=0.0411  tgt=0.0323  trans=0.0323  gain=-0.0000  |dz|=0.067  11.6 it/s
step  50000  L=0.0636  src=0.0149  tgt=0.0244  trans=0.0244  gain=+0.0000  |dz|=0.105  11.6 it/s
  [diagnostics @ 50000] loss_correct=0.0695  loss_zero=0.0708  loss_shuffled=0.0717  loss_random=0.0712  loss_target_only=0.0696  loss_mean_z=0.0712  r_basis=0.0331  |dz_transport|=0.0904  z_s_vs_enc_rel=1.3571  z_spread_rel=1.1950  gain_vs_zero=0.0013  gain_vs_shuffled=0.0022  gain_vs_target_only=0.0001  gain_vs_mean_z=0.0017  delta_task=0.0017  z_center_norm=0.0290  task_specific_frac=1.3080
  saved C:\T1D Meta Learning\code\python\meta-diffusion\experiments\linear_transport_replacement_2026-09-24\work\checkpoints\cifar_train50_basis_k16_step50000.pt

done in 72.2 min. log: C:\T1D Meta Learning\code\python\meta-diffusion\experiments\linear_transport_replacement_2026-09-24\work\checkpoints\cifar_train50_basis_k16_log.jsonl
