REPLAY cifar_train25_film_k16: source checkpoint configuration, transport=linear
device cuda | backbone film_unet | k=16
φ 27.92M + encoder 0.33M + transport 0.4K
training episode combinations 225 | 50000 steps

step      1  L=3.2735  src=1.0849  tgt=1.0936  trans=1.0950  gain=-0.0014  |dz|=0.000  1.4 it/s
step     50  L=1.1451  src=0.4172  tgt=0.3645  trans=0.3633  gain=+0.0012  |dz|=0.005  7.4 it/s
step    100  L=0.5608  src=0.2055  tgt=0.1777  trans=0.1773  gain=+0.0004  |dz|=0.041  7.8 it/s
step    150  L=0.3526  src=0.1578  tgt=0.0973  trans=0.0974  gain=-0.0001  |dz|=0.099  7.9 it/s
step    200  L=0.3419  src=0.1001  tgt=0.1210  trans=0.1207  gain=+0.0003  |dz|=0.155  8.0 it/s
step    250  L=0.3431  src=0.1056  tgt=0.1186  trans=0.1189  gain=-0.0003  |dz|=0.150  8.0 it/s
step    300  L=0.2455  src=0.0921  tgt=0.0766  trans=0.0767  gain=-0.0002  |dz|=0.135  8.0 it/s
step    350  L=0.7075  src=0.0545  tgt=0.3268  trans=0.3262  gain=+0.0006  |dz|=0.160  8.1 it/s
step    400  L=0.4090  src=0.0739  tgt=0.1677  trans=0.1674  gain=+0.0003  |dz|=0.187  8.1 it/s
step    450  L=0.4984  src=0.1245  tgt=0.1870  trans=0.1868  gain=+0.0001  |dz|=0.241  8.1 it/s
step    500  L=0.0790  src=0.0244  tgt=0.0271  trans=0.0275  gain=-0.0004  |dz|=0.241  8.1 it/s
step    550  L=0.1850  src=0.1348  tgt=0.0251  trans=0.0251  gain=+0.0000  |dz|=0.254  8.1 it/s
step    600  L=0.5380  src=0.0792  tgt=0.2302  trans=0.2286  gain=+0.0016  |dz|=0.499  8.1 it/s
step    650  L=0.3863  src=0.0597  tgt=0.1638  trans=0.1627  gain=+0.0011  |dz|=0.521  8.1 it/s
step    700  L=0.3942  src=0.0551  tgt=0.1696  trans=0.1694  gain=+0.0002  |dz|=0.555  8.1 it/s
step    750  L=0.4418  src=0.0552  tgt=0.1951  trans=0.1915  gain=+0.0036  |dz|=0.532  8.1 it/s
step    800  L=0.2686  src=0.1252  tgt=0.0718  trans=0.0715  gain=+0.0003  |dz|=0.236  8.1 it/s
step    850  L=0.2315  src=0.0833  tgt=0.0739  trans=0.0743  gain=-0.0004  |dz|=0.252  8.1 it/s
step    900  L=0.1826  src=0.1072  tgt=0.0377  trans=0.0376  gain=+0.0001  |dz|=0.026  8.1 it/s
step    950  L=0.1302  src=0.0500  tgt=0.0402  trans=0.0400  gain=+0.0001  |dz|=0.022  8.1 it/s
step   1000  L=0.1094  src=0.0520  tgt=0.0286  trans=0.0287  gain=-0.0001  |dz|=0.086  8.1 it/s
step   1050  L=0.1385  src=0.0595  tgt=0.0397  trans=0.0394  gain=+0.0003  |dz|=0.024  8.1 it/s
step   1100  L=0.4730  src=0.1119  tgt=0.1813  trans=0.1799  gain=+0.0014  |dz|=0.559  8.1 it/s
step   1150  L=0.1424  src=0.0559  tgt=0.0434  trans=0.0430  gain=+0.0004  |dz|=0.105  8.1 it/s
step   1200  L=0.4318  src=0.0726  tgt=0.1796  trans=0.1796  gain=-0.0000  |dz|=0.524  8.1 it/s
step   1250  L=0.1112  src=0.0465  tgt=0.0324  trans=0.0323  gain=+0.0001  |dz|=0.027  8.1 it/s
step   1300  L=0.0872  src=0.0346  tgt=0.0264  trans=0.0262  gain=+0.0002  |dz|=0.222  8.1 it/s
step   1350  L=0.1184  src=0.0641  tgt=0.0271  trans=0.0272  gain=-0.0001  |dz|=0.032  8.1 it/s
step   1400  L=0.1178  src=0.0581  tgt=0.0298  trans=0.0299  gain=-0.0001  |dz|=0.030  8.1 it/s
step   1450  L=0.1060  src=0.0425  tgt=0.0317  trans=0.0317  gain=+0.0000  |dz|=0.258  8.1 it/s
step   1500  L=0.0927  src=0.0352  tgt=0.0288  trans=0.0288  gain=+0.0000  |dz|=0.120  8.1 it/s
step   1550  L=0.1825  src=0.0793  tgt=0.0516  trans=0.0516  gain=-0.0000  |dz|=0.264  8.1 it/s
step   1600  L=0.1920  src=0.0603  tgt=0.0660  trans=0.0658  gain=+0.0002  |dz|=0.069  8.1 it/s
step   1650  L=0.1212  src=0.0561  tgt=0.0325  trans=0.0325  gain=+0.0000  |dz|=0.242  8.1 it/s
step   1700  L=0.3940  src=0.1154  tgt=0.1393  trans=0.1392  gain=+0.0001  |dz|=0.509  8.1 it/s
step   1750  L=0.0978  src=0.0381  tgt=0.0298  trans=0.0298  gain=+0.0000  |dz|=0.125  8.1 it/s
step   1800  L=0.1272  src=0.0502  tgt=0.0387  trans=0.0384  gain=+0.0003  |dz|=0.095  8.1 it/s
step   1850  L=0.1155  src=0.0527  tgt=0.0313  trans=0.0315  gain=-0.0002  |dz|=0.074  8.1 it/s
step   1900  L=0.1610  src=0.0568  tgt=0.0521  trans=0.0520  gain=+0.0001  |dz|=0.116  8.1 it/s
step   1950  L=0.2795  src=0.0524  tgt=0.1136  trans=0.1135  gain=+0.0001  |dz|=0.509  8.1 it/s
step   2000  L=0.4135  src=0.0383  tgt=0.1877  trans=0.1875  gain=+0.0002  |dz|=0.508  8.1 it/s
  [diagnostics @ 2000] loss_correct=0.0796  loss_zero=0.0802  loss_shuffled=0.0803  loss_random=0.0803  loss_target_only=0.0799  loss_mean_z=0.0801  r_basis=0.0086  |dz_transport|=0.1618  z_s_vs_enc_rel=0.8955  z_spread_rel=1.1489  gain_vs_zero=0.0007  gain_vs_shuffled=0.0007  gain_vs_target_only=0.0003  gain_vs_mean_z=0.0005  delta_task=0.0005  z_center_norm=0.1008  task_specific_frac=0.7818
step   2050  L=0.1208  src=0.0521  tgt=0.0343  trans=0.0344  gain=-0.0000  |dz|=0.112  7.8 it/s
step   2100  L=0.1601  src=0.0797  tgt=0.0402  trans=0.0402  gain=+0.0000  |dz|=0.114  7.8 it/s
step   2150  L=0.1594  src=0.0651  tgt=0.0470  trans=0.0473  gain=-0.0003  |dz|=0.085  7.8 it/s
step   2200  L=0.1442  src=0.0725  tgt=0.0360  trans=0.0357  gain=+0.0003  |dz|=0.329  7.8 it/s
step   2250  L=0.1275  src=0.0462  tgt=0.0406  trans=0.0407  gain=-0.0000  |dz|=0.125  7.8 it/s
step   2300  L=0.1054  src=0.0533  tgt=0.0261  trans=0.0261  gain=+0.0000  |dz|=0.124  7.8 it/s
step   2350  L=0.0985  src=0.0553  tgt=0.0216  trans=0.0216  gain=+0.0000  |dz|=0.127  7.8 it/s
step   2400  L=0.3337  src=0.0510  tgt=0.1413  trans=0.1413  gain=+0.0000  |dz|=0.557  7.8 it/s
step   2450  L=0.1318  src=0.0427  tgt=0.0447  trans=0.0444  gain=+0.0003  |dz|=0.378  7.8 it/s
step   2500  L=0.1412  src=0.0666  tgt=0.0373  trans=0.0373  gain=-0.0000  |dz|=0.367  7.8 it/s
step   2550  L=0.1240  src=0.0798  tgt=0.0223  trans=0.0219  gain=+0.0005  |dz|=0.383  7.9 it/s
step   2600  L=0.1550  src=0.0614  tgt=0.0467  trans=0.0469  gain=-0.0002  |dz|=0.212  7.9 it/s
step   2650  L=0.0951  src=0.0293  tgt=0.0329  trans=0.0329  gain=-0.0000  |dz|=0.423  7.9 it/s
step   2700  L=0.1787  src=0.0946  tgt=0.0419  trans=0.0421  gain=-0.0002  |dz|=0.181  7.9 it/s
step   2750  L=0.1758  src=0.0907  tgt=0.0427  trans=0.0424  gain=+0.0002  |dz|=0.194  7.9 it/s
step   2800  L=0.1464  src=0.0668  tgt=0.0399  trans=0.0397  gain=+0.0002  |dz|=0.464  7.9 it/s
step   2850  L=0.2725  src=0.0459  tgt=0.1134  trans=0.1131  gain=+0.0003  |dz|=0.523  7.9 it/s
step   2900  L=0.0966  src=0.0498  tgt=0.0233  trans=0.0234  gain=-0.0001  |dz|=0.300  7.9 it/s
step   2950  L=0.4666  src=0.1114  tgt=0.1776  trans=0.1775  gain=+0.0000  |dz|=0.468  7.9 it/s
step   3000  L=0.1601  src=0.1056  tgt=0.0274  trans=0.0270  gain=+0.0003  |dz|=0.536  7.9 it/s
step   3050  L=0.4778  src=0.0415  tgt=0.2181  trans=0.2181  gain=+0.0001  |dz|=0.597  7.9 it/s
step   3100  L=0.1478  src=0.0566  tgt=0.0455  trans=0.0457  gain=-0.0002  |dz|=0.275  7.9 it/s
step   3150  L=0.1575  src=0.0764  tgt=0.0405  trans=0.0406  gain=-0.0002  |dz|=0.282  7.9 it/s
step   3200  L=0.1225  src=0.0572  tgt=0.0326  trans=0.0327  gain=-0.0000  |dz|=0.129  7.9 it/s
step   3250  L=0.1222  src=0.0438  tgt=0.0393  trans=0.0391  gain=+0.0002  |dz|=0.195  7.9 it/s
step   3300  L=0.3470  src=0.0625  tgt=0.1423  trans=0.1420  gain=+0.0003  |dz|=0.696  7.9 it/s
step   3350  L=0.4660  src=0.0393  tgt=0.2134  trans=0.2132  gain=+0.0002  |dz|=0.603  7.9 it/s
step   3400  L=0.1458  src=0.0780  tgt=0.0340  trans=0.0337  gain=+0.0003  |dz|=0.478  7.9 it/s
step   3450  L=0.2207  src=0.1186  tgt=0.0512  trans=0.0509  gain=+0.0003  |dz|=0.289  7.9 it/s
step   3500  L=0.1634  src=0.0577  tgt=0.0528  trans=0.0529  gain=-0.0002  |dz|=0.318  7.9 it/s
step   3550  L=0.3355  src=0.0737  tgt=0.1309  trans=0.1309  gain=-0.0000  |dz|=0.589  7.9 it/s
step   3600  L=0.1831  src=0.1182  tgt=0.0323  trans=0.0325  gain=-0.0002  |dz|=0.588  7.9 it/s
step   3650  L=0.0769  src=0.0381  tgt=0.0195  trans=0.0193  gain=+0.0002  |dz|=0.425  8.0 it/s
step   3700  L=0.5052  src=0.0777  tgt=0.2137  trans=0.2137  gain=-0.0000  |dz|=0.624  8.0 it/s
step   3750  L=0.1122  src=0.0518  tgt=0.0302  trans=0.0302  gain=+0.0000  |dz|=0.542  8.0 it/s
step   3800  L=0.3573  src=0.0654  tgt=0.1459  trans=0.1459  gain=-0.0000  |dz|=0.614  8.0 it/s
step   3850  L=0.1160  src=0.0621  tgt=0.0269  trans=0.0269  gain=-0.0001  |dz|=0.389  8.0 it/s
step   3900  L=0.1684  src=0.0480  tgt=0.0601  trans=0.0602  gain=-0.0000  |dz|=0.400  8.0 it/s
step   3950  L=0.3353  src=0.0510  tgt=0.1420  trans=0.1422  gain=-0.0002  |dz|=0.562  8.0 it/s
step   4000  L=0.1040  src=0.0701  tgt=0.0170  trans=0.0170  gain=+0.0000  |dz|=0.392  8.0 it/s
  [diagnostics @ 4000] loss_correct=0.0768  loss_zero=0.0798  loss_shuffled=0.0831  loss_random=0.0796  loss_target_only=0.0770  loss_mean_z=0.0790  r_basis=0.0254  |dz_transport|=0.3966  z_s_vs_enc_rel=2.7573  z_spread_rel=1.3115  gain_vs_zero=0.0029  gain_vs_shuffled=0.0063  gain_vs_target_only=0.0001  gain_vs_mean_z=0.0021  delta_task=0.0021  z_center_norm=0.1385  task_specific_frac=0.7207
step   4050  L=0.1160  src=0.0731  tgt=0.0214  trans=0.0214  gain=+0.0001  |dz|=0.583  7.8 it/s
step   4100  L=0.1073  src=0.0293  tgt=0.0394  trans=0.0386  gain=+0.0008  |dz|=0.480  7.8 it/s
step   4150  L=0.1526  src=0.0814  tgt=0.0358  trans=0.0354  gain=+0.0004  |dz|=0.493  7.8 it/s
step   4200  L=0.3343  src=0.0915  tgt=0.1213  trans=0.1213  gain=-0.0000  |dz|=0.664  7.8 it/s
step   4250  L=0.1456  src=0.0723  tgt=0.0366  trans=0.0367  gain=-0.0001  |dz|=0.623  7.8 it/s
step   4300  L=0.4086  src=0.0529  tgt=0.1779  trans=0.1778  gain=+0.0001  |dz|=0.661  7.8 it/s
step   4350  L=0.1501  src=0.0681  tgt=0.0412  trans=0.0408  gain=+0.0003  |dz|=0.674  7.8 it/s
step   4400  L=0.0953  src=0.0556  tgt=0.0198  trans=0.0199  gain=-0.0002  |dz|=0.585  7.8 it/s
step   4450  L=0.1508  src=0.0615  tgt=0.0448  trans=0.0445  gain=+0.0003  |dz|=0.367  7.8 it/s
step   4500  L=0.1268  src=0.0678  tgt=0.0294  trans=0.0296  gain=-0.0002  |dz|=0.633  7.8 it/s
step   4550  L=0.0923  src=0.0311  tgt=0.0306  trans=0.0306  gain=-0.0001  |dz|=0.654  7.8 it/s
step   4600  L=0.0895  src=0.0326  tgt=0.0284  trans=0.0285  gain=-0.0001  |dz|=0.429  7.8 it/s
step   4650  L=0.3602  src=0.0585  tgt=0.1508  trans=0.1508  gain=+0.0001  |dz|=0.652  7.8 it/s
step   4700  L=0.1028  src=0.0442  tgt=0.0292  trans=0.0293  gain=-0.0001  |dz|=0.388  7.8 it/s
step   4750  L=0.0877  src=0.0472  tgt=0.0202  trans=0.0203  gain=-0.0001  |dz|=0.249  7.8 it/s
step   4800  L=0.2115  src=0.0290  tgt=0.0912  trans=0.0913  gain=-0.0001  |dz|=0.708  7.8 it/s
step   4850  L=0.1412  src=0.0985  tgt=0.0213  trans=0.0213  gain=+0.0000  |dz|=0.473  7.9 it/s
step   4900  L=0.3638  src=0.0490  tgt=0.1573  trans=0.1575  gain=-0.0002  |dz|=0.625  7.9 it/s
step   4950  L=0.0983  src=0.0420  tgt=0.0281  trans=0.0281  gain=+0.0001  |dz|=0.693  7.9 it/s
step   5000  L=0.3916  src=0.0542  tgt=0.1686  trans=0.1687  gain=-0.0002  |dz|=0.617  7.9 it/s
step   5050  L=0.1412  src=0.0827  tgt=0.0293  trans=0.0292  gain=+0.0001  |dz|=0.640  7.9 it/s
step   5100  L=0.1645  src=0.0909  tgt=0.0368  trans=0.0368  gain=-0.0000  |dz|=0.648  7.9 it/s
step   5150  L=0.5768  src=0.0739  tgt=0.2514  trans=0.2515  gain=-0.0001  |dz|=0.629  7.9 it/s
step   5200  L=0.1205  src=0.0655  tgt=0.0274  trans=0.0276  gain=-0.0002  |dz|=0.732  7.9 it/s
step   5250  L=0.4141  src=0.0561  tgt=0.1789  trans=0.1790  gain=-0.0001  |dz|=0.643  7.9 it/s
step   5300  L=0.4016  src=0.0641  tgt=0.1687  trans=0.1687  gain=-0.0000  |dz|=0.636  7.9 it/s
step   5350  L=0.0955  src=0.0478  tgt=0.0238  trans=0.0238  gain=+0.0000  |dz|=0.727  7.9 it/s
step   5400  L=0.1068  src=0.0460  tgt=0.0304  trans=0.0305  gain=-0.0001  |dz|=0.529  7.9 it/s
step   5450  L=0.5622  src=0.0546  tgt=0.2537  trans=0.2538  gain=-0.0000  |dz|=0.632  7.9 it/s
step   5500  L=0.1631  src=0.1087  tgt=0.0272  trans=0.0272  gain=-0.0000  |dz|=0.772  7.9 it/s
step   5550  L=0.0871  src=0.0370  tgt=0.0250  trans=0.0251  gain=-0.0001  |dz|=0.482  7.9 it/s
step   5600  L=0.1072  src=0.0341  tgt=0.0366  trans=0.0365  gain=+0.0002  |dz|=0.578  7.9 it/s
step   5650  L=0.1725  src=0.0802  tgt=0.0461  trans=0.0462  gain=-0.0002  |dz|=0.524  7.9 it/s
step   5700  L=0.1437  src=0.0638  tgt=0.0399  trans=0.0400  gain=-0.0002  |dz|=0.717  7.9 it/s
step   5750  L=0.1061  src=0.0501  tgt=0.0281  trans=0.0278  gain=+0.0003  |dz|=0.719  7.9 it/s
step   5800  L=0.3409  src=0.0555  tgt=0.1427  trans=0.1427  gain=-0.0000  |dz|=0.636  7.9 it/s
step   5850  L=0.1443  src=0.0718  tgt=0.0362  trans=0.0363  gain=-0.0001  |dz|=0.722  7.9 it/s
step   5900  L=0.0966  src=0.0346  tgt=0.0310  trans=0.0310  gain=+0.0001  |dz|=0.705  7.9 it/s
step   5950  L=0.4677  src=0.0390  tgt=0.2143  trans=0.2143  gain=-0.0000  |dz|=0.662  7.9 it/s
step   6000  L=0.1132  src=0.0436  tgt=0.0348  trans=0.0347  gain=+0.0000  |dz|=0.689  7.9 it/s
  [diagnostics @ 6000] loss_correct=0.0846  loss_zero=0.0903  loss_shuffled=0.0928  loss_random=0.0906  loss_target_only=0.0847  loss_mean_z=0.0891  r_basis=0.0377  |dz_transport|=0.5565  z_s_vs_enc_rel=1.8371  z_spread_rel=1.1355  gain_vs_zero=0.0057  gain_vs_shuffled=0.0082  gain_vs_target_only=0.0001  gain_vs_mean_z=0.0045  delta_task=0.0045  z_center_norm=0.1359  task_specific_frac=0.7872
step   6050  L=0.4652  src=0.0611  tgt=0.2096  trans=0.1945  gain=+0.0151  |dz|=0.696  7.8 it/s
step   6100  L=0.3264  src=0.0725  tgt=0.1274  trans=0.1264  gain=+0.0009  |dz|=0.909  7.8 it/s
step   6150  L=0.1189  src=0.0452  tgt=0.0369  trans=0.0367  gain=+0.0001  |dz|=0.697  7.8 it/s
step   6200  L=0.0632  src=0.0371  tgt=0.0131  trans=0.0130  gain=+0.0001  |dz|=0.555  7.8 it/s
step   6250  L=0.5506  src=0.0449  tgt=0.2529  trans=0.2528  gain=+0.0001  |dz|=0.765  7.8 it/s
step   6300  L=0.0813  src=0.0442  tgt=0.0185  trans=0.0185  gain=+0.0000  |dz|=0.692  7.8 it/s
step   6350  L=0.3497  src=0.0594  tgt=0.1451  trans=0.1451  gain=+0.0000  |dz|=0.749  7.8 it/s
step   6400  L=0.0804  src=0.0322  tgt=0.0241  trans=0.0241  gain=-0.0000  |dz|=0.561  7.8 it/s
step   6450  L=0.1353  src=0.0727  tgt=0.0312  trans=0.0314  gain=-0.0002  |dz|=0.638  7.8 it/s
step   6500  L=0.3544  src=0.0453  tgt=0.1546  trans=0.1545  gain=+0.0001  |dz|=0.741  7.8 it/s
step   6550  L=0.0807  src=0.0401  tgt=0.0204  trans=0.0203  gain=+0.0001  |dz|=0.566  7.8 it/s
step   6600  L=0.2349  src=0.0665  tgt=0.0842  trans=0.0841  gain=+0.0001  |dz|=0.731  7.8 it/s
step   6650  L=0.1516  src=0.0608  tgt=0.0455  trans=0.0453  gain=+0.0002  |dz|=0.775  7.8 it/s
step   6700  L=0.1875  src=0.0944  tgt=0.0467  trans=0.0464  gain=+0.0003  |dz|=0.587  7.8 it/s
step   6750  L=0.1364  src=0.0733  tgt=0.0315  trans=0.0315  gain=-0.0000  |dz|=0.733  7.8 it/s
step   6800  L=0.1512  src=0.0705  tgt=0.0403  trans=0.0404  gain=-0.0001  |dz|=0.779  7.8 it/s
step   6850  L=0.1200  src=0.0649  tgt=0.0275  trans=0.0275  gain=+0.0001  |dz|=0.543  7.8 it/s
step   6900  L=0.1093  src=0.0540  tgt=0.0276  trans=0.0276  gain=-0.0000  |dz|=0.570  7.8 it/s
step   6950  L=0.1191  src=0.0678  tgt=0.0256  trans=0.0256  gain=-0.0000  |dz|=0.821  7.8 it/s
step   7000  L=0.1400  src=0.0928  tgt=0.0236  trans=0.0236  gain=+0.0000  |dz|=0.744  7.8 it/s
step   7050  L=0.0782  src=0.0359  tgt=0.0211  trans=0.0212  gain=-0.0000  |dz|=0.585  7.8 it/s
step   7100  L=0.1328  src=0.0773  tgt=0.0277  trans=0.0277  gain=+0.0000  |dz|=0.606  7.8 it/s
step   7150  L=0.1160  src=0.0527  tgt=0.0317  trans=0.0315  gain=+0.0002  |dz|=0.785  7.8 it/s
step   7200  L=0.1053  src=0.0601  tgt=0.0226  trans=0.0225  gain=+0.0001  |dz|=0.699  7.8 it/s
step   7250  L=0.1052  src=0.0359  tgt=0.0346  trans=0.0346  gain=+0.0000  |dz|=0.600  7.8 it/s
step   7300  L=0.1265  src=0.0512  tgt=0.0376  trans=0.0376  gain=+0.0000  |dz|=0.600  7.9 it/s
step   7350  L=0.3570  src=0.0793  tgt=0.1388  trans=0.1389  gain=-0.0001  |dz|=0.691  7.9 it/s
step   7400  L=0.1040  src=0.0522  tgt=0.0260  trans=0.0258  gain=+0.0002  |dz|=0.775  7.9 it/s
step   7450  L=0.1066  src=0.0755  tgt=0.0155  trans=0.0155  gain=+0.0000  |dz|=0.815  7.9 it/s
step   7500  L=0.0858  src=0.0335  tgt=0.0261  trans=0.0262  gain=-0.0002  |dz|=0.796  7.9 it/s
step   7550  L=0.1444  src=0.0451  tgt=0.0497  trans=0.0495  gain=+0.0002  |dz|=0.655  7.9 it/s
step   7600  L=0.3566  src=0.0557  tgt=0.1504  trans=0.1505  gain=-0.0000  |dz|=0.726  7.9 it/s
step   7650  L=0.0863  src=0.0489  tgt=0.0187  trans=0.0186  gain=+0.0001  |dz|=0.777  7.9 it/s
step   7700  L=0.3201  src=0.0380  tgt=0.1410  trans=0.1410  gain=+0.0000  |dz|=0.792  7.9 it/s
step   7750  L=0.1276  src=0.0604  tgt=0.0336  trans=0.0336  gain=-0.0000  |dz|=0.858  7.9 it/s
step   7800  L=0.0979  src=0.0378  tgt=0.0301  trans=0.0300  gain=+0.0001  |dz|=0.635  7.9 it/s
step   7850  L=0.0802  src=0.0293  tgt=0.0255  trans=0.0254  gain=+0.0001  |dz|=0.797  7.9 it/s
step   7900  L=0.5010  src=0.0310  tgt=0.2350  trans=0.2348  gain=+0.0002  |dz|=0.798  7.9 it/s
step   7950  L=0.0755  src=0.0340  tgt=0.0208  trans=0.0207  gain=+0.0001  |dz|=0.648  7.9 it/s
step   8000  L=0.3040  src=0.0325  tgt=0.1357  trans=0.1357  gain=+0.0001  |dz|=0.753  7.9 it/s
  [diagnostics @ 8000] loss_correct=0.1000  loss_zero=0.1074  loss_shuffled=0.1112  loss_random=0.1080  loss_target_only=0.1000  loss_mean_z=0.1070  r_basis=0.0496  |dz_transport|=0.6962  z_s_vs_enc_rel=1.9110  z_spread_rel=1.0371  gain_vs_zero=0.0074  gain_vs_shuffled=0.0112  gain_vs_target_only=0.0000  gain_vs_mean_z=0.0070  delta_task=0.0070  z_center_norm=0.1284  task_specific_frac=0.9447
step   8050  L=0.4819  src=0.0660  tgt=0.2080  trans=0.2079  gain=+0.0001  |dz|=0.772  7.8 it/s
step   8100  L=0.4166  src=0.0609  tgt=0.1777  trans=0.1779  gain=-0.0002  |dz|=0.778  7.8 it/s
step   8150  L=0.1026  src=0.0416  tgt=0.0306  trans=0.0304  gain=+0.0002  |dz|=0.624  7.8 it/s
step   8200  L=0.1441  src=0.0626  tgt=0.0408  trans=0.0407  gain=+0.0001  |dz|=0.697  7.8 it/s
step   8250  L=0.0699  src=0.0356  tgt=0.0171  trans=0.0171  gain=-0.0001  |dz|=0.637  7.8 it/s
step   8300  L=0.3963  src=0.0549  tgt=0.1706  trans=0.1707  gain=-0.0001  |dz|=0.849  7.8 it/s
step   8350  L=0.6667  src=0.0564  tgt=0.3051  trans=0.3052  gain=-0.0001  |dz|=0.769  7.8 it/s
step   8400  L=0.0987  src=0.0468  tgt=0.0261  trans=0.0258  gain=+0.0003  |dz|=0.855  7.8 it/s
step   8450  L=0.1392  src=0.0620  tgt=0.0387  trans=0.0385  gain=+0.0002  |dz|=0.703  7.8 it/s
step   8500  L=0.0997  src=0.0487  tgt=0.0256  trans=0.0253  gain=+0.0003  |dz|=0.634  7.8 it/s
step   8550  L=0.1106  src=0.0635  tgt=0.0236  trans=0.0235  gain=+0.0001  |dz|=0.687  7.8 it/s
step   8600  L=0.1269  src=0.0658  tgt=0.0306  trans=0.0305  gain=+0.0001  |dz|=0.853  7.8 it/s
step   8650  L=0.3435  src=0.0473  tgt=0.1482  trans=0.1480  gain=+0.0001  |dz|=0.844  7.8 it/s
step   8700  L=0.0681  src=0.0412  tgt=0.0135  trans=0.0134  gain=+0.0001  |dz|=0.918  7.8 it/s
step   8750  L=0.1161  src=0.0578  tgt=0.0293  trans=0.0290  gain=+0.0002  |dz|=0.830  7.8 it/s
step   8800  L=0.2915  src=0.0495  tgt=0.1209  trans=0.1210  gain=-0.0001  |dz|=0.818  7.8 it/s
step   8850  L=0.4542  src=0.0422  tgt=0.2059  trans=0.2061  gain=-0.0002  |dz|=0.837  7.8 it/s
step   8900  L=0.1177  src=0.0460  tgt=0.0360  trans=0.0356  gain=+0.0004  |dz|=0.698  7.8 it/s
step   8950  L=0.4227  src=0.0473  tgt=0.1876  trans=0.1878  gain=-0.0002  |dz|=0.809  7.8 it/s
step   9000  L=0.0720  src=0.0172  tgt=0.0276  trans=0.0273  gain=+0.0003  |dz|=0.535  7.8 it/s
step   9050  L=0.0925  src=0.0331  tgt=0.0296  trans=0.0297  gain=-0.0000  |dz|=0.694  7.8 it/s
step   9100  L=0.4149  src=0.0472  tgt=0.1839  trans=0.1837  gain=+0.0002  |dz|=0.823  7.8 it/s
step   9150  L=0.0633  src=0.0307  tgt=0.0163  trans=0.0163  gain=-0.0000  |dz|=0.693  7.8 it/s
step   9200  L=0.4424  src=0.0239  tgt=0.2092  trans=0.2092  gain=+0.0000  |dz|=0.862  7.8 it/s
step   9250  L=0.1693  src=0.0664  tgt=0.0513  trans=0.0515  gain=-0.0001  |dz|=0.732  7.8 it/s
step   9300  L=0.3166  src=0.0335  tgt=0.1415  trans=0.1414  gain=+0.0001  |dz|=0.795  7.8 it/s
step   9350  L=0.1239  src=0.0522  tgt=0.0359  trans=0.0358  gain=+0.0001  |dz|=0.679  7.8 it/s
step   9400  L=0.3780  src=0.0391  tgt=0.1694  trans=0.1694  gain=+0.0001  |dz|=0.863  7.8 it/s
step   9450  L=0.3480  src=0.0279  tgt=0.1601  trans=0.1600  gain=+0.0001  |dz|=0.863  7.8 it/s
step   9500  L=0.1295  src=0.0607  tgt=0.0343  trans=0.0345  gain=-0.0001  |dz|=0.716  7.8 it/s
step   9550  L=0.1068  src=0.0432  tgt=0.0318  trans=0.0318  gain=-0.0000  |dz|=0.619  7.8 it/s
step   9600  L=0.1527  src=0.0449  tgt=0.0539  trans=0.0538  gain=+0.0001  |dz|=0.721  7.8 it/s
step   9650  L=0.1037  src=0.0423  tgt=0.0307  trans=0.0307  gain=-0.0000  |dz|=0.883  7.9 it/s
step   9700  L=0.4562  src=0.0615  tgt=0.1974  trans=0.1972  gain=+0.0002  |dz|=0.851  7.9 it/s
step   9750  L=0.4386  src=0.0653  tgt=0.1868  trans=0.1865  gain=+0.0003  |dz|=0.870  7.9 it/s
step   9800  L=0.5125  src=0.0476  tgt=0.2325  trans=0.2323  gain=+0.0002  |dz|=0.841  7.9 it/s
step   9850  L=0.1081  src=0.0519  tgt=0.0281  trans=0.0281  gain=+0.0000  |dz|=0.889  7.9 it/s
step   9900  L=0.1499  src=0.0605  tgt=0.0446  trans=0.0447  gain=-0.0000  |dz|=0.742  7.9 it/s
step   9950  L=0.0931  src=0.0447  tgt=0.0242  trans=0.0242  gain=-0.0000  |dz|=0.732  7.9 it/s
step  10000  L=0.2052  src=0.0648  tgt=0.0702  trans=0.0702  gain=-0.0000  |dz|=0.818  7.9 it/s
  [diagnostics @ 10000] loss_correct=0.0910  loss_zero=0.1006  loss_shuffled=0.1031  loss_random=0.1010  loss_target_only=0.0910  loss_mean_z=0.1015  r_basis=0.0569  |dz_transport|=0.7915  z_s_vs_enc_rel=1.8481  z_spread_rel=1.1388  gain_vs_zero=0.0097  gain_vs_shuffled=0.0122  gain_vs_target_only=0.0001  gain_vs_mean_z=0.0106  delta_task=0.0106  z_center_norm=0.1162  task_specific_frac=1.0924
  saved C:\T1D Meta Learning\code\python\meta-diffusion\experiments\linear_transport_replacement_2026-09-24\work\checkpoints\cifar_train25_film_k16_step10000.pt
step  10050  L=0.0918  src=0.0407  tgt=0.0256  trans=0.0255  gain=+0.0001  |dz|=0.705  7.8 it/s
step  10100  L=0.1161  src=0.0405  tgt=0.0378  trans=0.0377  gain=+0.0000  |dz|=0.878  7.8 it/s
step  10150  L=0.4343  src=0.0469  tgt=0.1940  trans=0.1934  gain=+0.0006  |dz|=0.965  7.8 it/s
step  10200  L=0.1043  src=0.0425  tgt=0.0309  trans=0.0307  gain=+0.0002  |dz|=0.964  7.8 it/s
step  10250  L=0.3412  src=0.0408  tgt=0.1501  trans=0.1502  gain=-0.0000  |dz|=0.956  7.8 it/s
step  10300  L=0.1094  src=0.0341  tgt=0.0376  trans=0.0377  gain=-0.0001  |dz|=0.867  7.8 it/s
step  10350  L=0.3056  src=0.0280  tgt=0.1389  trans=0.1386  gain=+0.0003  |dz|=0.900  7.8 it/s
step  10400  L=0.0656  src=0.0338  tgt=0.0159  trans=0.0159  gain=+0.0000  |dz|=0.922  7.8 it/s
step  10450  L=0.4608  src=0.0578  tgt=0.2015  trans=0.2014  gain=+0.0000  |dz|=0.929  7.8 it/s
step  10500  L=0.1086  src=0.0205  tgt=0.0441  trans=0.0440  gain=+0.0001  |dz|=0.708  7.8 it/s
step  10550  L=0.0991  src=0.0346  tgt=0.0324  trans=0.0321  gain=+0.0003  |dz|=0.709  7.8 it/s
step  10600  L=0.1075  src=0.0345  tgt=0.0365  trans=0.0364  gain=+0.0001  |dz|=0.719  7.8 it/s
step  10650  L=0.0754  src=0.0160  tgt=0.0297  trans=0.0296  gain=+0.0002  |dz|=0.914  7.8 it/s
step  10700  L=0.1037  src=0.0532  tgt=0.0251  trans=0.0254  gain=-0.0003  |dz|=0.744  7.8 it/s
step  10750  L=0.1069  src=0.0295  tgt=0.0387  trans=0.0386  gain=+0.0001  |dz|=0.921  7.8 it/s
step  10800  L=0.2846  src=0.0271  tgt=0.1288  trans=0.1286  gain=+0.0002  |dz|=0.826  7.8 it/s
step  10850  L=0.0837  src=0.0454  tgt=0.0192  trans=0.0191  gain=+0.0001  |dz|=0.736  7.8 it/s
step  10900  L=0.0850  src=0.0240  tgt=0.0304  trans=0.0305  gain=-0.0001  |dz|=0.734  7.8 it/s
step  10950  L=0.3702  src=0.0562  tgt=0.1570  trans=0.1569  gain=+0.0000  |dz|=0.930  7.8 it/s
step  11000  L=0.0653  src=0.0182  tgt=0.0237  trans=0.0235  gain=+0.0002  |dz|=0.742  7.8 it/s
step  11050  L=0.0745  src=0.0379  tgt=0.0183  trans=0.0182  gain=+0.0001  |dz|=0.749  7.8 it/s
step  11100  L=0.3269  src=0.0808  tgt=0.1230  trans=0.1231  gain=-0.0001  |dz|=0.939  7.8 it/s
step  11150  L=0.0961  src=0.0480  tgt=0.0241  trans=0.0240  gain=+0.0000  |dz|=0.961  7.8 it/s
step  11200  L=0.0976  src=0.0552  tgt=0.0212  trans=0.0211  gain=+0.0001  |dz|=0.779  7.8 it/s
step  11250  L=0.6004  src=0.0354  tgt=0.2824  trans=0.2825  gain=-0.0001  |dz|=0.939  7.8 it/s
step  11300  L=0.4013  src=0.0498  tgt=0.1758  trans=0.1757  gain=+0.0000  |dz|=0.917  7.8 it/s
step  11350  L=0.0922  src=0.0548  tgt=0.0187  trans=0.0186  gain=+0.0001  |dz|=0.962  7.8 it/s
step  11400  L=0.3624  src=0.0761  tgt=0.1432  trans=0.1430  gain=+0.0002  |dz|=0.925  7.8 it/s
step  11450  L=0.3666  src=0.0203  tgt=0.1730  trans=0.1732  gain=-0.0001  |dz|=0.875  7.8 it/s
step  11500  L=0.0935  src=0.0289  tgt=0.0324  trans=0.0323  gain=+0.0001  |dz|=0.729  7.8 it/s
step  11550  L=0.0784  src=0.0310  tgt=0.0237  trans=0.0237  gain=-0.0000  |dz|=0.803  7.8 it/s
step  11600  L=0.3412  src=0.0525  tgt=0.1443  trans=0.1443  gain=+0.0001  |dz|=0.862  7.8 it/s
step  11650  L=0.3511  src=0.0285  tgt=0.1612  trans=0.1614  gain=-0.0002  |dz|=0.839  7.8 it/s
step  11700  L=0.6005  src=0.0438  tgt=0.2783  trans=0.2784  gain=-0.0002  |dz|=0.899  7.8 it/s
step  11750  L=0.0736  src=0.0344  tgt=0.0196  trans=0.0196  gain=-0.0001  |dz|=0.739  7.8 it/s
step  11800  L=0.0741  src=0.0264  tgt=0.0237  trans=0.0239  gain=-0.0002  |dz|=0.973  7.8 it/s
step  11850  L=0.0902  src=0.0279  tgt=0.0311  trans=0.0312  gain=-0.0000  |dz|=0.749  7.8 it/s
step  11900  L=0.2705  src=0.0274  tgt=0.1216  trans=0.1215  gain=+0.0001  |dz|=0.891  7.8 it/s
step  11950  L=0.3556  src=0.0418  tgt=0.1568  trans=0.1569  gain=-0.0002  |dz|=0.914  7.8 it/s
step  12000  L=0.0867  src=0.0363  tgt=0.0253  trans=0.0250  gain=+0.0003  |dz|=0.953  7.8 it/s
  [diagnostics @ 12000] loss_correct=0.0486  loss_zero=0.0537  loss_shuffled=0.0609  loss_random=0.0546  loss_target_only=0.0491  loss_mean_z=0.0547  r_basis=0.0460  |dz_transport|=0.8512  z_s_vs_enc_rel=1.7128  z_spread_rel=1.0820  gain_vs_zero=0.0050  gain_vs_shuffled=0.0123  gain_vs_target_only=0.0004  gain_vs_mean_z=0.0061  delta_task=0.0061  z_center_norm=0.1118  task_specific_frac=1.2182
step  12050  L=0.0715  src=0.0294  tgt=0.0210  trans=0.0210  gain=+0.0001  |dz|=0.935  7.8 it/s
step  12100  L=0.1259  src=0.0823  tgt=0.0219  trans=0.0217  gain=+0.0001  |dz|=0.765  7.8 it/s
step  12150  L=0.0706  src=0.0240  tgt=0.0233  trans=0.0233  gain=+0.0000  |dz|=0.802  7.8 it/s
step  12200  L=0.4568  src=0.0353  tgt=0.2108  trans=0.2107  gain=+0.0001  |dz|=0.948  7.8 it/s
step  12250  L=0.0587  src=0.0217  tgt=0.0185  trans=0.0184  gain=+0.0001  |dz|=0.973  7.8 it/s
step  12300  L=0.3933  src=0.0668  tgt=0.1633  trans=0.1632  gain=+0.0001  |dz|=0.902  7.8 it/s
step  12350  L=0.0841  src=0.0457  tgt=0.0191  trans=0.0192  gain=-0.0001  |dz|=0.945  7.8 it/s
step  12400  L=0.0946  src=0.0482  tgt=0.0232  trans=0.0231  gain=+0.0001  |dz|=0.950  7.8 it/s
step  12450  L=0.0900  src=0.0347  tgt=0.0278  trans=0.0275  gain=+0.0003  |dz|=0.978  7.8 it/s
step  12500  L=0.1149  src=0.0418  tgt=0.0367  trans=0.0364  gain=+0.0004  |dz|=0.791  7.8 it/s
step  12550  L=0.3943  src=0.0296  tgt=0.1823  trans=0.1824  gain=-0.0001  |dz|=0.922  7.8 it/s
step  12600  L=0.1349  src=0.0510  tgt=0.0421  trans=0.0418  gain=+0.0003  |dz|=0.827  7.8 it/s
step  12650  L=0.0783  src=0.0383  tgt=0.0200  trans=0.0199  gain=+0.0001  |dz|=0.736  7.8 it/s
step  12700  L=0.0799  src=0.0267  tgt=0.0267  trans=0.0264  gain=+0.0002  |dz|=0.756  7.8 it/s
step  12750  L=0.0719  src=0.0331  tgt=0.0192  trans=0.0195  gain=-0.0003  |dz|=0.805  7.8 it/s
step  12800  L=0.0732  src=0.0295  tgt=0.0218  trans=0.0218  gain=+0.0001  |dz|=0.973  7.8 it/s
step  12850  L=0.3262  src=0.0620  tgt=0.1321  trans=0.1319  gain=+0.0002  |dz|=0.932  7.8 it/s
step  12900  L=0.0906  src=0.0362  tgt=0.0271  trans=0.0272  gain=-0.0000  |dz|=0.961  7.8 it/s
step  12950  L=0.0801  src=0.0401  tgt=0.0200  trans=0.0199  gain=+0.0002  |dz|=0.951  7.8 it/s
step  13000  L=0.0970  src=0.0460  tgt=0.0255  trans=0.0254  gain=+0.0001  |dz|=0.763  7.8 it/s
step  13050  L=0.0628  src=0.0170  tgt=0.0228  trans=0.0229  gain=-0.0001  |dz|=0.822  7.8 it/s
step  13100  L=0.0796  src=0.0249  tgt=0.0274  trans=0.0273  gain=+0.0001  |dz|=0.948  7.8 it/s
step  13150  L=0.3516  src=0.0296  tgt=0.1608  trans=0.1610  gain=-0.0002  |dz|=0.902  7.8 it/s
step  13200  L=0.5271  src=0.0559  tgt=0.2356  trans=0.2356  gain=+0.0000  |dz|=0.914  7.8 it/s
step  13250  L=0.4761  src=0.0428  tgt=0.2167  trans=0.2165  gain=+0.0002  |dz|=0.935  7.8 it/s
step  13300  L=0.2698  src=0.0272  tgt=0.1213  trans=0.1213  gain=-0.0000  |dz|=0.921  7.8 it/s
step  13350  L=0.0751  src=0.0476  tgt=0.0137  trans=0.0137  gain=+0.0000  |dz|=0.935  7.7 it/s
step  13400  L=0.0522  src=0.0171  tgt=0.0175  trans=0.0175  gain=+0.0000  |dz|=0.812  7.7 it/s
step  13450  L=0.0802  src=0.0244  tgt=0.0279  trans=0.0279  gain=-0.0000  |dz|=0.972  7.7 it/s
step  13500  L=0.0711  src=0.0292  tgt=0.0210  trans=0.0209  gain=+0.0001  |dz|=0.808  7.7 it/s
step  13550  L=0.1130  src=0.0366  tgt=0.0381  trans=0.0382  gain=-0.0001  |dz|=0.786  7.6 it/s
step  13600  L=0.0668  src=0.0181  tgt=0.0244  trans=0.0242  gain=+0.0002  |dz|=0.828  7.6 it/s
step  13650  L=0.3985  src=0.0349  tgt=0.1818  trans=0.1817  gain=+0.0000  |dz|=0.953  7.7 it/s
step  13700  L=0.0874  src=0.0218  tgt=0.0329  trans=0.0327  gain=+0.0002  |dz|=0.929  7.7 it/s
step  13750  L=0.4171  src=0.0285  tgt=0.1942  trans=0.1943  gain=-0.0001  |dz|=0.918  7.7 it/s
step  13800  L=0.3450  src=0.0303  tgt=0.1574  trans=0.1573  gain=+0.0001  |dz|=0.920  7.6 it/s
step  13850  L=0.1032  src=0.0487  tgt=0.0271  trans=0.0273  gain=-0.0002  |dz|=0.816  7.6 it/s
step  13900  L=0.0942  src=0.0321  tgt=0.0311  trans=0.0309  gain=+0.0002  |dz|=0.960  7.6 it/s
step  13950  L=0.1136  src=0.0330  tgt=0.0402  trans=0.0403  gain=-0.0000  |dz|=0.704  7.5 it/s
step  14000  L=0.0674  src=0.0209  tgt=0.0231  trans=0.0233  gain=-0.0002  |dz|=0.963  7.5 it/s
  [diagnostics @ 14000] loss_correct=0.0845  loss_zero=0.0968  loss_shuffled=0.1098  loss_random=0.0987  loss_target_only=0.0848  loss_mean_z=0.0979  r_basis=0.0662  |dz_transport|=0.8796  z_s_vs_enc_rel=1.8771  z_spread_rel=1.1353  gain_vs_zero=0.0122  gain_vs_shuffled=0.0252  gain_vs_target_only=0.0003  gain_vs_mean_z=0.0134  delta_task=0.0134  z_center_norm=0.0822  task_specific_frac=1.0920
step  14050  L=0.0644  src=0.0197  tgt=0.0223  trans=0.0224  gain=-0.0001  |dz|=0.806  7.3 it/s
step  14100  L=0.0708  src=0.0238  tgt=0.0235  trans=0.0235  gain=-0.0001  |dz|=0.958  7.3 it/s
step  14150  L=0.1379  src=0.0327  tgt=0.0526  trans=0.0525  gain=+0.0001  |dz|=0.825  7.3 it/s
step  14200  L=0.4062  src=0.0303  tgt=0.1881  trans=0.1877  gain=+0.0005  |dz|=0.882  7.2 it/s
step  14250  L=0.0725  src=0.0247  tgt=0.0239  trans=0.0238  gain=+0.0002  |dz|=0.844  7.2 it/s
step  14300  L=0.3498  src=0.0317  tgt=0.1590  trans=0.1590  gain=-0.0001  |dz|=0.848  7.2 it/s
step  14350  L=0.0828  src=0.0452  tgt=0.0188  trans=0.0187  gain=+0.0001  |dz|=1.021  7.1 it/s
step  14400  L=0.3263  src=0.0316  tgt=0.1474  trans=0.1472  gain=+0.0002  |dz|=0.964  7.1 it/s
step  14450  L=0.1160  src=0.0290  tgt=0.0436  trans=0.0435  gain=+0.0001  |dz|=0.847  7.1 it/s
step  14500  L=0.3529  src=0.0328  tgt=0.1600  trans=0.1600  gain=-0.0000  |dz|=0.919  7.0 it/s
step  14550  L=0.0758  src=0.0289  tgt=0.0235  trans=0.0234  gain=+0.0001  |dz|=0.844  7.0 it/s
step  14600  L=0.3586  src=0.0284  tgt=0.1652  trans=0.1651  gain=+0.0001  |dz|=0.923  7.0 it/s
step  14650  L=0.4873  src=0.0158  tgt=0.2356  trans=0.2359  gain=-0.0002  |dz|=0.945  7.0 it/s
step  14700  L=0.0622  src=0.0165  tgt=0.0230  trans=0.0226  gain=+0.0003  |dz|=0.967  6.9 it/s
step  14750  L=0.0979  src=0.0567  tgt=0.0207  trans=0.0205  gain=+0.0002  |dz|=0.927  6.9 it/s
step  14800  L=0.1344  src=0.0550  tgt=0.0396  trans=0.0397  gain=-0.0001  |dz|=0.850  6.9 it/s
step  14850  L=0.1063  src=0.0386  tgt=0.0339  trans=0.0338  gain=+0.0001  |dz|=0.960  6.8 it/s
step  14900  L=0.3227  src=0.0232  tgt=0.1497  trans=0.1498  gain=-0.0001  |dz|=0.955  6.8 it/s
step  14950  L=0.0656  src=0.0199  tgt=0.0228  trans=0.0228  gain=-0.0000  |dz|=0.827  6.8 it/s
step  15000  L=0.0903  src=0.0247  tgt=0.0328  trans=0.0327  gain=+0.0001  |dz|=0.954  6.8 it/s
step  15050  L=0.0921  src=0.0324  tgt=0.0299  trans=0.0298  gain=+0.0001  |dz|=0.969  6.7 it/s
step  15100  L=0.0748  src=0.0284  tgt=0.0231  trans=0.0232  gain=-0.0001  |dz|=0.966  6.7 it/s
step  15150  L=0.0833  src=0.0276  tgt=0.0278  trans=0.0278  gain=+0.0000  |dz|=0.913  6.7 it/s
step  15200  L=0.0632  src=0.0257  tgt=0.0186  trans=0.0187  gain=-0.0001  |dz|=0.866  6.7 it/s
step  15250  L=0.0811  src=0.0304  tgt=0.0254  trans=0.0252  gain=+0.0002  |dz|=0.837  6.7 it/s
step  15300  L=0.0625  src=0.0195  tgt=0.0214  trans=0.0215  gain=-0.0001  |dz|=0.949  6.6 it/s
step  15350  L=0.1117  src=0.0456  tgt=0.0329  trans=0.0330  gain=-0.0001  |dz|=0.969  6.6 it/s
step  15400  L=0.0740  src=0.0224  tgt=0.0257  trans=0.0258  gain=-0.0001  |dz|=0.835  6.6 it/s
step  15450  L=0.6343  src=0.0255  tgt=0.3044  trans=0.3043  gain=+0.0001  |dz|=0.911  6.6 it/s
step  15500  L=0.1867  src=0.0916  tgt=0.0477  trans=0.0474  gain=+0.0003  |dz|=0.841  6.6 it/s
step  15550  L=0.0989  src=0.0333  tgt=0.0328  trans=0.0327  gain=+0.0000  |dz|=0.947  6.6 it/s
step  15600  L=0.0675  src=0.0316  tgt=0.0180  trans=0.0179  gain=+0.0001  |dz|=0.884  6.5 it/s
step  15650  L=0.3761  src=0.0136  tgt=0.1813  trans=0.1812  gain=+0.0001  |dz|=0.917  6.5 it/s
step  15700  L=0.0962  src=0.0277  tgt=0.0342  trans=0.0342  gain=+0.0000  |dz|=0.930  6.5 it/s
step  15750  L=0.0878  src=0.0326  tgt=0.0274  trans=0.0277  gain=-0.0003  |dz|=0.994  6.5 it/s
step  15800  L=0.4201  src=0.0444  tgt=0.1877  trans=0.1879  gain=-0.0003  |dz|=0.923  6.5 it/s
step  15850  L=0.2513  src=0.0117  tgt=0.1199  trans=0.1197  gain=+0.0002  |dz|=0.914  6.5 it/s
step  15900  L=0.0686  src=0.0224  tgt=0.0231  trans=0.0231  gain=+0.0001  |dz|=0.946  6.5 it/s
step  15950  L=0.0644  src=0.0407  tgt=0.0117  trans=0.0118  gain=-0.0001  |dz|=0.899  6.4 it/s
step  16000  L=0.1010  src=0.0506  tgt=0.0251  trans=0.0252  gain=-0.0001  |dz|=0.880  6.4 it/s
  [diagnostics @ 16000] loss_correct=0.0764  loss_zero=0.0902  loss_shuffled=0.1035  loss_random=0.0910  loss_target_only=0.0767  loss_mean_z=0.0914  r_basis=0.0728  |dz_transport|=0.9089  z_s_vs_enc_rel=1.7572  z_spread_rel=1.1720  gain_vs_zero=0.0138  gain_vs_shuffled=0.0271  gain_vs_target_only=0.0003  gain_vs_mean_z=0.0150  delta_task=0.0150  z_center_norm=0.0903  task_specific_frac=1.0863
step  16050  L=0.0593  src=0.0240  tgt=0.0177  trans=0.0175  gain=+0.0002  |dz|=0.813  6.3 it/s
step  16100  L=0.1336  src=0.0419  tgt=0.0458  trans=0.0457  gain=+0.0001  |dz|=0.778  6.3 it/s
step  16150  L=0.4674  src=0.0597  tgt=0.2040  trans=0.2036  gain=+0.0003  |dz|=0.913  6.3 it/s
step  16200  L=0.0968  src=0.0518  tgt=0.0224  trans=0.0225  gain=-0.0001  |dz|=0.892  6.3 it/s
step  16250  L=0.5227  src=0.0166  tgt=0.2530  trans=0.2529  gain=+0.0001  |dz|=1.027  6.3 it/s
step  16300  L=0.1327  src=0.0652  tgt=0.0338  trans=0.0336  gain=+0.0002  |dz|=0.876  6.3 it/s
step  16350  L=0.0840  src=0.0344  tgt=0.0247  trans=0.0248  gain=-0.0001  |dz|=0.844  6.3 it/s
step  16400  L=0.0697  src=0.0334  tgt=0.0182  trans=0.0181  gain=+0.0001  |dz|=0.979  6.2 it/s
step  16450  L=0.0950  src=0.0257  tgt=0.0347  trans=0.0345  gain=+0.0002  |dz|=0.848  6.2 it/s
step  16500  L=0.0627  src=0.0212  tgt=0.0207  trans=0.0208  gain=-0.0001  |dz|=0.979  6.2 it/s
step  16550  L=0.0786  src=0.0257  tgt=0.0264  trans=0.0264  gain=-0.0000  |dz|=0.844  6.2 it/s
step  16600  L=0.3975  src=0.0411  tgt=0.1781  trans=0.1782  gain=-0.0001  |dz|=0.942  6.2 it/s
step  16650  L=0.0594  src=0.0252  tgt=0.0170  trans=0.0172  gain=-0.0002  |dz|=0.947  6.2 it/s
step  16700  L=0.0579  src=0.0171  tgt=0.0204  trans=0.0203  gain=+0.0000  |dz|=0.881  6.2 it/s
step  16750  L=0.1887  src=0.0184  tgt=0.0851  trans=0.0851  gain=+0.0000  |dz|=0.987  6.2 it/s
step  16800  L=0.0863  src=0.0447  tgt=0.0209  trans=0.0206  gain=+0.0002  |dz|=0.974  6.1 it/s
step  16850  L=0.0601  src=0.0184  tgt=0.0209  trans=0.0207  gain=+0.0001  |dz|=0.877  6.1 it/s
step  16900  L=0.2753  src=0.0293  tgt=0.1230  trans=0.1229  gain=+0.0001  |dz|=0.951  6.1 it/s
step  16950  L=0.0913  src=0.0470  tgt=0.0221  trans=0.0221  gain=+0.0001  |dz|=0.934  6.1 it/s
step  17000  L=0.4905  src=0.0190  tgt=0.2357  trans=0.2357  gain=-0.0000  |dz|=0.990  6.1 it/s
step  17050  L=0.3432  src=0.0466  tgt=0.1482  trans=0.1483  gain=-0.0001  |dz|=0.948  6.1 it/s
step  17100  L=0.0913  src=0.0217  tgt=0.0347  trans=0.0348  gain=-0.0000  |dz|=0.854  6.1 it/s
step  17150  L=0.0714  src=0.0178  tgt=0.0268  trans=0.0269  gain=-0.0001  |dz|=0.839  6.1 it/s
step  17200  L=0.3597  src=0.0230  tgt=0.1683  trans=0.1683  gain=+0.0001  |dz|=0.971  6.1 it/s
step  17250  L=0.0964  src=0.0423  tgt=0.0271  trans=0.0270  gain=+0.0001  |dz|=0.845  6.1 it/s
step  17300  L=0.0481  src=0.0172  tgt=0.0154  trans=0.0154  gain=-0.0000  |dz|=0.956  6.0 it/s
step  17350  L=0.1105  src=0.0251  tgt=0.0428  trans=0.0426  gain=+0.0002  |dz|=0.920  6.0 it/s
step  17400  L=0.0574  src=0.0216  tgt=0.0179  trans=0.0177  gain=+0.0002  |dz|=0.730  6.0 it/s
step  17450  L=0.0684  src=0.0381  tgt=0.0151  trans=0.0152  gain=-0.0001  |dz|=0.864  6.0 it/s
step  17500  L=0.0848  src=0.0516  tgt=0.0166  trans=0.0165  gain=+0.0001  |dz|=0.972  6.0 it/s
step  17550  L=0.0657  src=0.0280  tgt=0.0188  trans=0.0188  gain=-0.0000  |dz|=0.883  6.0 it/s
step  17600  L=0.1390  src=0.0716  tgt=0.0336  trans=0.0337  gain=-0.0001  |dz|=0.980  6.0 it/s
step  17650  L=0.4970  src=0.0668  tgt=0.2151  trans=0.2150  gain=+0.0000  |dz|=0.942  6.0 it/s
step  17700  L=0.0869  src=0.0268  tgt=0.0301  trans=0.0299  gain=+0.0001  |dz|=0.846  6.0 it/s
step  17750  L=0.0490  src=0.0265  tgt=0.0113  trans=0.0112  gain=+0.0001  |dz|=0.838  5.9 it/s
step  17800  L=0.0832  src=0.0228  tgt=0.0303  trans=0.0300  gain=+0.0002  |dz|=0.854  5.9 it/s
step  17850  L=0.0480  src=0.0125  tgt=0.0178  trans=0.0177  gain=+0.0001  |dz|=0.959  5.9 it/s
step  17900  L=0.0457  src=0.0151  tgt=0.0153  trans=0.0152  gain=+0.0001  |dz|=0.835  5.9 it/s
step  17950  L=0.3164  src=0.0091  tgt=0.1538  trans=0.1535  gain=+0.0003  |dz|=0.945  5.9 it/s
step  18000  L=0.1808  src=0.0364  tgt=0.0721  trans=0.0722  gain=-0.0001  |dz|=0.934  5.9 it/s
  [diagnostics @ 18000] loss_correct=0.0863  loss_zero=0.1050  loss_shuffled=0.1105  loss_random=0.1067  loss_target_only=0.0863  loss_mean_z=0.1063  r_basis=0.0784  |dz_transport|=0.9186  z_s_vs_enc_rel=1.8550  z_spread_rel=1.1696  gain_vs_zero=0.0188  gain_vs_shuffled=0.0243  gain_vs_target_only=0.0000  gain_vs_mean_z=0.0200  delta_task=0.0200  z_center_norm=0.0758  task_specific_frac=1.0659
step  18050  L=0.2792  src=0.0221  tgt=0.1284  trans=0.1286  gain=-0.0002  |dz|=0.928  5.8 it/s
step  18100  L=0.0606  src=0.0159  tgt=0.0222  trans=0.0224  gain=-0.0002  |dz|=0.839  5.8 it/s
step  18150  L=0.1079  src=0.0488  tgt=0.0295  trans=0.0295  gain=-0.0000  |dz|=0.859  5.8 it/s
step  18200  L=0.4542  src=0.0311  tgt=0.2114  trans=0.2116  gain=-0.0001  |dz|=0.938  5.8 it/s
step  18250  L=0.0784  src=0.0432  tgt=0.0175  trans=0.0177  gain=-0.0002  |dz|=0.950  5.8 it/s
step  18300  L=0.1019  src=0.0213  tgt=0.0404  trans=0.0400  gain=+0.0003  |dz|=0.839  5.8 it/s
step  18350  L=0.4250  src=0.0264  tgt=0.1991  trans=0.1994  gain=-0.0002  |dz|=0.917  5.8 it/s
step  18400  L=0.2886  src=0.0463  tgt=0.1212  trans=0.1211  gain=+0.0001  |dz|=0.960  5.8 it/s
step  18450  L=0.0911  src=0.0309  tgt=0.0302  trans=0.0300  gain=+0.0002  |dz|=0.962  5.8 it/s
step  18500  L=0.0945  src=0.0401  tgt=0.0271  trans=0.0273  gain=-0.0002  |dz|=0.850  5.8 it/s
step  18550  L=0.0676  src=0.0309  tgt=0.0183  trans=0.0184  gain=-0.0001  |dz|=0.919  5.7 it/s
step  18600  L=0.0704  src=0.0256  tgt=0.0224  trans=0.0224  gain=+0.0000  |dz|=0.840  5.7 it/s
step  18650  L=0.5123  src=0.0315  tgt=0.2404  trans=0.2403  gain=+0.0001  |dz|=0.957  5.7 it/s
step  18700  L=0.0863  src=0.0355  tgt=0.0255  trans=0.0252  gain=+0.0003  |dz|=0.954  5.7 it/s
step  18750  L=0.0749  src=0.0291  tgt=0.0228  trans=0.0229  gain=-0.0001  |dz|=0.959  5.7 it/s
step  18800  L=0.0628  src=0.0159  tgt=0.0235  trans=0.0234  gain=+0.0001  |dz|=0.853  5.7 it/s
step  18850  L=0.3436  src=0.0218  tgt=0.1607  trans=0.1609  gain=-0.0002  |dz|=0.944  5.7 it/s
step  18900  L=0.1205  src=0.0186  tgt=0.0508  trans=0.0510  gain=-0.0002  |dz|=0.849  5.7 it/s
step  18950  L=0.3783  src=0.0360  tgt=0.1711  trans=0.1711  gain=+0.0001  |dz|=0.921  5.7 it/s
step  19000  L=0.5550  src=0.0461  tgt=0.2545  trans=0.2544  gain=+0.0001  |dz|=0.930  5.7 it/s
step  19050  L=0.4235  src=0.0213  tgt=0.2008  trans=0.2012  gain=-0.0004  |dz|=0.930  5.7 it/s
step  19100  L=0.0504  src=0.0113  tgt=0.0196  trans=0.0195  gain=+0.0000  |dz|=0.937  5.7 it/s
step  19150  L=0.0539  src=0.0230  tgt=0.0155  trans=0.0153  gain=+0.0002  |dz|=0.688  5.7 it/s
step  19200  L=0.0849  src=0.0260  tgt=0.0295  trans=0.0294  gain=+0.0001  |dz|=0.859  5.7 it/s
step  19250  L=0.4334  src=0.0267  tgt=0.2034  trans=0.2032  gain=+0.0001  |dz|=0.868  5.7 it/s
step  19300  L=0.0957  src=0.0485  tgt=0.0234  trans=0.0237  gain=-0.0003  |dz|=0.944  5.7 it/s
step  19350  L=0.3243  src=0.0579  tgt=0.1332  trans=0.1331  gain=+0.0001  |dz|=0.950  5.6 it/s
step  19400  L=0.0490  src=0.0137  tgt=0.0178  trans=0.0175  gain=+0.0003  |dz|=0.895  5.6 it/s
step  19450  L=0.5129  src=0.0126  tgt=0.2502  trans=0.2500  gain=+0.0002  |dz|=0.922  5.6 it/s
step  19500  L=0.0708  src=0.0192  tgt=0.0257  trans=0.0258  gain=-0.0001  |dz|=0.867  5.6 it/s
step  19550  L=0.2437  src=0.0133  tgt=0.1152  trans=0.1151  gain=+0.0002  |dz|=0.932  5.6 it/s
step  19600  L=0.0715  src=0.0134  tgt=0.0290  trans=0.0289  gain=+0.0001  |dz|=0.796  5.6 it/s
step  19650  L=0.4123  src=0.0138  tgt=0.1992  trans=0.1993  gain=-0.0001  |dz|=0.881  5.6 it/s
step  19700  L=0.3664  src=0.0126  tgt=0.1768  trans=0.1769  gain=-0.0001  |dz|=0.927  5.6 it/s
step  19750  L=0.3799  src=0.0257  tgt=0.1770  trans=0.1771  gain=-0.0001  |dz|=0.940  5.6 it/s
step  19800  L=0.2787  src=0.0079  tgt=0.1354  trans=0.1353  gain=+0.0001  |dz|=0.854  5.6 it/s
step  19850  L=0.0769  src=0.0333  tgt=0.0216  trans=0.0219  gain=-0.0003  |dz|=0.868  5.6 it/s
step  19900  L=0.1219  src=0.0440  tgt=0.0389  trans=0.0389  gain=-0.0000  |dz|=0.877  5.6 it/s
step  19950  L=0.3824  src=0.0182  tgt=0.1822  trans=0.1819  gain=+0.0003  |dz|=0.925  5.6 it/s
step  20000  L=0.0809  src=0.0313  tgt=0.0247  trans=0.0248  gain=-0.0002  |dz|=0.963  5.5 it/s
  [diagnostics @ 20000] loss_correct=0.0979  loss_zero=0.1196  loss_shuffled=0.1338  loss_random=0.1203  loss_target_only=0.0981  loss_mean_z=0.1217  r_basis=0.0883  |dz_transport|=0.9155  z_s_vs_enc_rel=1.7758  z_spread_rel=1.1536  gain_vs_zero=0.0217  gain_vs_shuffled=0.0359  gain_vs_target_only=0.0002  gain_vs_mean_z=0.0238  delta_task=0.0238  z_center_norm=0.0674  task_specific_frac=1.0992
  saved C:\T1D Meta Learning\code\python\meta-diffusion\experiments\linear_transport_replacement_2026-09-24\work\checkpoints\cifar_train25_film_k16_step20000.pt
step  20050  L=0.1047  src=0.0348  tgt=0.0350  trans=0.0349  gain=+0.0001  |dz|=0.802  5.5 it/s
step  20100  L=0.0587  src=0.0247  tgt=0.0170  trans=0.0169  gain=+0.0001  |dz|=0.934  5.5 it/s
step  20150  L=0.0866  src=0.0260  tgt=0.0302  trans=0.0303  gain=-0.0000  |dz|=0.815  5.5 it/s
step  20200  L=0.0614  src=0.0264  tgt=0.0175  trans=0.0175  gain=+0.0000  |dz|=0.957  5.5 it/s
step  20250  L=0.3016  src=0.0451  tgt=0.1282  trans=0.1283  gain=-0.0000  |dz|=0.938  5.5 it/s
step  20300  L=0.1115  src=0.0628  tgt=0.0243  trans=0.0243  gain=+0.0001  |dz|=0.893  5.5 it/s
step  20350  L=0.3095  src=0.0313  tgt=0.1391  trans=0.1390  gain=+0.0001  |dz|=0.920  5.5 it/s
step  20400  L=0.0671  src=0.0278  tgt=0.0198  trans=0.0194  gain=+0.0004  |dz|=0.940  5.5 it/s
step  20450  L=0.3107  src=0.0260  tgt=0.1423  trans=0.1423  gain=-0.0000  |dz|=0.933  5.4 it/s
step  20500  L=0.2457  src=0.0353  tgt=0.1048  trans=0.1054  gain=-0.0006  |dz|=0.922  5.4 it/s
step  20550  L=0.3403  src=0.0236  tgt=0.1584  trans=0.1582  gain=+0.0002  |dz|=0.929  5.4 it/s
step  20600  L=0.5098  src=0.0258  tgt=0.2420  trans=0.2420  gain=+0.0000  |dz|=0.910  5.4 it/s
step  20650  L=0.1000  src=0.0177  tgt=0.0412  trans=0.0411  gain=+0.0001  |dz|=0.851  5.4 it/s
step  20700  L=0.0746  src=0.0249  tgt=0.0249  trans=0.0246  gain=+0.0003  |dz|=0.863  5.4 it/s
step  20750  L=0.3354  src=0.0280  tgt=0.1539  trans=0.1534  gain=+0.0005  |dz|=0.912  5.4 it/s
step  20800  L=0.3159  src=0.0269  tgt=0.1445  trans=0.1444  gain=+0.0000  |dz|=0.916  5.4 it/s
step  20850  L=0.0825  src=0.0293  tgt=0.0266  trans=0.0266  gain=+0.0000  |dz|=0.934  5.4 it/s
step  20900  L=0.0513  src=0.0184  tgt=0.0165  trans=0.0164  gain=+0.0001  |dz|=0.872  5.4 it/s
step  20950  L=0.2871  src=0.0367  tgt=0.1251  trans=0.1252  gain=-0.0001  |dz|=0.932  5.4 it/s
step  21000  L=0.4707  src=0.0362  tgt=0.2172  trans=0.2172  gain=+0.0000  |dz|=0.898  5.4 it/s
step  21050  L=0.0661  src=0.0206  tgt=0.0228  trans=0.0226  gain=+0.0001  |dz|=0.911  5.4 it/s
step  21100  L=0.0581  src=0.0190  tgt=0.0195  trans=0.0195  gain=-0.0000  |dz|=0.911  5.4 it/s
step  21150  L=0.2641  src=0.0159  tgt=0.1242  trans=0.1239  gain=+0.0003  |dz|=0.915  5.4 it/s
step  21200  L=0.0702  src=0.0119  tgt=0.0291  trans=0.0292  gain=-0.0000  |dz|=0.781  5.4 it/s
step  21250  L=0.3775  src=0.0392  tgt=0.1692  trans=0.1690  gain=+0.0002  |dz|=0.923  5.4 it/s
step  21300  L=0.2216  src=0.0157  tgt=0.1030  trans=0.1028  gain=+0.0002  |dz|=0.888  5.3 it/s
step  21350  L=0.0779  src=0.0287  tgt=0.0246  trans=0.0245  gain=+0.0001  |dz|=0.919  5.3 it/s
step  21400  L=0.0529  src=0.0185  tgt=0.0171  trans=0.0172  gain=-0.0001  |dz|=0.941  5.3 it/s
step  21450  L=0.0698  src=0.0150  tgt=0.0272  trans=0.0275  gain=-0.0003  |dz|=0.902  5.3 it/s
step  21500  L=0.0877  src=0.0458  tgt=0.0210  trans=0.0209  gain=+0.0001  |dz|=0.879  5.3 it/s
step  21550  L=0.1103  src=0.0520  tgt=0.0293  trans=0.0289  gain=+0.0004  |dz|=0.917  5.3 it/s
step  21600  L=0.2948  src=0.0150  tgt=0.1402  trans=0.1395  gain=+0.0007  |dz|=0.916  5.3 it/s
step  21650  L=0.1237  src=0.0420  tgt=0.0407  trans=0.0409  gain=-0.0001  |dz|=0.879  5.3 it/s
step  21700  L=0.4408  src=0.0125  tgt=0.2141  trans=0.2141  gain=-0.0000  |dz|=0.897  5.3 it/s
step  21750  L=0.0884  src=0.0159  tgt=0.0363  trans=0.0361  gain=+0.0002  |dz|=0.871  5.3 it/s
step  21800  L=0.1095  src=0.0383  tgt=0.0357  trans=0.0355  gain=+0.0002  |dz|=0.920  5.3 it/s
step  21850  L=0.0645  src=0.0167  tgt=0.0238  trans=0.0239  gain=-0.0001  |dz|=0.847  5.3 it/s
step  21900  L=0.0872  src=0.0263  tgt=0.0305  trans=0.0302  gain=+0.0003  |dz|=0.941  5.3 it/s
step  21950  L=0.0538  src=0.0144  tgt=0.0196  trans=0.0197  gain=-0.0001  |dz|=0.937  5.3 it/s
step  22000  L=0.5594  src=0.0162  tgt=0.2716  trans=0.2716  gain=+0.0000  |dz|=0.934  5.3 it/s
  [diagnostics @ 22000] loss_correct=0.0853  loss_zero=0.1046  loss_shuffled=0.1133  loss_random=0.1051  loss_target_only=0.0860  loss_mean_z=0.1060  r_basis=0.0812  |dz_transport|=0.9050  z_s_vs_enc_rel=1.7288  z_spread_rel=1.1677  gain_vs_zero=0.0192  gain_vs_shuffled=0.0280  gain_vs_target_only=0.0006  gain_vs_mean_z=0.0207  delta_task=0.0207  z_center_norm=0.0800  task_specific_frac=1.0765
step  22050  L=0.0586  src=0.0193  tgt=0.0196  trans=0.0196  gain=+0.0000  |dz|=0.834  5.2 it/s
step  22100  L=0.3705  src=0.0624  tgt=0.1541  trans=0.1540  gain=+0.0001  |dz|=0.928  5.2 it/s
step  22150  L=0.2909  src=0.0198  tgt=0.1355  trans=0.1355  gain=+0.0000  |dz|=0.915  5.2 it/s
step  22200  L=0.0780  src=0.0334  tgt=0.0224  trans=0.0222  gain=+0.0001  |dz|=0.933  5.2 it/s
step  22250  L=0.0871  src=0.0456  tgt=0.0207  trans=0.0207  gain=-0.0000  |dz|=0.880  5.2 it/s
step  22300  L=0.0534  src=0.0225  tgt=0.0154  trans=0.0154  gain=-0.0000  |dz|=0.937  5.2 it/s
step  22350  L=0.0758  src=0.0312  tgt=0.0222  trans=0.0223  gain=-0.0001  |dz|=0.916  5.2 it/s
step  22400  L=0.0637  src=0.0241  tgt=0.0198  trans=0.0198  gain=+0.0000  |dz|=0.908  5.2 it/s
step  22450  L=0.0568  src=0.0229  tgt=0.0169  trans=0.0170  gain=-0.0001  |dz|=0.909  5.2 it/s
step  22500  L=0.2981  src=0.0296  tgt=0.1342  trans=0.1341  gain=+0.0001  |dz|=0.928  5.2 it/s
step  22550  L=0.0823  src=0.0209  tgt=0.0307  trans=0.0306  gain=+0.0001  |dz|=0.905  5.2 it/s
step  22600  L=0.0804  src=0.0307  tgt=0.0247  trans=0.0249  gain=-0.0001  |dz|=0.893  5.2 it/s
step  22650  L=0.3816  src=0.0278  tgt=0.1770  trans=0.1767  gain=+0.0003  |dz|=0.920  5.2 it/s
step  22700  L=0.0727  src=0.0425  tgt=0.0150  trans=0.0150  gain=-0.0000  |dz|=0.925  5.2 it/s
step  22750  L=0.0565  src=0.0129  tgt=0.0217  trans=0.0219  gain=-0.0002  |dz|=0.879  5.2 it/s
step  22800  L=0.0588  src=0.0264  tgt=0.0160  trans=0.0164  gain=-0.0004  |dz|=0.931  5.2 it/s
step  22850  L=0.2695  src=0.0172  tgt=0.1261  trans=0.1262  gain=-0.0001  |dz|=0.906  5.2 it/s
step  22900  L=0.2705  src=0.0399  tgt=0.1155  trans=0.1151  gain=+0.0004  |dz|=0.951  5.2 it/s
step  22950  L=0.2841  src=0.0251  tgt=0.1295  trans=0.1295  gain=+0.0000  |dz|=0.905  5.2 it/s
step  23000  L=0.0678  src=0.0346  tgt=0.0165  trans=0.0166  gain=-0.0001  |dz|=0.871  5.2 it/s
step  23050  L=0.0541  src=0.0124  tgt=0.0208  trans=0.0207  gain=+0.0001  |dz|=0.845  5.1 it/s
step  23100  L=0.0681  src=0.0348  tgt=0.0165  trans=0.0168  gain=-0.0003  |dz|=0.934  5.1 it/s
step  23150  L=0.2153  src=0.0285  tgt=0.0934  trans=0.0933  gain=+0.0001  |dz|=0.913  5.1 it/s
step  23200  L=0.1161  src=0.0502  tgt=0.0331  trans=0.0328  gain=+0.0003  |dz|=0.929  5.1 it/s
step  23250  L=0.0543  src=0.0148  tgt=0.0198  trans=0.0195  gain=+0.0003  |dz|=0.912  5.1 it/s
step  23300  L=0.0634  src=0.0294  tgt=0.0169  trans=0.0170  gain=-0.0001  |dz|=0.867  5.1 it/s
step  23350  L=0.1294  src=0.0366  tgt=0.0466  trans=0.0462  gain=+0.0004  |dz|=0.884  5.1 it/s
step  23400  L=0.2502  src=0.0322  tgt=0.1091  trans=0.1088  gain=+0.0003  |dz|=0.911  5.1 it/s
step  23450  L=0.0585  src=0.0294  tgt=0.0146  trans=0.0144  gain=+0.0002  |dz|=0.911  5.1 it/s
step  23500  L=0.3809  src=0.0433  tgt=0.1688  trans=0.1687  gain=+0.0002  |dz|=0.919  5.1 it/s
step  23550  L=0.2575  src=0.0326  tgt=0.1125  trans=0.1123  gain=+0.0002  |dz|=0.898  5.1 it/s
step  23600  L=0.0644  src=0.0099  tgt=0.0273  trans=0.0271  gain=+0.0001  |dz|=0.854  5.1 it/s
step  23650  L=0.3377  src=0.0346  tgt=0.1517  trans=0.1513  gain=+0.0004  |dz|=0.926  5.1 it/s
step  23700  L=0.3230  src=0.0140  tgt=0.1546  trans=0.1544  gain=+0.0002  |dz|=0.909  5.1 it/s
step  23750  L=0.3597  src=0.0333  tgt=0.1631  trans=0.1631  gain=+0.0000  |dz|=0.924  5.1 it/s
step  23800  L=0.0737  src=0.0193  tgt=0.0273  trans=0.0270  gain=+0.0004  |dz|=0.888  5.1 it/s
step  23850  L=0.0861  src=0.0298  tgt=0.0282  trans=0.0280  gain=+0.0002  |dz|=0.919  5.1 it/s
step  23900  L=0.0619  src=0.0231  tgt=0.0193  trans=0.0194  gain=-0.0001  |dz|=0.884  5.1 it/s
step  23950  L=0.4132  src=0.0136  tgt=0.1999  trans=0.1996  gain=+0.0004  |dz|=0.912  5.1 it/s
step  24000  L=0.3643  src=0.0269  tgt=0.1685  trans=0.1688  gain=-0.0003  |dz|=0.928  5.1 it/s
  [diagnostics @ 24000] loss_correct=0.0855  loss_zero=0.1081  loss_shuffled=0.1201  loss_random=0.1085  loss_target_only=0.0856  loss_mean_z=0.1087  r_basis=0.0878  |dz_transport|=0.9059  z_s_vs_enc_rel=1.8309  z_spread_rel=1.1732  gain_vs_zero=0.0226  gain_vs_shuffled=0.0346  gain_vs_target_only=0.0001  gain_vs_mean_z=0.0232  delta_task=0.0232  z_center_norm=0.1198  task_specific_frac=1.0285
step  24050  L=0.4387  src=0.0112  tgt=0.2135  trans=0.2139  gain=-0.0004  |dz|=0.950  5.0 it/s
step  24100  L=0.2979  src=0.0131  tgt=0.1424  trans=0.1422  gain=+0.0002  |dz|=0.947  5.0 it/s
step  24150  L=0.3988  src=0.0198  tgt=0.1896  trans=0.1893  gain=+0.0002  |dz|=0.928  5.0 it/s
step  24200  L=0.3915  src=0.0354  tgt=0.1779  trans=0.1781  gain=-0.0002  |dz|=0.956  5.0 it/s
step  24250  L=0.1185  src=0.0533  tgt=0.0325  trans=0.0326  gain=-0.0001  |dz|=0.872  5.0 it/s
step  24300  L=0.3131  src=0.0138  tgt=0.1495  trans=0.1498  gain=-0.0004  |dz|=0.918  5.0 it/s
step  24350  L=0.3020  src=0.0239  tgt=0.1390  trans=0.1390  gain=-0.0001  |dz|=0.929  5.0 it/s
step  24400  L=0.0867  src=0.0446  tgt=0.0210  trans=0.0210  gain=-0.0001  |dz|=0.890  5.0 it/s
step  24450  L=0.0574  src=0.0195  tgt=0.0190  trans=0.0188  gain=+0.0002  |dz|=0.869  5.0 it/s
step  24500  L=0.0543  src=0.0125  tgt=0.0209  trans=0.0209  gain=-0.0000  |dz|=0.863  5.0 it/s
step  24550  L=0.0977  src=0.0380  tgt=0.0299  trans=0.0298  gain=+0.0001  |dz|=0.911  5.0 it/s
step  24600  L=0.0848  src=0.0408  tgt=0.0221  trans=0.0219  gain=+0.0003  |dz|=0.874  5.0 it/s
step  24650  L=0.4441  src=0.0244  tgt=0.2099  trans=0.2097  gain=+0.0002  |dz|=0.944  5.0 it/s
step  24700  L=0.2499  src=0.0206  tgt=0.1146  trans=0.1147  gain=-0.0001  |dz|=0.930  5.0 it/s
step  24750  L=0.0603  src=0.0269  tgt=0.0167  trans=0.0166  gain=+0.0001  |dz|=0.898  5.0 it/s
step  24800  L=0.2267  src=0.0163  tgt=0.1054  trans=0.1050  gain=+0.0004  |dz|=0.926  5.0 it/s
step  24850  L=0.0952  src=0.0313  tgt=0.0318  trans=0.0321  gain=-0.0003  |dz|=0.867  5.0 it/s
step  24900  L=0.0690  src=0.0342  tgt=0.0174  trans=0.0173  gain=+0.0001  |dz|=0.911  5.0 it/s
step  24950  L=0.0666  src=0.0239  tgt=0.0213  trans=0.0213  gain=+0.0000  |dz|=0.918  5.0 it/s
step  25000  L=0.3140  src=0.0134  tgt=0.1501  trans=0.1504  gain=-0.0002  |dz|=0.921  5.0 it/s
step  25050  L=0.3025  src=0.0404  tgt=0.1311  trans=0.1310  gain=+0.0002  |dz|=0.928  5.0 it/s
step  25100  L=0.0493  src=0.0100  tgt=0.0196  trans=0.0196  gain=-0.0000  |dz|=0.832  5.0 it/s
step  25150  L=0.0675  src=0.0157  tgt=0.0259  trans=0.0259  gain=+0.0001  |dz|=0.860  5.0 it/s
step  25200  L=0.0579  src=0.0199  tgt=0.0189  trans=0.0190  gain=-0.0001  |dz|=0.916  5.0 it/s
step  25250  L=0.0763  src=0.0251  tgt=0.0256  trans=0.0256  gain=+0.0000  |dz|=0.870  5.0 it/s
step  25300  L=0.0629  src=0.0229  tgt=0.0201  trans=0.0199  gain=+0.0002  |dz|=0.911  5.0 it/s
step  25350  L=0.0814  src=0.0372  tgt=0.0221  trans=0.0219  gain=+0.0002  |dz|=0.908  5.0 it/s
step  25400  L=0.1431  src=0.0202  tgt=0.0615  trans=0.0613  gain=+0.0002  |dz|=0.929  5.0 it/s
step  25450  L=0.0649  src=0.0274  tgt=0.0188  trans=0.0185  gain=+0.0003  |dz|=0.891  5.0 it/s
step  25500  L=0.0629  src=0.0236  tgt=0.0196  trans=0.0197  gain=-0.0001  |dz|=0.871  5.0 it/s
step  25550  L=0.2801  src=0.0249  tgt=0.1277  trans=0.1274  gain=+0.0003  |dz|=0.926  5.0 it/s
step  25600  L=0.0457  src=0.0129  tgt=0.0163  trans=0.0165  gain=-0.0002  |dz|=0.904  5.0 it/s
step  25650  L=0.0638  src=0.0359  tgt=0.0142  trans=0.0137  gain=+0.0005  |dz|=0.884  4.9 it/s
step  25700  L=0.3855  src=0.0189  tgt=0.1833  trans=0.1832  gain=+0.0001  |dz|=0.936  4.9 it/s
step  25750  L=0.2699  src=0.0181  tgt=0.1259  trans=0.1259  gain=+0.0001  |dz|=0.931  4.9 it/s
step  25800  L=0.0814  src=0.0166  tgt=0.0324  trans=0.0323  gain=+0.0001  |dz|=0.895  4.9 it/s
step  25850  L=0.0569  src=0.0312  tgt=0.0128  trans=0.0128  gain=+0.0000  |dz|=0.896  4.9 it/s
step  25900  L=0.2062  src=0.0227  tgt=0.0916  trans=0.0919  gain=-0.0003  |dz|=0.915  4.9 it/s
step  25950  L=0.0457  src=0.0170  tgt=0.0142  trans=0.0143  gain=-0.0001  |dz|=0.891  4.9 it/s
step  26000  L=0.0874  src=0.0397  tgt=0.0238  trans=0.0237  gain=+0.0001  |dz|=0.878  4.9 it/s
  [diagnostics @ 26000] loss_correct=0.0815  loss_zero=0.1029  loss_shuffled=0.1105  loss_random=0.1038  loss_target_only=0.0823  loss_mean_z=0.1049  r_basis=0.0860  |dz_transport|=0.8901  z_s_vs_enc_rel=1.8052  z_spread_rel=1.1641  gain_vs_zero=0.0214  gain_vs_shuffled=0.0290  gain_vs_target_only=0.0007  gain_vs_mean_z=0.0234  delta_task=0.0234  z_center_norm=0.0683  task_specific_frac=1.0933
step  26050  L=0.0616  src=0.0198  tgt=0.0211  trans=0.0206  gain=+0.0005  |dz|=0.890  4.9 it/s
step  26100  L=0.2941  src=0.0203  tgt=0.1369  trans=0.1368  gain=+0.0001  |dz|=0.918  4.9 it/s
step  26150  L=0.0517  src=0.0122  tgt=0.0198  trans=0.0196  gain=+0.0002  |dz|=0.904  4.9 it/s
step  26200  L=0.0680  src=0.0257  tgt=0.0212  trans=0.0210  gain=+0.0002  |dz|=0.905  4.9 it/s
step  26250  L=0.3659  src=0.0294  tgt=0.1682  trans=0.1681  gain=+0.0001  |dz|=0.914  4.9 it/s
step  26300  L=0.3370  src=0.0290  tgt=0.1540  trans=0.1539  gain=+0.0000  |dz|=0.938  4.9 it/s
step  26350  L=0.0635  src=0.0234  tgt=0.0200  trans=0.0200  gain=-0.0000  |dz|=0.913  4.9 it/s
step  26400  L=0.0955  src=0.0338  tgt=0.0310  trans=0.0307  gain=+0.0002  |dz|=0.886  4.9 it/s
step  26450  L=0.0688  src=0.0227  tgt=0.0230  trans=0.0229  gain=+0.0001  |dz|=0.874  4.9 it/s
step  26500  L=0.0982  src=0.0209  tgt=0.0387  trans=0.0384  gain=+0.0003  |dz|=0.879  4.9 it/s
step  26550  L=0.0886  src=0.0419  tgt=0.0234  trans=0.0233  gain=+0.0001  |dz|=0.888  4.9 it/s
step  26600  L=0.2630  src=0.0374  tgt=0.1127  trans=0.1128  gain=-0.0000  |dz|=0.934  4.9 it/s
step  26650  L=0.0986  src=0.0268  tgt=0.0358  trans=0.0359  gain=-0.0001  |dz|=0.875  4.9 it/s
step  26700  L=0.0926  src=0.0203  tgt=0.0362  trans=0.0361  gain=+0.0001  |dz|=0.872  4.9 it/s
step  26750  L=0.0969  src=0.0197  tgt=0.0388  trans=0.0383  gain=+0.0005  |dz|=0.881  4.9 it/s
step  26800  L=0.4048  src=0.0342  tgt=0.1853  trans=0.1853  gain=+0.0000  |dz|=0.895  4.9 it/s
step  26850  L=0.3811  src=0.0523  tgt=0.1645  trans=0.1643  gain=+0.0002  |dz|=0.929  4.9 it/s
step  26900  L=0.0841  src=0.0404  tgt=0.0231  trans=0.0205  gain=+0.0026  |dz|=0.936  4.8 it/s
step  26950  L=0.3834  src=0.0200  tgt=0.1820  trans=0.1813  gain=+0.0007  |dz|=0.898  4.8 it/s
step  27000  L=0.1113  src=0.0197  tgt=0.0459  trans=0.0456  gain=+0.0003  |dz|=0.935  4.8 it/s
step  27050  L=0.5405  src=0.0109  tgt=0.2650  trans=0.2644  gain=+0.0006  |dz|=1.084  4.8 it/s
step  27100  L=0.3739  src=0.0200  tgt=0.1769  trans=0.1769  gain=+0.0000  |dz|=1.020  4.8 it/s
step  27150  L=0.0729  src=0.0413  tgt=0.0158  trans=0.0158  gain=+0.0001  |dz|=0.956  4.8 it/s
step  27200  L=0.0446  src=0.0109  tgt=0.0170  trans=0.0166  gain=+0.0004  |dz|=0.963  4.8 it/s
step  27250  L=0.0541  src=0.0137  tgt=0.0201  trans=0.0202  gain=-0.0001  |dz|=0.954  4.8 it/s
step  27300  L=0.0738  src=0.0176  tgt=0.0282  trans=0.0280  gain=+0.0002  |dz|=0.913  4.8 it/s
step  27350  L=0.0851  src=0.0338  tgt=0.0257  trans=0.0256  gain=+0.0000  |dz|=0.909  4.8 it/s
step  27400  L=0.0926  src=0.0480  tgt=0.0223  trans=0.0222  gain=+0.0000  |dz|=0.936  4.8 it/s
step  27450  L=0.0591  src=0.0287  tgt=0.0151  trans=0.0152  gain=-0.0002  |dz|=0.957  4.8 it/s
step  27500  L=0.4767  src=0.0262  tgt=0.2252  trans=0.2252  gain=+0.0000  |dz|=1.008  4.8 it/s
step  27550  L=0.0739  src=0.0177  tgt=0.0281  trans=0.0280  gain=+0.0001  |dz|=0.958  4.8 it/s
step  27600  L=0.0784  src=0.0395  tgt=0.0196  trans=0.0191  gain=+0.0005  |dz|=0.921  4.8 it/s
step  27650  L=0.0672  src=0.0116  tgt=0.0279  trans=0.0276  gain=+0.0003  |dz|=0.868  4.8 it/s
step  27700  L=0.0969  src=0.0531  tgt=0.0220  trans=0.0217  gain=+0.0003  |dz|=0.894  4.8 it/s
step  27750  L=0.0913  src=0.0284  tgt=0.0312  trans=0.0316  gain=-0.0004  |dz|=0.908  4.8 it/s
step  27800  L=0.0839  src=0.0304  tgt=0.0268  trans=0.0266  gain=+0.0002  |dz|=0.890  4.8 it/s
step  27850  L=0.0765  src=0.0357  tgt=0.0205  trans=0.0202  gain=+0.0002  |dz|=0.894  4.8 it/s
step  27900  L=0.0714  src=0.0262  tgt=0.0226  trans=0.0226  gain=-0.0001  |dz|=0.943  4.8 it/s
step  27950  L=0.0922  src=0.0335  tgt=0.0295  trans=0.0292  gain=+0.0003  |dz|=0.892  4.8 it/s
step  28000  L=0.0557  src=0.0116  tgt=0.0221  trans=0.0219  gain=+0.0002  |dz|=0.944  4.8 it/s
  [diagnostics @ 28000] loss_correct=0.0621  loss_zero=0.0775  loss_shuffled=0.0794  loss_random=0.0792  loss_target_only=0.0624  loss_mean_z=0.0799  r_basis=0.0758  |dz_transport|=0.9186  z_s_vs_enc_rel=1.8526  z_spread_rel=1.1680  gain_vs_zero=0.0155  gain_vs_shuffled=0.0173  gain_vs_target_only=0.0003  gain_vs_mean_z=0.0178  delta_task=0.0178  z_center_norm=0.0831  task_specific_frac=1.1512
step  28050  L=0.0589  src=0.0157  tgt=0.0216  trans=0.0216  gain=+0.0000  |dz|=0.903  4.8 it/s
step  28100  L=0.0469  src=0.0126  tgt=0.0172  trans=0.0170  gain=+0.0001  |dz|=0.902  4.8 it/s
step  28150  L=0.0733  src=0.0281  tgt=0.0224  trans=0.0226  gain=-0.0002  |dz|=0.914  4.8 it/s
step  28200  L=0.0679  src=0.0186  tgt=0.0247  trans=0.0246  gain=+0.0001  |dz|=0.935  4.8 it/s
step  28250  L=0.3690  src=0.0124  tgt=0.1782  trans=0.1783  gain=-0.0001  |dz|=0.987  4.8 it/s
step  28300  L=0.2934  src=0.0451  tgt=0.1243  trans=0.1240  gain=+0.0003  |dz|=0.994  4.8 it/s
step  28350  L=0.2404  src=0.0149  tgt=0.1126  trans=0.1128  gain=-0.0003  |dz|=0.967  4.8 it/s
step  28400  L=0.2780  src=0.0325  tgt=0.1227  trans=0.1227  gain=+0.0000  |dz|=0.969  4.8 it/s
step  28450  L=0.2919  src=0.0136  tgt=0.1392  trans=0.1390  gain=+0.0002  |dz|=0.977  4.8 it/s
step  28500  L=0.0886  src=0.0169  tgt=0.0360  trans=0.0356  gain=+0.0004  |dz|=0.878  4.8 it/s
step  28550  L=0.0747  src=0.0349  tgt=0.0199  trans=0.0198  gain=+0.0001  |dz|=0.904  4.8 it/s
step  28600  L=0.4723  src=0.0172  tgt=0.2275  trans=0.2275  gain=+0.0000  |dz|=0.926  4.8 it/s
step  28650  L=0.1691  src=0.0198  tgt=0.0747  trans=0.0746  gain=+0.0001  |dz|=0.985  4.8 it/s
step  28700  L=0.0446  src=0.0102  tgt=0.0172  trans=0.0172  gain=+0.0000  |dz|=0.911  4.8 it/s
step  28750  L=0.0569  src=0.0209  tgt=0.0179  trans=0.0180  gain=-0.0000  |dz|=0.919  4.8 it/s
step  28800  L=0.2497  src=0.0343  tgt=0.1075  trans=0.1078  gain=-0.0003  |dz|=0.984  4.8 it/s
step  28850  L=0.0783  src=0.0400  tgt=0.0193  trans=0.0190  gain=+0.0003  |dz|=0.948  4.8 it/s
step  28900  L=0.0467  src=0.0104  tgt=0.0181  trans=0.0180  gain=+0.0001  |dz|=0.930  4.8 it/s
step  28950  L=0.2179  src=0.0180  tgt=0.1000  trans=0.0999  gain=+0.0001  |dz|=0.952  4.8 it/s
step  29000  L=0.2567  src=0.0233  tgt=0.1167  trans=0.1167  gain=-0.0000  |dz|=0.966  4.8 it/s
step  29050  L=0.0847  src=0.0261  tgt=0.0293  trans=0.0293  gain=-0.0001  |dz|=0.883  4.8 it/s
step  29100  L=0.1003  src=0.0417  tgt=0.0293  trans=0.0292  gain=+0.0001  |dz|=0.899  4.8 it/s
step  29150  L=0.0709  src=0.0172  tgt=0.0269  trans=0.0267  gain=+0.0002  |dz|=0.895  4.8 it/s
step  29200  L=0.1078  src=0.0557  tgt=0.0259  trans=0.0260  gain=-0.0001  |dz|=0.911  4.8 it/s
step  29250  L=0.0392  src=0.0114  tgt=0.0139  trans=0.0138  gain=+0.0001  |dz|=0.895  4.8 it/s
step  29300  L=0.0710  src=0.0215  tgt=0.0247  trans=0.0246  gain=+0.0001  |dz|=0.919  4.8 it/s
step  29350  L=0.3980  src=0.0463  tgt=0.1758  trans=0.1758  gain=-0.0001  |dz|=0.951  4.8 it/s
step  29400  L=0.4836  src=0.0381  tgt=0.2227  trans=0.2227  gain=+0.0000  |dz|=0.951  4.8 it/s
step  29450  L=0.0956  src=0.0135  tgt=0.0413  trans=0.0408  gain=+0.0005  |dz|=0.889  4.8 it/s
step  29500  L=0.0943  src=0.0500  tgt=0.0222  trans=0.0220  gain=+0.0001  |dz|=0.940  4.8 it/s
step  29550  L=0.2745  src=0.0152  tgt=0.1296  trans=0.1296  gain=+0.0000  |dz|=0.964  4.8 it/s
step  29600  L=0.0666  src=0.0155  tgt=0.0256  trans=0.0254  gain=+0.0002  |dz|=0.896  4.9 it/s
step  29650  L=0.0516  src=0.0209  tgt=0.0153  trans=0.0153  gain=-0.0000  |dz|=0.910  4.9 it/s
step  29700  L=0.3653  src=0.0202  tgt=0.1726  trans=0.1724  gain=+0.0001  |dz|=0.928  4.9 it/s
step  29750  L=0.0317  src=0.0094  tgt=0.0110  trans=0.0111  gain=-0.0001  |dz|=0.853  4.9 it/s
step  29800  L=0.3753  src=0.0099  tgt=0.1825  trans=0.1828  gain=-0.0002  |dz|=0.948  4.9 it/s
step  29850  L=0.0536  src=0.0244  tgt=0.0145  trans=0.0147  gain=-0.0002  |dz|=0.890  4.9 it/s
step  29900  L=0.2515  src=0.0140  tgt=0.1185  trans=0.1188  gain=-0.0003  |dz|=0.947  4.9 it/s
step  29950  L=0.0365  src=0.0124  tgt=0.0120  trans=0.0120  gain=-0.0000  |dz|=0.814  4.9 it/s
step  30000  L=0.0393  src=0.0103  tgt=0.0145  trans=0.0144  gain=+0.0001  |dz|=0.891  4.9 it/s
  [diagnostics @ 30000] loss_correct=0.0814  loss_zero=0.1044  loss_shuffled=0.1139  loss_random=0.1047  loss_target_only=0.0823  loss_mean_z=0.1064  r_basis=0.0889  |dz_transport|=0.9169  z_s_vs_enc_rel=1.8752  z_spread_rel=1.1411  gain_vs_zero=0.0231  gain_vs_shuffled=0.0325  gain_vs_target_only=0.0009  gain_vs_mean_z=0.0250  delta_task=0.0250  z_center_norm=0.0809  task_specific_frac=1.0854
  saved C:\T1D Meta Learning\code\python\meta-diffusion\experiments\linear_transport_replacement_2026-09-24\work\checkpoints\cifar_train25_film_k16_step30000.pt
step  30050  L=0.0693  src=0.0292  tgt=0.0201  trans=0.0199  gain=+0.0002  |dz|=0.904  4.9 it/s
step  30100  L=0.0730  src=0.0318  tgt=0.0206  trans=0.0205  gain=+0.0001  |dz|=0.908  4.9 it/s
step  30150  L=0.4082  src=0.0295  tgt=0.1894  trans=0.1892  gain=+0.0002  |dz|=0.971  4.9 it/s
step  30200  L=0.0955  src=0.0119  tgt=0.0417  trans=0.0419  gain=-0.0002  |dz|=0.913  4.9 it/s
step  30250  L=0.0702  src=0.0199  tgt=0.0250  trans=0.0252  gain=-0.0003  |dz|=0.902  4.9 it/s
step  30300  L=0.1118  src=0.0293  tgt=0.0411  trans=0.0413  gain=-0.0001  |dz|=0.895  4.9 it/s
step  30350  L=0.0486  src=0.0118  tgt=0.0184  trans=0.0183  gain=+0.0000  |dz|=0.935  4.9 it/s
step  30400  L=0.0538  src=0.0168  tgt=0.0186  trans=0.0184  gain=+0.0002  |dz|=0.874  4.9 it/s
step  30450  L=0.0460  src=0.0102  tgt=0.0178  trans=0.0179  gain=-0.0001  |dz|=0.881  4.9 it/s
step  30500  L=0.1818  src=0.0166  tgt=0.0826  trans=0.0825  gain=+0.0001  |dz|=0.949  4.9 it/s
step  30550  L=0.4514  src=0.0163  tgt=0.2176  trans=0.2174  gain=+0.0002  |dz|=0.933  4.9 it/s
step  30600  L=0.0738  src=0.0496  tgt=0.0121  trans=0.0120  gain=+0.0001  |dz|=0.909  4.9 it/s
step  30650  L=0.0474  src=0.0172  tgt=0.0151  trans=0.0151  gain=-0.0000  |dz|=0.908  4.9 it/s
step  30700  L=0.0408  src=0.0067  tgt=0.0171  trans=0.0170  gain=+0.0000  |dz|=0.883  4.9 it/s
step  30750  L=0.0703  src=0.0160  tgt=0.0274  trans=0.0269  gain=+0.0005  |dz|=0.930  4.9 it/s
step  30800  L=0.3845  src=0.0327  tgt=0.1762  trans=0.1756  gain=+0.0006  |dz|=0.938  4.9 it/s
step  30850  L=0.1305  src=0.0457  tgt=0.0424  trans=0.0423  gain=+0.0001  |dz|=0.901  4.9 it/s
step  30900  L=0.0728  src=0.0216  tgt=0.0257  trans=0.0255  gain=+0.0001  |dz|=0.889  4.9 it/s
step  30950  L=0.0676  src=0.0353  tgt=0.0160  trans=0.0162  gain=-0.0002  |dz|=0.903  4.9 it/s
step  31000  L=0.0764  src=0.0157  tgt=0.0304  trans=0.0301  gain=+0.0002  |dz|=0.880  4.9 it/s
step  31050  L=0.0470  src=0.0217  tgt=0.0125  trans=0.0128  gain=-0.0003  |dz|=0.886  4.9 it/s
step  31100  L=0.0335  src=0.0162  tgt=0.0086  trans=0.0087  gain=-0.0000  |dz|=0.916  4.9 it/s
step  31150  L=0.0476  src=0.0091  tgt=0.0192  trans=0.0192  gain=+0.0001  |dz|=0.902  4.9 it/s
step  31200  L=0.2809  src=0.0195  tgt=0.1302  trans=0.1310  gain=-0.0008  |dz|=0.931  4.9 it/s
step  31250  L=0.0636  src=0.0141  tgt=0.0246  trans=0.0248  gain=-0.0002  |dz|=0.856  4.9 it/s
step  31300  L=0.0784  src=0.0241  tgt=0.0270  trans=0.0272  gain=-0.0002  |dz|=0.883  5.0 it/s
step  31350  L=0.5179  src=0.0514  tgt=0.2333  trans=0.2331  gain=+0.0002  |dz|=0.910  5.0 it/s
step  31400  L=0.0854  src=0.0353  tgt=0.0249  trans=0.0252  gain=-0.0003  |dz|=0.889  5.0 it/s
step  31450  L=0.0587  src=0.0347  tgt=0.0121  trans=0.0119  gain=+0.0002  |dz|=0.920  5.0 it/s
step  31500  L=0.0568  src=0.0242  tgt=0.0163  trans=0.0162  gain=+0.0001  |dz|=0.900  5.0 it/s
step  31550  L=0.0672  src=0.0208  tgt=0.0232  trans=0.0232  gain=+0.0000  |dz|=0.878  5.0 it/s
step  31600  L=0.0786  src=0.0161  tgt=0.0312  trans=0.0312  gain=+0.0001  |dz|=0.899  5.0 it/s
step  31650  L=0.0382  src=0.0096  tgt=0.0142  trans=0.0144  gain=-0.0001  |dz|=0.907  5.0 it/s
step  31700  L=0.0666  src=0.0221  tgt=0.0224  trans=0.0221  gain=+0.0003  |dz|=0.903  5.0 it/s
step  31750  L=0.0554  src=0.0190  tgt=0.0181  trans=0.0183  gain=-0.0002  |dz|=0.864  5.0 it/s
step  31800  L=0.0706  src=0.0194  tgt=0.0254  trans=0.0257  gain=-0.0003  |dz|=0.918  5.0 it/s
step  31850  L=0.2092  src=0.0368  tgt=0.0862  trans=0.0862  gain=+0.0000  |dz|=0.907  5.0 it/s
step  31900  L=0.0771  src=0.0362  tgt=0.0204  trans=0.0204  gain=-0.0001  |dz|=0.893  5.0 it/s
step  31950  L=0.0776  src=0.0345  tgt=0.0217  trans=0.0213  gain=+0.0004  |dz|=0.906  5.0 it/s
step  32000  L=0.0628  src=0.0273  tgt=0.0177  trans=0.0177  gain=+0.0000  |dz|=0.895  5.0 it/s
  [diagnostics @ 32000] loss_correct=0.0886  loss_zero=0.1142  loss_shuffled=0.1243  loss_random=0.1140  loss_target_only=0.0891  loss_mean_z=0.1155  r_basis=0.0923  |dz_transport|=0.8998  z_s_vs_enc_rel=1.8475  z_spread_rel=1.1733  gain_vs_zero=0.0256  gain_vs_shuffled=0.0357  gain_vs_target_only=0.0005  gain_vs_mean_z=0.0269  delta_task=0.0269  z_center_norm=0.0831  task_specific_frac=1.0513
step  32050  L=0.0625  src=0.0275  tgt=0.0175  trans=0.0175  gain=+0.0000  |dz|=0.904  5.0 it/s
step  32100  L=0.5429  src=0.0119  tgt=0.2656  trans=0.2654  gain=+0.0003  |dz|=0.937  5.0 it/s
step  32150  L=0.0939  src=0.0186  tgt=0.0376  trans=0.0376  gain=-0.0001  |dz|=0.880  5.0 it/s
step  32200  L=0.4063  src=0.0171  tgt=0.1947  trans=0.1944  gain=+0.0003  |dz|=0.925  5.0 it/s
step  32250  L=0.1059  src=0.0304  tgt=0.0379  trans=0.0376  gain=+0.0003  |dz|=0.910  5.0 it/s
step  32300  L=0.3326  src=0.0355  tgt=0.1483  trans=0.1488  gain=-0.0005  |dz|=0.914  5.0 it/s
step  32350  L=0.0599  src=0.0151  tgt=0.0222  trans=0.0225  gain=-0.0002  |dz|=0.891  5.0 it/s
step  32400  L=0.3613  src=0.0234  tgt=0.1691  trans=0.1688  gain=+0.0003  |dz|=0.931  5.0 it/s
step  32450  L=0.0579  src=0.0086  tgt=0.0245  trans=0.0247  gain=-0.0002  |dz|=0.817  5.0 it/s
step  32500  L=0.0678  src=0.0232  tgt=0.0223  trans=0.0223  gain=+0.0000  |dz|=0.904  5.0 it/s
step  32550  L=0.4009  src=0.0086  tgt=0.1962  trans=0.1961  gain=+0.0001  |dz|=0.950  5.0 it/s
step  32600  L=0.0459  src=0.0098  tgt=0.0179  trans=0.0182  gain=-0.0003  |dz|=0.889  5.0 it/s
step  32650  L=0.0939  src=0.0352  tgt=0.0293  trans=0.0293  gain=+0.0000  |dz|=0.895  5.0 it/s
step  32700  L=0.0678  src=0.0330  tgt=0.0173  trans=0.0173  gain=+0.0000  |dz|=0.809  5.0 it/s
step  32750  L=0.2731  src=0.0120  tgt=0.1305  trans=0.1305  gain=-0.0000  |dz|=0.947  5.0 it/s
step  32800  L=0.0820  src=0.0381  tgt=0.0218  trans=0.0220  gain=-0.0001  |dz|=0.888  5.0 it/s
step  32850  L=0.2450  src=0.0414  tgt=0.1017  trans=0.1018  gain=-0.0001  |dz|=0.950  5.0 it/s
step  32900  L=0.4764  src=0.0343  tgt=0.2210  trans=0.2210  gain=+0.0000  |dz|=0.950  5.0 it/s
step  32950  L=0.1199  src=0.0247  tgt=0.0474  trans=0.0478  gain=-0.0004  |dz|=0.889  5.0 it/s
step  33000  L=0.0869  src=0.0253  tgt=0.0309  trans=0.0306  gain=+0.0003  |dz|=0.910  5.0 it/s
step  33050  L=0.0478  src=0.0068  tgt=0.0206  trans=0.0204  gain=+0.0002  |dz|=0.892  5.0 it/s
step  33100  L=0.3930  src=0.0195  tgt=0.1868  trans=0.1867  gain=+0.0001  |dz|=0.883  5.0 it/s
step  33150  L=0.0851  src=0.0267  tgt=0.0291  trans=0.0292  gain=-0.0000  |dz|=0.910  5.0 it/s
step  33200  L=0.0621  src=0.0136  tgt=0.0242  trans=0.0242  gain=+0.0001  |dz|=0.883  5.1 it/s
step  33250  L=0.0626  src=0.0351  tgt=0.0137  trans=0.0137  gain=+0.0000  |dz|=0.904  5.1 it/s
step  33300  L=0.5013  src=0.0192  tgt=0.2412  trans=0.2409  gain=+0.0003  |dz|=0.944  5.1 it/s
step  33350  L=0.3763  src=0.0234  tgt=0.1766  trans=0.1763  gain=+0.0003  |dz|=0.938  5.1 it/s
step  33400  L=0.0590  src=0.0214  tgt=0.0188  trans=0.0187  gain=+0.0002  |dz|=0.918  5.1 it/s
step  33450  L=0.4137  src=0.0470  tgt=0.1834  trans=0.1833  gain=+0.0001  |dz|=0.936  5.1 it/s
step  33500  L=0.3331  src=0.0313  tgt=0.1509  trans=0.1507  gain=+0.0002  |dz|=0.912  5.1 it/s
step  33550  L=0.0570  src=0.0172  tgt=0.0198  trans=0.0199  gain=-0.0001  |dz|=0.913  5.1 it/s
step  33600  L=0.3110  src=0.0276  tgt=0.1416  trans=0.1417  gain=-0.0001  |dz|=0.940  5.1 it/s
step  33650  L=0.2579  src=0.0099  tgt=0.1239  trans=0.1240  gain=-0.0001  |dz|=0.933  5.1 it/s
step  33700  L=0.0352  src=0.0110  tgt=0.0122  trans=0.0119  gain=+0.0003  |dz|=0.895  5.1 it/s
step  33750  L=0.0792  src=0.0143  tgt=0.0322  trans=0.0326  gain=-0.0004  |dz|=0.891  5.1 it/s
step  33800  L=0.0529  src=0.0247  tgt=0.0140  trans=0.0141  gain=-0.0000  |dz|=0.889  5.1 it/s
step  33850  L=0.2831  src=0.0198  tgt=0.1314  trans=0.1318  gain=-0.0004  |dz|=0.920  5.1 it/s
step  33900  L=0.2677  src=0.0172  tgt=0.1253  trans=0.1250  gain=+0.0003  |dz|=0.943  5.1 it/s
step  33950  L=0.0719  src=0.0306  tgt=0.0205  trans=0.0207  gain=-0.0002  |dz|=0.897  5.1 it/s
step  34000  L=0.4225  src=0.0140  tgt=0.2041  trans=0.2043  gain=-0.0002  |dz|=0.916  5.1 it/s
  [diagnostics @ 34000] loss_correct=0.0828  loss_zero=0.1041  loss_shuffled=0.1163  loss_random=0.1048  loss_target_only=0.0840  loss_mean_z=0.1061  r_basis=0.0847  |dz_transport|=0.8956  z_s_vs_enc_rel=1.8361  z_spread_rel=1.1561  gain_vs_zero=0.0213  gain_vs_shuffled=0.0335  gain_vs_target_only=0.0012  gain_vs_mean_z=0.0232  delta_task=0.0232  z_center_norm=0.0732  task_specific_frac=1.0910
step  34050  L=0.3592  src=0.0320  tgt=0.1636  trans=0.1635  gain=+0.0002  |dz|=0.939  5.1 it/s
step  34100  L=0.0588  src=0.0228  tgt=0.0179  trans=0.0180  gain=-0.0001  |dz|=0.893  5.1 it/s
step  34150  L=0.0763  src=0.0300  tgt=0.0231  trans=0.0231  gain=+0.0001  |dz|=0.890  5.1 it/s
step  34200  L=0.3279  src=0.0151  tgt=0.1562  trans=0.1565  gain=-0.0003  |dz|=0.929  5.1 it/s
step  34250  L=0.0601  src=0.0092  tgt=0.0255  trans=0.0254  gain=+0.0001  |dz|=0.907  5.1 it/s
step  34300  L=0.0540  src=0.0180  tgt=0.0179  trans=0.0180  gain=-0.0002  |dz|=0.914  5.1 it/s
step  34350  L=0.0732  src=0.0299  tgt=0.0218  trans=0.0214  gain=+0.0003  |dz|=0.920  5.1 it/s
step  34400  L=0.0632  src=0.0403  tgt=0.0114  trans=0.0114  gain=+0.0000  |dz|=0.899  5.1 it/s
step  34450  L=0.0622  src=0.0231  tgt=0.0194  trans=0.0196  gain=-0.0001  |dz|=0.886  5.1 it/s
step  34500  L=0.0607  src=0.0250  tgt=0.0179  trans=0.0177  gain=+0.0001  |dz|=0.916  5.1 it/s
step  34550  L=0.0435  src=0.0152  tgt=0.0141  trans=0.0141  gain=-0.0000  |dz|=0.896  5.1 it/s
step  34600  L=0.0850  src=0.0426  tgt=0.0212  trans=0.0212  gain=+0.0000  |dz|=0.903  5.1 it/s
step  34650  L=0.4808  src=0.0332  tgt=0.2237  trans=0.2238  gain=-0.0001  |dz|=0.948  5.1 it/s
step  34700  L=0.0589  src=0.0157  tgt=0.0215  trans=0.0216  gain=-0.0001  |dz|=0.882  5.1 it/s
step  34750  L=0.2062  src=0.0254  tgt=0.0904  trans=0.0903  gain=+0.0001  |dz|=0.909  5.1 it/s
step  34800  L=0.0862  src=0.0198  tgt=0.0334  trans=0.0330  gain=+0.0004  |dz|=0.896  5.1 it/s
step  34850  L=0.0629  src=0.0128  tgt=0.0250  trans=0.0250  gain=+0.0001  |dz|=0.916  5.1 it/s
step  34900  L=0.5126  src=0.0145  tgt=0.2492  trans=0.2488  gain=+0.0005  |dz|=0.955  5.1 it/s
step  34950  L=0.0823  src=0.0486  tgt=0.0167  trans=0.0169  gain=-0.0002  |dz|=0.898  5.1 it/s
step  35000  L=0.0620  src=0.0216  tgt=0.0202  trans=0.0202  gain=-0.0000  |dz|=0.902  5.1 it/s
step  35050  L=0.4995  src=0.0258  tgt=0.2369  trans=0.2367  gain=+0.0002  |dz|=0.891  5.1 it/s
step  35100  L=0.0514  src=0.0187  tgt=0.0163  trans=0.0164  gain=-0.0001  |dz|=0.905  5.1 it/s
step  35150  L=0.1379  src=0.0711  tgt=0.0332  trans=0.0335  gain=-0.0003  |dz|=0.887  5.2 it/s
step  35200  L=0.1939  src=0.0278  tgt=0.0831  trans=0.0829  gain=+0.0003  |dz|=0.927  5.2 it/s
step  35250  L=0.0657  src=0.0213  tgt=0.0221  trans=0.0223  gain=-0.0002  |dz|=0.875  5.2 it/s
step  35300  L=0.0642  src=0.0173  tgt=0.0234  trans=0.0233  gain=+0.0000  |dz|=0.782  5.2 it/s
step  35350  L=0.0874  src=0.0135  tgt=0.0370  trans=0.0368  gain=+0.0002  |dz|=0.925  5.2 it/s
step  35400  L=0.3618  src=0.0449  tgt=0.1584  trans=0.1584  gain=+0.0000  |dz|=0.931  5.2 it/s
step  35450  L=0.0844  src=0.0449  tgt=0.0199  trans=0.0195  gain=+0.0003  |dz|=0.898  5.2 it/s
step  35500  L=0.2450  src=0.0194  tgt=0.1127  trans=0.1128  gain=-0.0000  |dz|=0.888  5.2 it/s
step  35550  L=0.0752  src=0.0166  tgt=0.0292  trans=0.0293  gain=-0.0002  |dz|=0.907  5.2 it/s
step  35600  L=0.1056  src=0.0341  tgt=0.0357  trans=0.0358  gain=-0.0001  |dz|=0.878  5.2 it/s
step  35650  L=0.3416  src=0.0171  tgt=0.1621  trans=0.1623  gain=-0.0002  |dz|=0.925  5.2 it/s
step  35700  L=0.3634  src=0.0152  tgt=0.1740  trans=0.1741  gain=-0.0001  |dz|=0.943  5.2 it/s
step  35750  L=0.4392  src=0.0086  tgt=0.2154  trans=0.2151  gain=+0.0003  |dz|=0.935  5.2 it/s
step  35800  L=0.0837  src=0.0244  tgt=0.0298  trans=0.0295  gain=+0.0002  |dz|=0.918  5.2 it/s
step  35850  L=0.0987  src=0.0470  tgt=0.0257  trans=0.0259  gain=-0.0002  |dz|=0.919  5.2 it/s
step  35900  L=0.0858  src=0.0559  tgt=0.0149  trans=0.0148  gain=+0.0001  |dz|=0.896  5.2 it/s
step  35950  L=0.0806  src=0.0237  tgt=0.0285  trans=0.0282  gain=+0.0003  |dz|=0.909  5.2 it/s
step  36000  L=0.3575  src=0.0193  tgt=0.1690  trans=0.1691  gain=-0.0000  |dz|=0.885  5.2 it/s
  [diagnostics @ 36000] loss_correct=0.0946  loss_zero=0.1191  loss_shuffled=0.1169  loss_random=0.1208  loss_target_only=0.0950  loss_mean_z=0.1206  r_basis=0.0893  |dz_transport|=0.8951  z_s_vs_enc_rel=1.8249  z_spread_rel=1.1338  gain_vs_zero=0.0245  gain_vs_shuffled=0.0223  gain_vs_target_only=0.0004  gain_vs_mean_z=0.0260  delta_task=0.0260  z_center_norm=0.0770  task_specific_frac=1.0595
step  36050  L=0.0450  src=0.0191  tgt=0.0130  trans=0.0129  gain=+0.0000  |dz|=0.890  5.2 it/s
step  36100  L=0.1254  src=0.0453  tgt=0.0400  trans=0.0400  gain=-0.0000  |dz|=0.906  5.2 it/s
step  36150  L=0.3621  src=0.0185  tgt=0.1718  trans=0.1716  gain=+0.0001  |dz|=0.940  5.2 it/s
step  36200  L=0.0545  src=0.0190  tgt=0.0176  trans=0.0178  gain=-0.0002  |dz|=0.877  5.2 it/s
step  36250  L=0.0758  src=0.0292  tgt=0.0234  trans=0.0231  gain=+0.0003  |dz|=0.903  5.2 it/s
step  36300  L=0.0407  src=0.0170  tgt=0.0119  trans=0.0118  gain=+0.0001  |dz|=0.897  5.2 it/s
step  36350  L=0.0524  src=0.0127  tgt=0.0197  trans=0.0199  gain=-0.0002  |dz|=0.890  5.2 it/s
step  36400  L=0.0561  src=0.0113  tgt=0.0224  trans=0.0224  gain=+0.0001  |dz|=0.916  5.2 it/s
step  36450  L=0.1943  src=0.0288  tgt=0.0826  trans=0.0828  gain=-0.0002  |dz|=0.911  5.2 it/s
step  36500  L=0.1042  src=0.0413  tgt=0.0314  trans=0.0315  gain=-0.0001  |dz|=0.916  5.2 it/s
step  36550  L=0.0850  src=0.0504  tgt=0.0172  trans=0.0174  gain=-0.0001  |dz|=0.886  5.2 it/s
step  36600  L=0.0769  src=0.0279  tgt=0.0246  trans=0.0244  gain=+0.0002  |dz|=0.907  5.2 it/s
step  36650  L=0.0607  src=0.0331  tgt=0.0138  trans=0.0138  gain=+0.0000  |dz|=0.888  5.2 it/s
step  36700  L=0.5238  src=0.0115  tgt=0.2562  trans=0.2560  gain=+0.0002  |dz|=0.932  5.2 it/s
step  36750  L=0.0806  src=0.0341  tgt=0.0230  trans=0.0234  gain=-0.0004  |dz|=0.881  5.2 it/s
step  36800  L=0.0487  src=0.0089  tgt=0.0200  trans=0.0197  gain=+0.0003  |dz|=0.908  5.2 it/s
step  36850  L=0.0386  src=0.0181  tgt=0.0101  trans=0.0103  gain=-0.0003  |dz|=0.900  5.2 it/s
step  36900  L=0.0776  src=0.0429  tgt=0.0174  trans=0.0173  gain=+0.0001  |dz|=0.887  5.2 it/s
step  36950  L=0.1822  src=0.0079  tgt=0.0873  trans=0.0869  gain=+0.0004  |dz|=0.876  5.2 it/s
step  37000  L=0.0842  src=0.0236  tgt=0.0302  trans=0.0302  gain=+0.0000  |dz|=0.900  5.2 it/s
step  37050  L=0.0750  src=0.0355  tgt=0.0196  trans=0.0198  gain=-0.0002  |dz|=0.919  5.2 it/s
step  37100  L=0.0820  src=0.0344  tgt=0.0237  trans=0.0238  gain=-0.0000  |dz|=0.892  5.2 it/s
step  37150  L=0.0614  src=0.0238  tgt=0.0188  trans=0.0187  gain=+0.0001  |dz|=0.910  5.2 it/s
step  37200  L=0.0830  src=0.0348  tgt=0.0240  trans=0.0240  gain=+0.0001  |dz|=0.896  5.2 it/s
step  37250  L=0.2674  src=0.0131  tgt=0.1272  trans=0.1270  gain=+0.0002  |dz|=0.930  5.3 it/s
step  37300  L=0.0448  src=0.0250  tgt=0.0097  trans=0.0100  gain=-0.0003  |dz|=0.891  5.3 it/s
step  37350  L=0.0578  src=0.0259  tgt=0.0158  trans=0.0161  gain=-0.0003  |dz|=0.897  5.3 it/s
step  37400  L=0.0395  src=0.0070  tgt=0.0161  trans=0.0163  gain=-0.0002  |dz|=0.883  5.3 it/s
step  37450  L=0.0373  src=0.0134  tgt=0.0119  trans=0.0119  gain=-0.0000  |dz|=0.907  5.3 it/s
step  37500  L=0.0568  src=0.0146  tgt=0.0210  trans=0.0210  gain=-0.0000  |dz|=0.891  5.3 it/s
step  37550  L=0.0422  src=0.0101  tgt=0.0160  trans=0.0160  gain=-0.0001  |dz|=0.911  5.3 it/s
step  37600  L=0.0549  src=0.0145  tgt=0.0202  trans=0.0201  gain=+0.0001  |dz|=0.901  5.3 it/s
step  37650  L=0.5156  src=0.0093  tgt=0.2530  trans=0.2532  gain=-0.0002  |dz|=0.922  5.3 it/s
step  37700  L=0.0892  src=0.0354  tgt=0.0268  trans=0.0269  gain=-0.0001  |dz|=0.919  5.3 it/s
step  37750  L=0.0963  src=0.0487  tgt=0.0240  trans=0.0236  gain=+0.0003  |dz|=0.884  5.3 it/s
step  37800  L=0.0800  src=0.0383  tgt=0.0206  trans=0.0210  gain=-0.0005  |dz|=0.905  5.3 it/s
step  37850  L=0.2706  src=0.0365  tgt=0.1170  trans=0.1169  gain=+0.0001  |dz|=0.926  5.3 it/s
step  37900  L=0.4420  src=0.0190  tgt=0.2116  trans=0.2113  gain=+0.0002  |dz|=0.936  5.3 it/s
step  37950  L=0.0509  src=0.0192  tgt=0.0159  trans=0.0157  gain=+0.0002  |dz|=0.898  5.3 it/s
step  38000  L=0.0355  src=0.0120  tgt=0.0117  trans=0.0117  gain=-0.0000  |dz|=0.893  5.3 it/s
  [diagnostics @ 38000] loss_correct=0.0915  loss_zero=0.1157  loss_shuffled=0.1361  loss_random=0.1169  loss_target_only=0.0917  loss_mean_z=0.1180  r_basis=0.0891  |dz_transport|=0.8928  z_s_vs_enc_rel=1.7824  z_spread_rel=1.1531  gain_vs_zero=0.0242  gain_vs_shuffled=0.0446  gain_vs_target_only=0.0002  gain_vs_mean_z=0.0265  delta_task=0.0265  z_center_norm=0.0794  task_specific_frac=1.0936
step  38050  L=0.0704  src=0.0222  tgt=0.0240  trans=0.0241  gain=-0.0001  |dz|=0.908  5.3 it/s
step  38100  L=0.0577  src=0.0256  tgt=0.0160  trans=0.0161  gain=-0.0001  |dz|=0.857  5.3 it/s
step  38150  L=0.0711  src=0.0165  tgt=0.0272  trans=0.0273  gain=-0.0001  |dz|=0.902  5.3 it/s
step  38200  L=0.0436  src=0.0098  tgt=0.0168  trans=0.0169  gain=-0.0002  |dz|=0.858  5.3 it/s
step  38250  L=0.0653  src=0.0176  tgt=0.0238  trans=0.0237  gain=+0.0001  |dz|=0.907  5.3 it/s
step  38300  L=0.0500  src=0.0135  tgt=0.0185  trans=0.0181  gain=+0.0004  |dz|=0.889  5.3 it/s
step  38350  L=0.0594  src=0.0155  tgt=0.0220  trans=0.0219  gain=+0.0000  |dz|=0.892  5.3 it/s
step  38400  L=0.1317  src=0.0296  tgt=0.0512  trans=0.0508  gain=+0.0004  |dz|=0.909  5.3 it/s
step  38450  L=0.3402  src=0.0185  tgt=0.1609  trans=0.1606  gain=+0.0003  |dz|=0.925  5.3 it/s
step  38500  L=0.0395  src=0.0105  tgt=0.0145  trans=0.0144  gain=+0.0001  |dz|=0.904  5.3 it/s
step  38550  L=0.0712  src=0.0124  tgt=0.0293  trans=0.0294  gain=-0.0000  |dz|=0.889  5.3 it/s
step  38600  L=0.0435  src=0.0210  tgt=0.0113  trans=0.0111  gain=+0.0002  |dz|=0.839  5.3 it/s
step  38650  L=0.0591  src=0.0138  tgt=0.0226  trans=0.0226  gain=-0.0000  |dz|=0.884  5.3 it/s
step  38700  L=0.0440  src=0.0148  tgt=0.0145  trans=0.0146  gain=-0.0001  |dz|=0.897  5.3 it/s
step  38750  L=0.1048  src=0.0194  tgt=0.0425  trans=0.0428  gain=-0.0003  |dz|=0.914  5.3 it/s
step  38800  L=0.0928  src=0.0307  tgt=0.0309  trans=0.0311  gain=-0.0002  |dz|=0.875  5.3 it/s
step  38850  L=0.0934  src=0.0231  tgt=0.0351  trans=0.0351  gain=-0.0000  |dz|=0.885  5.3 it/s
step  38900  L=0.0490  src=0.0151  tgt=0.0170  trans=0.0168  gain=+0.0002  |dz|=0.830  5.3 it/s
step  38950  L=0.0495  src=0.0219  tgt=0.0138  trans=0.0137  gain=+0.0000  |dz|=0.903  5.3 it/s
step  39000  L=0.2424  src=0.0397  tgt=0.1015  trans=0.1011  gain=+0.0005  |dz|=0.923  5.3 it/s
step  39050  L=0.0499  src=0.0140  tgt=0.0180  trans=0.0179  gain=+0.0001  |dz|=0.881  5.3 it/s
step  39100  L=0.0735  src=0.0237  tgt=0.0248  trans=0.0249  gain=-0.0000  |dz|=0.799  5.3 it/s
step  39150  L=0.3964  src=0.0162  tgt=0.1898  trans=0.1903  gain=-0.0006  |dz|=0.950  5.3 it/s
step  39200  L=0.0559  src=0.0107  tgt=0.0228  trans=0.0223  gain=+0.0005  |dz|=0.897  5.3 it/s
step  39250  L=0.0729  src=0.0204  tgt=0.0260  trans=0.0265  gain=-0.0005  |dz|=0.917  5.3 it/s
step  39300  L=0.0680  src=0.0371  tgt=0.0156  trans=0.0152  gain=+0.0004  |dz|=0.890  5.3 it/s
step  39350  L=0.0513  src=0.0105  tgt=0.0205  trans=0.0203  gain=+0.0001  |dz|=0.917  5.3 it/s
step  39400  L=0.0312  src=0.0082  tgt=0.0114  trans=0.0115  gain=-0.0001  |dz|=0.860  5.3 it/s
step  39450  L=0.0681  src=0.0224  tgt=0.0228  trans=0.0228  gain=+0.0000  |dz|=0.869  5.3 it/s
step  39500  L=0.0831  src=0.0388  tgt=0.0220  trans=0.0223  gain=-0.0003  |dz|=0.887  5.4 it/s
step  39550  L=0.0531  src=0.0307  tgt=0.0111  trans=0.0112  gain=-0.0001  |dz|=0.892  5.4 it/s
step  39600  L=0.0910  src=0.0186  tgt=0.0360  trans=0.0364  gain=-0.0004  |dz|=0.891  5.4 it/s
step  39650  L=0.0576  src=0.0234  tgt=0.0170  trans=0.0171  gain=-0.0001  |dz|=0.900  5.4 it/s
step  39700  L=0.0682  src=0.0241  tgt=0.0222  trans=0.0219  gain=+0.0003  |dz|=0.902  5.4 it/s
step  39750  L=0.0619  src=0.0133  tgt=0.0245  trans=0.0240  gain=+0.0005  |dz|=0.883  5.4 it/s
step  39800  L=0.0880  src=0.0232  tgt=0.0324  trans=0.0324  gain=+0.0001  |dz|=0.895  5.4 it/s
step  39850  L=0.0392  src=0.0128  tgt=0.0133  trans=0.0131  gain=+0.0001  |dz|=0.883  5.4 it/s
step  39900  L=0.0465  src=0.0096  tgt=0.0187  trans=0.0182  gain=+0.0005  |dz|=0.887  5.4 it/s
step  39950  L=0.0611  src=0.0149  tgt=0.0232  trans=0.0231  gain=+0.0001  |dz|=0.874  5.4 it/s
step  40000  L=0.4836  src=0.0239  tgt=0.2297  trans=0.2299  gain=-0.0001  |dz|=0.944  5.4 it/s
  [diagnostics @ 40000] loss_correct=0.0762  loss_zero=0.0944  loss_shuffled=0.1017  loss_random=0.0962  loss_target_only=0.0764  loss_mean_z=0.0958  r_basis=0.0793  |dz_transport|=0.8972  z_s_vs_enc_rel=1.8123  z_spread_rel=1.1259  gain_vs_zero=0.0182  gain_vs_shuffled=0.0255  gain_vs_target_only=0.0001  gain_vs_mean_z=0.0196  delta_task=0.0196  z_center_norm=0.0832  task_specific_frac=1.0755
  saved C:\T1D Meta Learning\code\python\meta-diffusion\experiments\linear_transport_replacement_2026-09-24\work\checkpoints\cifar_train25_film_k16_step40000.pt
step  40050  L=0.0425  src=0.0164  tgt=0.0129  trans=0.0131  gain=-0.0002  |dz|=0.885  5.4 it/s
step  40100  L=0.0682  src=0.0381  tgt=0.0150  trans=0.0150  gain=-0.0000  |dz|=0.912  5.4 it/s
step  40150  L=0.0453  src=0.0100  tgt=0.0178  trans=0.0174  gain=+0.0004  |dz|=0.883  5.4 it/s
step  40200  L=0.2566  src=0.0114  tgt=0.1226  trans=0.1225  gain=+0.0001  |dz|=0.956  5.4 it/s
step  40250  L=0.1332  src=0.0583  tgt=0.0373  trans=0.0374  gain=-0.0001  |dz|=0.908  5.4 it/s
step  40300  L=0.0756  src=0.0346  tgt=0.0206  trans=0.0204  gain=+0.0002  |dz|=0.881  5.4 it/s
step  40350  L=0.0907  src=0.0376  tgt=0.0266  trans=0.0265  gain=+0.0001  |dz|=0.899  5.4 it/s
step  40400  L=0.3582  src=0.0135  tgt=0.1722  trans=0.1724  gain=-0.0001  |dz|=0.895  5.4 it/s
step  40450  L=0.0672  src=0.0329  tgt=0.0171  trans=0.0172  gain=-0.0001  |dz|=0.926  5.4 it/s
step  40500  L=0.0617  src=0.0270  tgt=0.0173  trans=0.0174  gain=-0.0000  |dz|=0.903  5.4 it/s
step  40550  L=0.0643  src=0.0164  tgt=0.0239  trans=0.0240  gain=-0.0001  |dz|=0.893  5.4 it/s
step  40600  L=0.2807  src=0.0228  tgt=0.1287  trans=0.1291  gain=-0.0003  |dz|=0.951  5.4 it/s
step  40650  L=0.0430  src=0.0180  tgt=0.0123  trans=0.0127  gain=-0.0004  |dz|=0.916  5.4 it/s
step  40700  L=0.0677  src=0.0244  tgt=0.0216  trans=0.0217  gain=-0.0001  |dz|=0.895  5.4 it/s
step  40750  L=0.2953  src=0.0171  tgt=0.1390  trans=0.1392  gain=-0.0002  |dz|=0.921  5.4 it/s
step  40800  L=0.0536  src=0.0151  tgt=0.0192  trans=0.0192  gain=-0.0000  |dz|=0.900  5.4 it/s
step  40850  L=0.4068  src=0.0160  tgt=0.1953  trans=0.1955  gain=-0.0002  |dz|=0.941  5.4 it/s
step  40900  L=0.0526  src=0.0320  tgt=0.0104  trans=0.0102  gain=+0.0001  |dz|=0.892  5.4 it/s
step  40950  L=0.2796  src=0.0238  tgt=0.1280  trans=0.1278  gain=+0.0002  |dz|=0.950  5.4 it/s
step  41000  L=0.4871  src=0.0213  tgt=0.2331  trans=0.2326  gain=+0.0004  |dz|=0.932  5.4 it/s
step  41050  L=0.0465  src=0.0141  tgt=0.0160  trans=0.0162  gain=-0.0002  |dz|=0.871  5.4 it/s
step  41100  L=0.0529  src=0.0220  tgt=0.0155  trans=0.0153  gain=+0.0002  |dz|=0.913  5.4 it/s
step  41150  L=0.0469  src=0.0192  tgt=0.0139  trans=0.0137  gain=+0.0002  |dz|=0.913  5.4 it/s
step  41200  L=0.3836  src=0.0102  tgt=0.1866  trans=0.1867  gain=-0.0001  |dz|=0.939  5.4 it/s
step  41250  L=0.0340  src=0.0089  tgt=0.0124  trans=0.0126  gain=-0.0002  |dz|=0.827  5.4 it/s
step  41300  L=0.0562  src=0.0184  tgt=0.0190  trans=0.0187  gain=+0.0003  |dz|=0.795  5.4 it/s
step  41350  L=0.1844  src=0.0137  tgt=0.0852  trans=0.0854  gain=-0.0002  |dz|=0.932  5.4 it/s
step  41400  L=0.0645  src=0.0140  tgt=0.0249  trans=0.0255  gain=-0.0006  |dz|=0.919  5.4 it/s
step  41450  L=0.3443  src=0.0224  tgt=0.1610  trans=0.1608  gain=+0.0003  |dz|=0.919  5.4 it/s
step  41500  L=0.0409  src=0.0143  tgt=0.0132  trans=0.0133  gain=-0.0001  |dz|=0.836  5.4 it/s
step  41550  L=0.3435  src=0.0145  tgt=0.1646  trans=0.1643  gain=+0.0003  |dz|=0.918  5.4 it/s
step  41600  L=0.3200  src=0.0515  tgt=0.1344  trans=0.1340  gain=+0.0003  |dz|=0.964  5.4 it/s
step  41650  L=0.0640  src=0.0178  tgt=0.0230  trans=0.0231  gain=-0.0001  |dz|=0.900  5.4 it/s
step  41700  L=0.1619  src=0.0565  tgt=0.0524  trans=0.0529  gain=-0.0004  |dz|=0.888  5.4 it/s
step  41750  L=0.3283  src=0.0113  tgt=0.1587  trans=0.1582  gain=+0.0006  |dz|=0.959  5.4 it/s
step  41800  L=0.0785  src=0.0115  tgt=0.0333  trans=0.0336  gain=-0.0003  |dz|=0.929  5.4 it/s
step  41850  L=0.5425  src=0.0270  tgt=0.2577  trans=0.2577  gain=-0.0001  |dz|=0.944  5.4 it/s
step  41900  L=0.3392  src=0.0272  tgt=0.1560  trans=0.1559  gain=+0.0001  |dz|=0.929  5.5 it/s
step  41950  L=0.0789  src=0.0247  tgt=0.0270  trans=0.0271  gain=-0.0001  |dz|=0.903  5.5 it/s
step  42000  L=0.0456  src=0.0199  tgt=0.0127  trans=0.0130  gain=-0.0002  |dz|=0.911  5.5 it/s
  [diagnostics @ 42000] loss_correct=0.0918  loss_zero=0.1156  loss_shuffled=0.1238  loss_random=0.1169  loss_target_only=0.0925  loss_mean_z=0.1171  r_basis=0.0897  |dz_transport|=0.9014  z_s_vs_enc_rel=1.7256  z_spread_rel=1.1597  gain_vs_zero=0.0238  gain_vs_shuffled=0.0320  gain_vs_target_only=0.0007  gain_vs_mean_z=0.0253  delta_task=0.0253  z_center_norm=0.0793  task_specific_frac=1.0627
step  42050  L=0.0622  src=0.0206  tgt=0.0208  trans=0.0208  gain=-0.0000  |dz|=0.911  5.4 it/s
step  42100  L=0.1970  src=0.0073  tgt=0.0950  trans=0.0946  gain=+0.0003  |dz|=0.926  5.5 it/s
step  42150  L=0.0505  src=0.0201  tgt=0.0151  trans=0.0152  gain=-0.0000  |dz|=0.903  5.5 it/s
step  42200  L=0.0473  src=0.0151  tgt=0.0160  trans=0.0161  gain=-0.0001  |dz|=0.873  5.5 it/s
step  42250  L=0.2729  src=0.0363  tgt=0.1183  trans=0.1182  gain=+0.0001  |dz|=0.915  5.5 it/s
step  42300  L=0.2904  src=0.0149  tgt=0.1377  trans=0.1377  gain=+0.0001  |dz|=0.941  5.5 it/s
step  42350  L=0.0706  src=0.0333  tgt=0.0186  trans=0.0187  gain=-0.0000  |dz|=0.908  5.5 it/s
step  42400  L=0.0724  src=0.0198  tgt=0.0263  trans=0.0262  gain=+0.0001  |dz|=0.877  5.5 it/s
step  42450  L=0.3363  src=0.0164  tgt=0.1599  trans=0.1600  gain=-0.0001  |dz|=0.932  5.5 it/s
step  42500  L=0.1153  src=0.0437  tgt=0.0359  trans=0.0355  gain=+0.0004  |dz|=0.911  5.5 it/s
step  42550  L=0.0843  src=0.0256  tgt=0.0292  trans=0.0294  gain=-0.0002  |dz|=0.917  5.5 it/s
step  42600  L=0.3545  src=0.0202  tgt=0.1673  trans=0.1669  gain=+0.0004  |dz|=0.930  5.5 it/s
step  42650  L=0.0381  src=0.0091  tgt=0.0145  trans=0.0145  gain=-0.0000  |dz|=0.890  5.5 it/s
step  42700  L=0.0649  src=0.0436  tgt=0.0105  trans=0.0107  gain=-0.0002  |dz|=0.883  5.5 it/s
step  42750  L=0.0866  src=0.0452  tgt=0.0207  trans=0.0206  gain=+0.0001  |dz|=0.922  5.5 it/s
step  42800  L=0.3187  src=0.0070  tgt=0.1561  trans=0.1556  gain=+0.0005  |dz|=0.955  5.5 it/s
step  42850  L=0.0488  src=0.0203  tgt=0.0142  trans=0.0143  gain=-0.0001  |dz|=0.913  5.5 it/s
step  42900  L=0.0908  src=0.0428  tgt=0.0240  trans=0.0239  gain=+0.0000  |dz|=0.910  5.5 it/s
step  42950  L=0.0689  src=0.0084  tgt=0.0302  trans=0.0302  gain=+0.0000  |dz|=0.894  5.5 it/s
step  43000  L=0.0663  src=0.0130  tgt=0.0265  trans=0.0267  gain=-0.0002  |dz|=0.875  5.5 it/s
step  43050  L=0.0453  src=0.0129  tgt=0.0162  trans=0.0162  gain=-0.0000  |dz|=0.907  5.5 it/s
step  43100  L=0.0413  src=0.0117  tgt=0.0146  trans=0.0149  gain=-0.0003  |dz|=0.881  5.5 it/s
step  43150  L=0.0573  src=0.0252  tgt=0.0162  trans=0.0158  gain=+0.0003  |dz|=0.889  5.5 it/s
step  43200  L=0.0508  src=0.0217  tgt=0.0145  trans=0.0145  gain=-0.0000  |dz|=0.821  5.5 it/s
step  43250  L=0.0620  src=0.0179  tgt=0.0222  trans=0.0219  gain=+0.0003  |dz|=0.896  5.5 it/s
step  43300  L=0.0258  src=0.0087  tgt=0.0085  trans=0.0085  gain=+0.0001  |dz|=0.802  5.5 it/s
step  43350  L=0.0886  src=0.0434  tgt=0.0224  trans=0.0227  gain=-0.0004  |dz|=0.896  5.5 it/s
step  43400  L=0.1024  src=0.0397  tgt=0.0314  trans=0.0312  gain=+0.0002  |dz|=0.922  5.5 it/s
step  43450  L=0.0504  src=0.0269  tgt=0.0117  trans=0.0117  gain=-0.0001  |dz|=0.868  5.5 it/s
step  43500  L=0.5240  src=0.0404  tgt=0.2417  trans=0.2418  gain=-0.0000  |dz|=0.943  5.5 it/s
step  43550  L=0.0649  src=0.0219  tgt=0.0215  trans=0.0214  gain=+0.0001  |dz|=0.899  5.5 it/s
step  43600  L=0.0598  src=0.0243  tgt=0.0176  trans=0.0178  gain=-0.0002  |dz|=0.901  5.5 it/s
step  43650  L=0.0374  src=0.0121  tgt=0.0126  trans=0.0125  gain=+0.0001  |dz|=0.885  5.5 it/s
step  43700  L=0.4080  src=0.0096  tgt=0.1992  trans=0.1992  gain=+0.0000  |dz|=0.941  5.5 it/s
step  43750  L=0.3261  src=0.0149  tgt=0.1557  trans=0.1554  gain=+0.0003  |dz|=0.939  5.5 it/s
step  43800  L=0.2971  src=0.0170  tgt=0.1400  trans=0.1400  gain=+0.0000  |dz|=0.933  5.5 it/s
step  43850  L=0.0609  src=0.0222  tgt=0.0192  trans=0.0194  gain=-0.0001  |dz|=0.923  5.5 it/s
step  43900  L=0.0438  src=0.0181  tgt=0.0127  trans=0.0129  gain=-0.0002  |dz|=0.900  5.5 it/s
step  43950  L=0.2572  src=0.0171  tgt=0.1198  trans=0.1202  gain=-0.0005  |dz|=0.919  5.5 it/s
step  44000  L=0.4241  src=0.0119  tgt=0.2062  trans=0.2059  gain=+0.0003  |dz|=0.934  5.5 it/s
  [diagnostics @ 44000] loss_correct=0.1154  loss_zero=0.1448  loss_shuffled=0.1452  loss_random=0.1469  loss_target_only=0.1154  loss_mean_z=0.1456  r_basis=0.0997  |dz_transport|=0.8979  z_s_vs_enc_rel=1.8053  z_spread_rel=1.0913  gain_vs_zero=0.0294  gain_vs_shuffled=0.0298  gain_vs_target_only=0.0000  gain_vs_mean_z=0.0302  delta_task=0.0302  z_center_norm=0.0824  task_specific_frac=1.0274
step  44050  L=0.4745  src=0.0191  tgt=0.2278  trans=0.2275  gain=+0.0004  |dz|=0.920  5.5 it/s
step  44100  L=0.1124  src=0.0150  tgt=0.0489  trans=0.0485  gain=+0.0004  |dz|=0.921  5.5 it/s
step  44150  L=0.3101  src=0.0191  tgt=0.1453  trans=0.1456  gain=-0.0003  |dz|=0.923  5.5 it/s
step  44200  L=0.0422  src=0.0133  tgt=0.0144  trans=0.0145  gain=-0.0001  |dz|=0.887  5.5 it/s
step  44250  L=0.0859  src=0.0342  tgt=0.0258  trans=0.0258  gain=-0.0000  |dz|=0.877  5.5 it/s
step  44300  L=0.0488  src=0.0102  tgt=0.0194  trans=0.0192  gain=+0.0002  |dz|=0.897  5.5 it/s
step  44350  L=0.3188  src=0.0219  tgt=0.1485  trans=0.1483  gain=+0.0003  |dz|=0.932  5.5 it/s
step  44400  L=0.0740  src=0.0300  tgt=0.0220  trans=0.0220  gain=-0.0000  |dz|=0.882  5.5 it/s
step  44450  L=0.0440  src=0.0193  tgt=0.0123  trans=0.0122  gain=+0.0001  |dz|=0.864  5.5 it/s
step  44500  L=0.3915  src=0.0164  tgt=0.1875  trans=0.1875  gain=-0.0000  |dz|=0.924  5.5 it/s
step  44550  L=0.3545  src=0.0212  tgt=0.1665  trans=0.1667  gain=-0.0003  |dz|=0.948  5.5 it/s
step  44600  L=0.0612  src=0.0204  tgt=0.0203  trans=0.0204  gain=-0.0001  |dz|=0.904  5.5 it/s
step  44650  L=0.4381  src=0.0115  tgt=0.2129  trans=0.2136  gain=-0.0006  |dz|=0.961  5.5 it/s
step  44700  L=0.4236  src=0.0246  tgt=0.1993  trans=0.1997  gain=-0.0004  |dz|=0.938  5.6 it/s
step  44750  L=0.3199  src=0.0402  tgt=0.1399  trans=0.1397  gain=+0.0003  |dz|=0.934  5.6 it/s
step  44800  L=0.4272  src=0.0215  tgt=0.2029  trans=0.2028  gain=+0.0001  |dz|=0.933  5.6 it/s
step  44850  L=0.3968  src=0.0297  tgt=0.1835  trans=0.1834  gain=+0.0002  |dz|=0.945  5.6 it/s
step  44900  L=0.0479  src=0.0167  tgt=0.0155  trans=0.0156  gain=-0.0002  |dz|=0.905  5.6 it/s
step  44950  L=0.2169  src=0.0176  tgt=0.0997  trans=0.0995  gain=+0.0002  |dz|=0.890  5.6 it/s
step  45000  L=0.0539  src=0.0107  tgt=0.0217  trans=0.0214  gain=+0.0003  |dz|=0.900  5.6 it/s
step  45050  L=0.3772  src=0.0286  tgt=0.1743  trans=0.1743  gain=+0.0000  |dz|=0.931  5.6 it/s
step  45100  L=0.0354  src=0.0130  tgt=0.0112  trans=0.0112  gain=-0.0000  |dz|=0.908  5.6 it/s
step  45150  L=0.3546  src=0.0484  tgt=0.1531  trans=0.1529  gain=+0.0002  |dz|=0.916  5.6 it/s
step  45200  L=0.0284  src=0.0118  tgt=0.0083  trans=0.0082  gain=+0.0001  |dz|=0.892  5.6 it/s
step  45250  L=0.0933  src=0.0349  tgt=0.0293  trans=0.0290  gain=+0.0003  |dz|=0.911  5.6 it/s
step  45300  L=0.0889  src=0.0313  tgt=0.0287  trans=0.0288  gain=-0.0001  |dz|=0.925  5.6 it/s
step  45350  L=0.0615  src=0.0182  tgt=0.0215  trans=0.0217  gain=-0.0002  |dz|=0.905  5.6 it/s
step  45400  L=0.0737  src=0.0108  tgt=0.0314  trans=0.0313  gain=+0.0001  |dz|=0.872  5.6 it/s
step  45450  L=0.0375  src=0.0121  tgt=0.0127  trans=0.0127  gain=+0.0000  |dz|=0.882  5.6 it/s
step  45500  L=0.2732  src=0.0375  tgt=0.1179  trans=0.1177  gain=+0.0002  |dz|=0.936  5.6 it/s
step  45550  L=0.0609  src=0.0168  tgt=0.0221  trans=0.0219  gain=+0.0002  |dz|=0.888  5.6 it/s
step  45600  L=0.0763  src=0.0313  tgt=0.0225  trans=0.0225  gain=+0.0000  |dz|=0.901  5.6 it/s
step  45650  L=0.0552  src=0.0092  tgt=0.0230  trans=0.0229  gain=+0.0002  |dz|=0.795  5.6 it/s
step  45700  L=0.0670  src=0.0212  tgt=0.0231  trans=0.0227  gain=+0.0004  |dz|=0.911  5.6 it/s
step  45750  L=0.0965  src=0.0254  tgt=0.0356  trans=0.0354  gain=+0.0003  |dz|=0.907  5.6 it/s
step  45800  L=0.2625  src=0.0180  tgt=0.1225  trans=0.1219  gain=+0.0006  |dz|=0.930  5.6 it/s
step  45850  L=0.0491  src=0.0140  tgt=0.0178  trans=0.0173  gain=+0.0005  |dz|=0.906  5.6 it/s
step  45900  L=0.0555  src=0.0121  tgt=0.0217  trans=0.0215  gain=+0.0002  |dz|=0.929  5.6 it/s
step  45950  L=0.0910  src=0.0209  tgt=0.0349  trans=0.0351  gain=-0.0001  |dz|=0.906  5.6 it/s
step  46000  L=0.2536  src=0.0263  tgt=0.1136  trans=0.1136  gain=+0.0001  |dz|=0.932  5.6 it/s
  [diagnostics @ 46000] loss_correct=0.0772  loss_zero=0.0972  loss_shuffled=0.1101  loss_random=0.0989  loss_target_only=0.0780  loss_mean_z=0.0991  r_basis=0.0840  |dz_transport|=0.8858  z_s_vs_enc_rel=1.8238  z_spread_rel=1.1099  gain_vs_zero=0.0200  gain_vs_shuffled=0.0329  gain_vs_target_only=0.0008  gain_vs_mean_z=0.0218  delta_task=0.0218  z_center_norm=0.0707  task_specific_frac=1.0907
step  46050  L=0.0970  src=0.0141  tgt=0.0414  trans=0.0414  gain=-0.0000  |dz|=0.890  5.6 it/s
step  46100  L=0.0521  src=0.0118  tgt=0.0199  trans=0.0204  gain=-0.0005  |dz|=0.909  5.6 it/s
step  46150  L=0.0411  src=0.0178  tgt=0.0117  trans=0.0116  gain=+0.0000  |dz|=0.892  5.6 it/s
step  46200  L=0.0643  src=0.0119  tgt=0.0262  trans=0.0262  gain=-0.0000  |dz|=0.910  5.6 it/s
step  46250  L=0.0680  src=0.0284  tgt=0.0197  trans=0.0198  gain=-0.0001  |dz|=0.898  5.6 it/s
step  46300  L=0.1029  src=0.0178  tgt=0.0426  trans=0.0424  gain=+0.0002  |dz|=0.925  5.6 it/s
step  46350  L=0.0380  src=0.0090  tgt=0.0146  trans=0.0143  gain=+0.0003  |dz|=0.893  5.6 it/s
step  46400  L=0.0483  src=0.0144  tgt=0.0171  trans=0.0167  gain=+0.0004  |dz|=0.870  5.6 it/s
step  46450  L=0.1980  src=0.0065  tgt=0.0957  trans=0.0957  gain=-0.0001  |dz|=0.924  5.6 it/s
step  46500  L=0.4434  src=0.0320  tgt=0.2052  trans=0.2061  gain=-0.0008  |dz|=0.918  5.6 it/s
step  46550  L=0.0548  src=0.0119  tgt=0.0214  trans=0.0215  gain=-0.0001  |dz|=0.885  5.6 it/s
step  46600  L=0.3049  src=0.0142  tgt=0.1454  trans=0.1452  gain=+0.0002  |dz|=0.916  5.6 it/s
step  46650  L=0.5320  src=0.0097  tgt=0.2609  trans=0.2614  gain=-0.0005  |dz|=0.926  5.6 it/s
step  46700  L=0.0646  src=0.0416  tgt=0.0114  trans=0.0115  gain=-0.0001  |dz|=0.896  5.6 it/s
step  46750  L=0.0919  src=0.0392  tgt=0.0264  trans=0.0263  gain=+0.0001  |dz|=0.891  5.6 it/s
step  46800  L=0.2217  src=0.0142  tgt=0.1035  trans=0.1038  gain=-0.0003  |dz|=0.875  5.6 it/s
step  46850  L=0.0632  src=0.0232  tgt=0.0199  trans=0.0201  gain=-0.0001  |dz|=0.885  5.6 it/s
step  46900  L=0.0516  src=0.0142  tgt=0.0187  trans=0.0186  gain=+0.0000  |dz|=0.884  5.6 it/s
step  46950  L=0.0674  src=0.0412  tgt=0.0131  trans=0.0130  gain=+0.0001  |dz|=0.898  5.6 it/s
step  47000  L=0.0517  src=0.0194  tgt=0.0162  trans=0.0160  gain=+0.0003  |dz|=0.912  5.6 it/s
step  47050  L=0.0525  src=0.0177  tgt=0.0174  trans=0.0174  gain=-0.0000  |dz|=0.873  5.6 it/s
step  47100  L=0.0938  src=0.0106  tgt=0.0414  trans=0.0417  gain=-0.0003  |dz|=0.930  5.6 it/s
step  47150  L=0.0574  src=0.0130  tgt=0.0222  trans=0.0221  gain=+0.0001  |dz|=0.898  5.6 it/s
step  47200  L=0.0569  src=0.0397  tgt=0.0086  trans=0.0085  gain=+0.0000  |dz|=0.898  5.6 it/s
step  47250  L=0.0969  src=0.0270  tgt=0.0349  trans=0.0349  gain=+0.0000  |dz|=0.919  5.6 it/s
step  47300  L=0.1936  src=0.0292  tgt=0.0820  trans=0.0823  gain=-0.0002  |dz|=0.929  5.6 it/s
step  47350  L=0.0791  src=0.0343  tgt=0.0223  trans=0.0224  gain=-0.0000  |dz|=0.892  5.6 it/s
step  47400  L=0.0351  src=0.0121  tgt=0.0115  trans=0.0114  gain=+0.0001  |dz|=0.837  5.6 it/s
step  47450  L=0.2200  src=0.0238  tgt=0.0981  trans=0.0980  gain=+0.0002  |dz|=0.907  5.6 it/s
step  47500  L=0.2773  src=0.0156  tgt=0.1307  trans=0.1310  gain=-0.0002  |dz|=0.944  5.7 it/s
step  47550  L=0.0767  src=0.0517  tgt=0.0124  trans=0.0125  gain=-0.0001  |dz|=0.875  5.7 it/s
step  47600  L=0.0483  src=0.0162  tgt=0.0159  trans=0.0161  gain=-0.0003  |dz|=0.894  5.7 it/s
step  47650  L=0.0492  src=0.0129  tgt=0.0181  trans=0.0181  gain=+0.0000  |dz|=0.865  5.7 it/s
step  47700  L=0.3082  src=0.0136  tgt=0.1474  trans=0.1472  gain=+0.0002  |dz|=0.930  5.7 it/s
step  47750  L=0.0474  src=0.0150  tgt=0.0161  trans=0.0162  gain=-0.0001  |dz|=0.878  5.7 it/s
step  47800  L=0.0251  src=0.0073  tgt=0.0089  trans=0.0088  gain=+0.0001  |dz|=0.915  5.7 it/s
step  47850  L=0.0826  src=0.0358  tgt=0.0233  trans=0.0235  gain=-0.0002  |dz|=0.934  5.7 it/s
step  47900  L=0.3982  src=0.0166  tgt=0.1911  trans=0.1903  gain=+0.0008  |dz|=0.936  5.7 it/s
step  47950  L=0.0375  src=0.0084  tgt=0.0145  trans=0.0145  gain=-0.0000  |dz|=0.917  5.7 it/s
step  48000  L=0.0637  src=0.0250  tgt=0.0191  trans=0.0195  gain=-0.0004  |dz|=0.865  5.7 it/s
  [diagnostics @ 48000] loss_correct=0.0995  loss_zero=0.1285  loss_shuffled=0.1319  loss_random=0.1290  loss_target_only=0.1008  loss_mean_z=0.1299  r_basis=0.0965  |dz_transport|=0.8864  z_s_vs_enc_rel=1.7511  z_spread_rel=1.1196  gain_vs_zero=0.0290  gain_vs_shuffled=0.0324  gain_vs_target_only=0.0013  gain_vs_mean_z=0.0304  delta_task=0.0304  z_center_norm=0.0791  task_specific_frac=1.0475
step  48050  L=0.0707  src=0.0369  tgt=0.0168  trans=0.0169  gain=-0.0001  |dz|=0.894  5.7 it/s
step  48100  L=0.0623  src=0.0267  tgt=0.0178  trans=0.0177  gain=+0.0002  |dz|=0.907  5.7 it/s
step  48150  L=0.0807  src=0.0124  tgt=0.0342  trans=0.0340  gain=+0.0003  |dz|=0.921  5.7 it/s
step  48200  L=0.3510  src=0.0105  tgt=0.1702  trans=0.1702  gain=+0.0000  |dz|=0.952  5.7 it/s
step  48250  L=0.4764  src=0.0397  tgt=0.2182  trans=0.2184  gain=-0.0002  |dz|=0.936  5.7 it/s
step  48300  L=0.0942  src=0.0303  tgt=0.0317  trans=0.0322  gain=-0.0005  |dz|=0.931  5.7 it/s
step  48350  L=0.0916  src=0.0656  tgt=0.0130  trans=0.0129  gain=+0.0001  |dz|=0.880  5.7 it/s
step  48400  L=0.2549  src=0.0143  tgt=0.1200  trans=0.1205  gain=-0.0004  |dz|=0.943  5.7 it/s
step  48450  L=0.4278  src=0.0299  tgt=0.1992  trans=0.1987  gain=+0.0005  |dz|=0.912  5.7 it/s
step  48500  L=0.1357  src=0.0176  tgt=0.0591  trans=0.0590  gain=+0.0000  |dz|=0.914  5.7 it/s
step  48550  L=0.2515  src=0.0127  tgt=0.1194  trans=0.1193  gain=+0.0001  |dz|=0.924  5.7 it/s
step  48600  L=0.0762  src=0.0150  tgt=0.0306  trans=0.0306  gain=+0.0000  |dz|=0.885  5.7 it/s
step  48650  L=0.1149  src=0.0217  tgt=0.0466  trans=0.0466  gain=+0.0000  |dz|=0.932  5.7 it/s
step  48700  L=0.3313  src=0.0290  tgt=0.1511  trans=0.1511  gain=+0.0001  |dz|=0.887  5.7 it/s
step  48750  L=0.3452  src=0.0167  tgt=0.1640  trans=0.1644  gain=-0.0004  |dz|=0.917  5.7 it/s
step  48800  L=0.0335  src=0.0104  tgt=0.0115  trans=0.0115  gain=-0.0000  |dz|=0.887  5.7 it/s
step  48850  L=0.0900  src=0.0395  tgt=0.0254  trans=0.0250  gain=+0.0004  |dz|=0.918  5.7 it/s
step  48900  L=0.0671  src=0.0360  tgt=0.0155  trans=0.0155  gain=-0.0000  |dz|=0.902  5.7 it/s
step  48950  L=0.0565  src=0.0106  tgt=0.0228  trans=0.0230  gain=-0.0002  |dz|=0.898  5.7 it/s
step  49000  L=0.0653  src=0.0215  tgt=0.0218  trans=0.0219  gain=-0.0001  |dz|=0.898  5.7 it/s
step  49050  L=0.0440  src=0.0153  tgt=0.0143  trans=0.0143  gain=+0.0000  |dz|=0.913  5.7 it/s
step  49100  L=0.6289  src=0.0096  tgt=0.3096  trans=0.3095  gain=+0.0001  |dz|=0.885  5.7 it/s
step  49150  L=0.0356  src=0.0128  tgt=0.0115  trans=0.0112  gain=+0.0003  |dz|=0.897  5.7 it/s
step  49200  L=0.2709  src=0.0085  tgt=0.1310  trans=0.1313  gain=-0.0002  |dz|=0.890  5.7 it/s
step  49250  L=0.5153  src=0.0423  tgt=0.2362  trans=0.2367  gain=-0.0006  |dz|=0.945  5.7 it/s
step  49300  L=0.0531  src=0.0182  tgt=0.0175  trans=0.0173  gain=+0.0002  |dz|=0.895  5.7 it/s
step  49350  L=0.0450  src=0.0234  tgt=0.0107  trans=0.0108  gain=-0.0002  |dz|=0.924  5.7 it/s
step  49400  L=0.1057  src=0.0453  tgt=0.0301  trans=0.0301  gain=-0.0000  |dz|=0.892  5.7 it/s
step  49450  L=0.0738  src=0.0370  tgt=0.0182  trans=0.0185  gain=-0.0003  |dz|=0.908  5.7 it/s
step  49500  L=0.0656  src=0.0280  tgt=0.0187  trans=0.0188  gain=-0.0000  |dz|=0.907  5.7 it/s
step  49550  L=0.2845  src=0.0303  tgt=0.1270  trans=0.1271  gain=-0.0001  |dz|=0.946  5.7 it/s
step  49600  L=0.2596  src=0.0600  tgt=0.0998  trans=0.0997  gain=+0.0001  |dz|=0.938  5.7 it/s
step  49650  L=0.0787  src=0.0321  tgt=0.0233  trans=0.0232  gain=+0.0001  |dz|=0.884  5.7 it/s
step  49700  L=0.0624  src=0.0276  tgt=0.0176  trans=0.0172  gain=+0.0004  |dz|=0.908  5.7 it/s
step  49750  L=0.0559  src=0.0181  tgt=0.0189  trans=0.0188  gain=+0.0001  |dz|=0.879  5.7 it/s
step  49800  L=0.4022  src=0.0343  tgt=0.1839  trans=0.1839  gain=+0.0001  |dz|=0.945  5.7 it/s
step  49850  L=0.0432  src=0.0130  tgt=0.0151  trans=0.0151  gain=+0.0000  |dz|=0.926  5.7 it/s
step  49900  L=0.2530  src=0.0150  tgt=0.1186  trans=0.1193  gain=-0.0008  |dz|=0.937  5.7 it/s
step  49950  L=0.0437  src=0.0163  tgt=0.0137  trans=0.0135  gain=+0.0002  |dz|=0.907  5.7 it/s
step  50000  L=0.0447  src=0.0076  tgt=0.0188  trans=0.0182  gain=+0.0006  |dz|=0.869  5.7 it/s
  [diagnostics @ 50000] loss_correct=0.0819  loss_zero=0.1033  loss_shuffled=0.1091  loss_random=0.1044  loss_target_only=0.0822  loss_mean_z=0.1050  r_basis=0.0853  |dz_transport|=0.8983  z_s_vs_enc_rel=1.8031  z_spread_rel=1.1411  gain_vs_zero=0.0214  gain_vs_shuffled=0.0272  gain_vs_target_only=0.0003  gain_vs_mean_z=0.0231  delta_task=0.0231  z_center_norm=0.0743  task_specific_frac=1.0805
  saved C:\T1D Meta Learning\code\python\meta-diffusion\experiments\linear_transport_replacement_2026-09-24\work\checkpoints\cifar_train25_film_k16_step50000.pt

done in 145.6 min. log: C:\T1D Meta Learning\code\python\meta-diffusion\experiments\linear_transport_replacement_2026-09-24\work\checkpoints\cifar_train25_film_k16_log.jsonl
