设备 cuda · 骨干 small_unet · k=16
φ 27.80M + encoder 0.33M + transport 6.8K
训练 episode 组合 1200 · 共 50000 步

step      1  L=3.2817  src=1.0951  tgt=1.0933  trans=1.0933  gain=+0.0001  |dz|=0.014  1.5 it/s
step     50  L=1.1683  src=0.4171  tgt=0.3740  trans=0.3771  gain=-0.0031  |dz|=0.016  10.3 it/s
step    100  L=0.5269  src=0.2011  tgt=0.1629  trans=0.1623  gain=+0.0006  |dz|=0.030  11.0 it/s
step    150  L=0.3120  src=0.1430  tgt=0.0841  trans=0.0842  gain=-0.0000  |dz|=0.034  11.3 it/s
step    200  L=0.2255  src=0.0863  tgt=0.0691  trans=0.0691  gain=+0.0000  |dz|=0.047  11.4 it/s
step    250  L=0.2241  src=0.0873  tgt=0.0679  trans=0.0680  gain=-0.0001  |dz|=0.039  11.5 it/s
step    300  L=0.2911  src=0.0905  tgt=0.0999  trans=0.0998  gain=+0.0001  |dz|=0.058  11.5 it/s
step    350  L=0.5984  src=0.1257  tgt=0.2366  trans=0.2355  gain=+0.0011  |dz|=0.158  11.5 it/s
step    400  L=0.4794  src=0.0880  tgt=0.1972  trans=0.1936  gain=+0.0036  |dz|=0.203  11.6 it/s
step    450  L=0.5451  src=0.0561  tgt=0.2443  trans=0.2443  gain=+0.0000  |dz|=0.124  11.6 it/s
step    500  L=0.2723  src=0.0984  tgt=0.0865  trans=0.0869  gain=-0.0005  |dz|=0.081  11.6 it/s
step    550  L=0.1917  src=0.1050  tgt=0.0432  trans=0.0432  gain=-0.0000  |dz|=0.067  11.6 it/s
step    600  L=0.6227  src=0.1185  tgt=0.2525  trans=0.2515  gain=+0.0010  |dz|=0.126  11.6 it/s
step    650  L=0.5237  src=0.1379  tgt=0.1933  trans=0.1923  gain=+0.0011  |dz|=0.169  11.6 it/s
step    700  L=0.5407  src=0.0933  tgt=0.2240  trans=0.2231  gain=+0.0009  |dz|=0.151  11.7 it/s
step    750  L=0.3836  src=0.0730  tgt=0.1559  trans=0.1545  gain=+0.0013  |dz|=0.182  11.7 it/s
step    800  L=0.2360  src=0.1128  tgt=0.0614  trans=0.0615  gain=-0.0000  |dz|=0.058  11.7 it/s
step    850  L=0.2088  src=0.1087  tgt=0.0500  trans=0.0500  gain=+0.0001  |dz|=0.059  11.7 it/s
step    900  L=0.1695  src=0.0938  tgt=0.0379  trans=0.0377  gain=+0.0002  |dz|=0.073  11.7 it/s
step    950  L=0.1134  src=0.0574  tgt=0.0281  trans=0.0278  gain=+0.0002  |dz|=0.084  11.7 it/s
step   1000  L=0.1694  src=0.0846  tgt=0.0423  trans=0.0424  gain=-0.0001  |dz|=0.074  11.7 it/s
  [诊断 @ 1000] loss_correct=0.1599  loss_zero=0.2374  loss_shuffled=0.1601  loss_random=0.2363  loss_target_only=0.1597  r_basis=0.2045  |dz_transport|=0.0414  z_s_vs_enc_rel=0.0488  z_spread_rel=0.0433  gain_vs_zero=0.0775  gain_vs_shuffled=0.0002  gain_vs_target_only=-0.0002
    ⚠ 坐标塌缩: 跨 episode 的 z 相对间距仅 0.043（阈值 0.05）—— encoder 在输出近似常量，此时 gain_vs_zero 反映的是基被当作共享容量，不是任务特异性
    ⚠ z_S 与 z^enc_T 相对间距仅 0.049 —— encoder 没有把 source 集和 target 集区分开
step   1050  L=0.1250  src=0.0575  tgt=0.0337  trans=0.0337  gain=+0.0000  |dz|=0.078  11.6 it/s
step   1100  L=0.5196  src=0.0984  tgt=0.2107  trans=0.2103  gain=+0.0004  |dz|=0.181  11.6 it/s
step   1150  L=0.1775  src=0.0867  tgt=0.0454  trans=0.0452  gain=+0.0002  |dz|=0.097  11.6 it/s
step   1200  L=0.4830  src=0.1067  tgt=0.1881  trans=0.1880  gain=+0.0001  |dz|=0.220  11.6 it/s
step   1250  L=0.1587  src=0.0658  tgt=0.0463  trans=0.0465  gain=-0.0001  |dz|=0.082  11.6 it/s
step   1300  L=0.1331  src=0.0635  tgt=0.0347  trans=0.0347  gain=+0.0000  |dz|=0.109  11.6 it/s
step   1350  L=0.1182  src=0.0567  tgt=0.0307  trans=0.0307  gain=-0.0000  |dz|=0.089  11.6 it/s
step   1400  L=0.0915  src=0.0382  tgt=0.0266  trans=0.0266  gain=-0.0000  |dz|=0.092  11.6 it/s
step   1450  L=0.1189  src=0.0673  tgt=0.0258  trans=0.0258  gain=-0.0000  |dz|=0.130  11.7 it/s
step   1500  L=0.1359  src=0.0598  tgt=0.0379  trans=0.0380  gain=-0.0001  |dz|=0.096  11.7 it/s
step   1550  L=0.1071  src=0.0457  tgt=0.0306  trans=0.0307  gain=-0.0000  |dz|=0.145  11.7 it/s
step   1600  L=0.1649  src=0.1154  tgt=0.0246  trans=0.0248  gain=-0.0002  |dz|=0.100  11.7 it/s
step   1650  L=0.1322  src=0.0405  tgt=0.0459  trans=0.0458  gain=+0.0001  |dz|=0.144  11.7 it/s
step   1700  L=0.3510  src=0.0716  tgt=0.1396  trans=0.1398  gain=-0.0001  |dz|=0.242  11.7 it/s
step   1750  L=0.0975  src=0.0493  tgt=0.0241  trans=0.0241  gain=+0.0000  |dz|=0.098  11.7 it/s
step   1800  L=0.1744  src=0.0484  tgt=0.0630  trans=0.0630  gain=+0.0000  |dz|=0.098  11.7 it/s
step   1850  L=0.1169  src=0.0648  tgt=0.0260  trans=0.0260  gain=-0.0000  |dz|=0.098  11.7 it/s
step   1900  L=0.1568  src=0.0732  tgt=0.0417  trans=0.0418  gain=-0.0000  |dz|=0.097  11.7 it/s
step   1950  L=0.4298  src=0.0667  tgt=0.1815  trans=0.1815  gain=+0.0000  |dz|=0.226  11.6 it/s
step   2000  L=0.3471  src=0.0465  tgt=0.1503  trans=0.1503  gain=-0.0000  |dz|=0.224  11.6 it/s
  [诊断 @ 2000] loss_correct=0.1054  loss_zero=0.1783  loss_shuffled=0.1059  loss_random=0.1814  loss_target_only=0.1054  r_basis=0.2900  |dz_transport|=0.0978  z_s_vs_enc_rel=0.0518  z_spread_rel=0.1027  gain_vs_zero=0.0729  gain_vs_shuffled=0.0006  gain_vs_target_only=0.0000
step   2050  L=0.0922  src=0.0488  tgt=0.0217  trans=0.0217  gain=+0.0000  |dz|=0.096  11.6 it/s
step   2100  L=0.1404  src=0.0653  tgt=0.0375  trans=0.0375  gain=+0.0000  |dz|=0.094  11.6 it/s
step   2150  L=0.1429  src=0.0766  tgt=0.0331  trans=0.0332  gain=-0.0000  |dz|=0.094  11.6 it/s
step   2200  L=0.0986  src=0.0472  tgt=0.0256  trans=0.0257  gain=-0.0001  |dz|=0.154  11.6 it/s
step   2250  L=0.1643  src=0.0677  tgt=0.0483  trans=0.0482  gain=+0.0001  |dz|=0.094  11.6 it/s
step   2300  L=0.1452  src=0.0913  tgt=0.0269  trans=0.0269  gain=-0.0000  |dz|=0.095  11.6 it/s
step   2350  L=0.1429  src=0.0572  tgt=0.0429  trans=0.0428  gain=+0.0000  |dz|=0.098  11.6 it/s
step   2400  L=0.5256  src=0.0290  tgt=0.2483  trans=0.2482  gain=+0.0000  |dz|=0.300  11.6 it/s
step   2450  L=0.1312  src=0.0657  tgt=0.0328  trans=0.0326  gain=+0.0002  |dz|=0.160  11.6 it/s
step   2500  L=0.0894  src=0.0445  tgt=0.0225  trans=0.0224  gain=+0.0002  |dz|=0.163  11.6 it/s
step   2550  L=0.0822  src=0.0466  tgt=0.0178  trans=0.0177  gain=+0.0001  |dz|=0.162  11.6 it/s
step   2600  L=0.1119  src=0.0386  tgt=0.0366  trans=0.0366  gain=+0.0000  |dz|=0.103  11.6 it/s
step   2650  L=0.1397  src=0.0628  tgt=0.0385  trans=0.0384  gain=+0.0001  |dz|=0.162  11.6 it/s
step   2700  L=0.0955  src=0.0559  tgt=0.0198  trans=0.0198  gain=+0.0000  |dz|=0.102  11.6 it/s
step   2750  L=0.1427  src=0.0865  tgt=0.0281  trans=0.0281  gain=+0.0000  |dz|=0.102  11.6 it/s
step   2800  L=0.1380  src=0.0615  tgt=0.0382  trans=0.0382  gain=+0.0000  |dz|=0.160  11.6 it/s
step   2850  L=0.2952  src=0.0828  tgt=0.1062  trans=0.1062  gain=-0.0000  |dz|=0.187  11.6 it/s
step   2900  L=0.0908  src=0.0437  tgt=0.0235  trans=0.0236  gain=-0.0001  |dz|=0.161  11.6 it/s
step   2950  L=0.3555  src=0.0679  tgt=0.1438  trans=0.1438  gain=+0.0001  |dz|=0.197  11.6 it/s
step   3000  L=0.0996  src=0.0617  tgt=0.0190  trans=0.0189  gain=+0.0001  |dz|=0.157  11.6 it/s
  [诊断 @ 3000] loss_correct=0.0835  loss_zero=0.1334  loss_shuffled=0.0842  loss_random=0.1354  loss_target_only=0.0836  r_basis=0.2709  |dz_transport|=0.1383  z_s_vs_enc_rel=0.0993  z_spread_rel=0.2208  gain_vs_zero=0.0499  gain_vs_shuffled=0.0007  gain_vs_target_only=0.0001
step   3050  L=0.4649  src=0.0861  tgt=0.1894  trans=0.1894  gain=+0.0000  |dz|=0.213  11.6 it/s
step   3100  L=0.1292  src=0.0821  tgt=0.0236  trans=0.0235  gain=+0.0001  |dz|=0.105  11.6 it/s
step   3150  L=0.1132  src=0.0702  tgt=0.0215  trans=0.0215  gain=+0.0000  |dz|=0.108  11.6 it/s
step   3200  L=0.1648  src=0.0632  tgt=0.0508  trans=0.0508  gain=+0.0000  |dz|=0.108  11.6 it/s
step   3250  L=0.0920  src=0.0578  tgt=0.0170  trans=0.0171  gain=-0.0000  |dz|=0.110  11.6 it/s
step   3300  L=0.3434  src=0.0664  tgt=0.1387  trans=0.1384  gain=+0.0003  |dz|=0.246  11.6 it/s
step   3350  L=0.5607  src=0.0779  tgt=0.2413  trans=0.2414  gain=-0.0000  |dz|=0.252  11.6 it/s
step   3400  L=0.1349  src=0.0835  tgt=0.0257  trans=0.0257  gain=+0.0001  |dz|=0.164  11.6 it/s
step   3450  L=0.1118  src=0.0502  tgt=0.0308  trans=0.0308  gain=+0.0000  |dz|=0.106  11.6 it/s
step   3500  L=0.1006  src=0.0340  tgt=0.0333  trans=0.0333  gain=-0.0000  |dz|=0.108  11.6 it/s
step   3550  L=0.3884  src=0.0517  tgt=0.1683  trans=0.1684  gain=-0.0001  |dz|=0.251  11.6 it/s
step   3600  L=0.1453  src=0.0527  tgt=0.0463  trans=0.0463  gain=+0.0001  |dz|=0.164  11.6 it/s
step   3650  L=0.1275  src=0.0460  tgt=0.0408  trans=0.0407  gain=+0.0001  |dz|=0.160  11.6 it/s
step   3700  L=0.2699  src=0.0739  tgt=0.0980  trans=0.0981  gain=-0.0001  |dz|=0.257  11.6 it/s
step   3750  L=0.0782  src=0.0343  tgt=0.0220  trans=0.0219  gain=+0.0001  |dz|=0.172  11.6 it/s
step   3800  L=0.2857  src=0.0671  tgt=0.1092  trans=0.1095  gain=-0.0003  |dz|=0.344  11.6 it/s
step   3850  L=0.1228  src=0.0271  tgt=0.0478  trans=0.0479  gain=-0.0000  |dz|=0.111  11.6 it/s
step   3900  L=0.1821  src=0.0605  tgt=0.0608  trans=0.0608  gain=+0.0000  |dz|=0.108  11.6 it/s
step   3950  L=0.4856  src=0.0563  tgt=0.2147  trans=0.2146  gain=+0.0000  |dz|=0.263  11.6 it/s
step   4000  L=0.1090  src=0.0336  tgt=0.0377  trans=0.0377  gain=+0.0000  |dz|=0.108  11.6 it/s
  [诊断 @ 4000] loss_correct=0.0896  loss_zero=0.1233  loss_shuffled=0.0902  loss_random=0.1271  loss_target_only=0.0897  r_basis=0.2293  |dz_transport|=0.1555  z_s_vs_enc_rel=0.1979  z_spread_rel=0.3184  gain_vs_zero=0.0337  gain_vs_shuffled=0.0006  gain_vs_target_only=0.0001
step   4050  L=0.0932  src=0.0472  tgt=0.0230  trans=0.0229  gain=+0.0001  |dz|=0.149  11.6 it/s
step   4100  L=0.0842  src=0.0440  tgt=0.0200  trans=0.0202  gain=-0.0001  |dz|=0.152  11.6 it/s
step   4150  L=0.0717  src=0.0352  tgt=0.0182  trans=0.0183  gain=-0.0001  |dz|=0.147  11.6 it/s
step   4200  L=0.4186  src=0.0440  tgt=0.1874  trans=0.1872  gain=+0.0002  |dz|=0.241  11.6 it/s
step   4250  L=0.1328  src=0.0588  tgt=0.0369  trans=0.0370  gain=-0.0000  |dz|=0.149  11.5 it/s
step   4300  L=0.3054  src=0.0469  tgt=0.1292  trans=0.1292  gain=-0.0000  |dz|=0.264  11.5 it/s
step   4350  L=0.1158  src=0.0479  tgt=0.0340  trans=0.0339  gain=+0.0001  |dz|=0.152  11.5 it/s
step   4400  L=0.1102  src=0.0564  tgt=0.0269  trans=0.0269  gain=+0.0000  |dz|=0.151  11.5 it/s
step   4450  L=0.1206  src=0.0701  tgt=0.0252  trans=0.0252  gain=-0.0000  |dz|=0.106  11.5 it/s
step   4500  L=0.1717  src=0.0870  tgt=0.0424  trans=0.0424  gain=-0.0000  |dz|=0.140  11.5 it/s
step   4550  L=0.0849  src=0.0469  tgt=0.0190  trans=0.0190  gain=+0.0000  |dz|=0.140  11.5 it/s
step   4600  L=0.1400  src=0.0706  tgt=0.0346  trans=0.0347  gain=-0.0001  |dz|=0.112  11.5 it/s
step   4650  L=0.5611  src=0.0515  tgt=0.2546  trans=0.2549  gain=-0.0003  |dz|=0.384  11.5 it/s
step   4700  L=0.1058  src=0.0540  tgt=0.0258  trans=0.0259  gain=-0.0000  |dz|=0.116  11.5 it/s
step   4750  L=0.1156  src=0.0639  tgt=0.0258  trans=0.0259  gain=-0.0000  |dz|=0.117  11.5 it/s
step   4800  L=0.3831  src=0.0370  tgt=0.1729  trans=0.1731  gain=-0.0001  |dz|=0.371  11.5 it/s
step   4850  L=0.0982  src=0.0489  tgt=0.0246  trans=0.0246  gain=-0.0000  |dz|=0.117  11.5 it/s
step   4900  L=0.4027  src=0.0714  tgt=0.1655  trans=0.1658  gain=-0.0004  |dz|=0.348  11.6 it/s
step   4950  L=0.1341  src=0.0713  tgt=0.0314  trans=0.0314  gain=-0.0000  |dz|=0.137  11.5 it/s
step   5000  L=0.3880  src=0.0804  tgt=0.1538  trans=0.1538  gain=+0.0001  |dz|=0.270  11.5 it/s
  [诊断 @ 5000] loss_correct=0.0561  loss_zero=0.0813  loss_shuffled=0.0566  loss_random=0.0836  loss_target_only=0.0561  r_basis=0.1927  |dz_transport|=0.1674  z_s_vs_enc_rel=0.3021  z_spread_rel=0.4290  gain_vs_zero=0.0252  gain_vs_shuffled=0.0005  gain_vs_target_only=0.0001
step   5050  L=0.1335  src=0.0553  tgt=0.0392  trans=0.0390  gain=+0.0002  |dz|=0.129  11.5 it/s
step   5100  L=0.0932  src=0.0622  tgt=0.0155  trans=0.0154  gain=+0.0000  |dz|=0.133  11.5 it/s
step   5150  L=0.4931  src=0.0475  tgt=0.2228  trans=0.2228  gain=-0.0000  |dz|=0.278  11.5 it/s
step   5200  L=0.1400  src=0.0586  tgt=0.0406  trans=0.0407  gain=-0.0001  |dz|=0.136  11.5 it/s
step   5250  L=0.2596  src=0.0481  tgt=0.1058  trans=0.1056  gain=+0.0002  |dz|=0.280  11.5 it/s
step   5300  L=0.4159  src=0.0716  tgt=0.1721  trans=0.1722  gain=-0.0001  |dz|=0.264  11.5 it/s
step   5350  L=0.1418  src=0.0814  tgt=0.0302  trans=0.0302  gain=+0.0000  |dz|=0.136  11.5 it/s
step   5400  L=0.0901  src=0.0471  tgt=0.0215  trans=0.0215  gain=-0.0000  |dz|=0.113  11.5 it/s
step   5450  L=0.4478  src=0.0646  tgt=0.1916  trans=0.1916  gain=-0.0000  |dz|=0.230  11.5 it/s
step   5500  L=0.0805  src=0.0363  tgt=0.0222  trans=0.0220  gain=+0.0002  |dz|=0.135  11.5 it/s
step   5550  L=0.1013  src=0.0304  tgt=0.0355  trans=0.0354  gain=+0.0000  |dz|=0.110  11.5 it/s
step   5600  L=0.0829  src=0.0352  tgt=0.0238  trans=0.0239  gain=-0.0000  |dz|=0.108  11.5 it/s
step   5650  L=0.2100  src=0.0673  tgt=0.0714  trans=0.0714  gain=+0.0000  |dz|=0.110  11.5 it/s
step   5700  L=0.1012  src=0.0578  tgt=0.0217  trans=0.0217  gain=-0.0000  |dz|=0.131  11.5 it/s
step   5750  L=0.1507  src=0.0480  tgt=0.0513  trans=0.0513  gain=+0.0000  |dz|=0.137  11.5 it/s
step   5800  L=0.3013  src=0.0500  tgt=0.1256  trans=0.1256  gain=+0.0000  |dz|=0.250  11.5 it/s
step   5850  L=0.1514  src=0.0975  tgt=0.0270  trans=0.0269  gain=+0.0001  |dz|=0.126  11.5 it/s
step   5900  L=0.1040  src=0.0559  tgt=0.0241  trans=0.0240  gain=+0.0001  |dz|=0.129  11.5 it/s
step   5950  L=0.3155  src=0.0947  tgt=0.1104  trans=0.1104  gain=+0.0000  |dz|=0.268  11.5 it/s
step   6000  L=0.0892  src=0.0370  tgt=0.0261  trans=0.0261  gain=-0.0000  |dz|=0.134  11.5 it/s
  [诊断 @ 6000] loss_correct=0.0690  loss_zero=0.0873  loss_shuffled=0.0698  loss_random=0.0891  loss_target_only=0.0691  r_basis=0.1612  |dz_transport|=0.1603  z_s_vs_enc_rel=0.4413  z_spread_rel=0.4912  gain_vs_zero=0.0183  gain_vs_shuffled=0.0008  gain_vs_target_only=0.0001
step   6050  L=0.3794  src=0.0541  tgt=0.1626  trans=0.1627  gain=-0.0000  |dz|=0.256  11.5 it/s
step   6100  L=0.4676  src=0.0568  tgt=0.2054  trans=0.2053  gain=+0.0001  |dz|=0.254  11.5 it/s
step   6150  L=0.1120  src=0.0528  tgt=0.0297  trans=0.0295  gain=+0.0001  |dz|=0.128  11.5 it/s
step   6200  L=0.1475  src=0.0884  tgt=0.0295  trans=0.0295  gain=+0.0001  |dz|=0.131  11.5 it/s
step   6250  L=0.3595  src=0.0432  tgt=0.1582  trans=0.1581  gain=+0.0000  |dz|=0.261  11.5 it/s
step   6300  L=0.0998  src=0.0417  tgt=0.0290  trans=0.0290  gain=-0.0000  |dz|=0.135  11.5 it/s
step   6350  L=0.3375  src=0.0417  tgt=0.1479  trans=0.1479  gain=-0.0000  |dz|=0.255  11.5 it/s
step   6400  L=0.1413  src=0.0854  tgt=0.0280  trans=0.0280  gain=-0.0000  |dz|=0.107  11.5 it/s
step   6450  L=0.1128  src=0.0596  tgt=0.0266  trans=0.0266  gain=-0.0000  |dz|=0.108  11.5 it/s
step   6500  L=0.4974  src=0.0976  tgt=0.1998  trans=0.1999  gain=-0.0001  |dz|=0.206  11.5 it/s
step   6550  L=0.1496  src=0.0671  tgt=0.0413  trans=0.0413  gain=+0.0000  |dz|=0.101  11.5 it/s
step   6600  L=0.3612  src=0.0837  tgt=0.1387  trans=0.1387  gain=-0.0001  |dz|=0.219  11.5 it/s
step   6650  L=0.1781  src=0.1108  tgt=0.0338  trans=0.0335  gain=+0.0003  |dz|=0.131  11.5 it/s
step   6700  L=0.1041  src=0.0558  tgt=0.0241  trans=0.0241  gain=+0.0000  |dz|=0.111  11.5 it/s
step   6750  L=0.0940  src=0.0355  tgt=0.0292  trans=0.0293  gain=-0.0001  |dz|=0.134  11.5 it/s
step   6800  L=0.1106  src=0.0534  tgt=0.0286  trans=0.0286  gain=+0.0001  |dz|=0.127  11.5 it/s
step   6850  L=0.1337  src=0.0633  tgt=0.0352  trans=0.0352  gain=-0.0000  |dz|=0.102  11.5 it/s
step   6900  L=0.2136  src=0.1261  tgt=0.0437  trans=0.0438  gain=-0.0001  |dz|=0.104  11.5 it/s
step   6950  L=0.1338  src=0.0612  tgt=0.0363  trans=0.0363  gain=+0.0000  |dz|=0.129  11.5 it/s
step   7000  L=0.1089  src=0.0533  tgt=0.0278  trans=0.0278  gain=+0.0000  |dz|=0.130  11.5 it/s
  [诊断 @ 7000] loss_correct=0.0642  loss_zero=0.0777  loss_shuffled=0.0649  loss_random=0.0792  loss_target_only=0.0642  r_basis=0.1356  |dz_transport|=0.1487  z_s_vs_enc_rel=0.5208  z_spread_rel=0.5258  gain_vs_zero=0.0135  gain_vs_shuffled=0.0007  gain_vs_target_only=0.0000
step   7050  L=0.1257  src=0.0846  tgt=0.0205  trans=0.0205  gain=+0.0000  |dz|=0.101  11.5 it/s
step   7100  L=0.1029  src=0.0505  tgt=0.0262  trans=0.0262  gain=-0.0000  |dz|=0.103  11.5 it/s
step   7150  L=0.0962  src=0.0549  tgt=0.0207  trans=0.0207  gain=-0.0000  |dz|=0.134  11.5 it/s
step   7200  L=0.1083  src=0.0669  tgt=0.0206  trans=0.0207  gain=-0.0001  |dz|=0.124  11.5 it/s
step   7250  L=0.0826  src=0.0336  tgt=0.0245  trans=0.0245  gain=+0.0000  |dz|=0.100  11.5 it/s
step   7300  L=0.1247  src=0.0600  tgt=0.0323  trans=0.0323  gain=+0.0000  |dz|=0.101  11.5 it/s
step   7350  L=0.3567  src=0.0708  tgt=0.1429  trans=0.1429  gain=+0.0000  |dz|=0.239  11.5 it/s
step   7400  L=0.1663  src=0.0892  tgt=0.0386  trans=0.0385  gain=+0.0001  |dz|=0.121  11.5 it/s
step   7450  L=0.1015  src=0.0663  tgt=0.0176  trans=0.0176  gain=+0.0000  |dz|=0.121  11.5 it/s
step   7500  L=0.1332  src=0.0606  tgt=0.0363  trans=0.0363  gain=+0.0001  |dz|=0.125  11.5 it/s
step   7550  L=0.1615  src=0.0762  tgt=0.0426  trans=0.0427  gain=-0.0001  |dz|=0.106  11.5 it/s
step   7600  L=0.4015  src=0.0849  tgt=0.1583  trans=0.1583  gain=-0.0000  |dz|=0.255  11.5 it/s
step   7650  L=0.1561  src=0.1009  tgt=0.0276  trans=0.0276  gain=+0.0001  |dz|=0.129  11.5 it/s
step   7700  L=0.3643  src=0.0667  tgt=0.1488  trans=0.1489  gain=-0.0001  |dz|=0.232  11.5 it/s
step   7750  L=0.1358  src=0.0955  tgt=0.0201  trans=0.0202  gain=-0.0001  |dz|=0.127  11.5 it/s
step   7800  L=0.1520  src=0.0536  tgt=0.0492  trans=0.0492  gain=-0.0000  |dz|=0.100  11.5 it/s
step   7850  L=0.1048  src=0.0594  tgt=0.0227  trans=0.0227  gain=+0.0000  |dz|=0.127  11.5 it/s
step   7900  L=0.3894  src=0.0508  tgt=0.1693  trans=0.1693  gain=-0.0000  |dz|=0.213  11.5 it/s
step   7950  L=0.1043  src=0.0408  tgt=0.0318  trans=0.0318  gain=+0.0000  |dz|=0.103  11.5 it/s
step   8000  L=0.3582  src=0.0837  tgt=0.1374  trans=0.1372  gain=+0.0002  |dz|=0.222  11.5 it/s
  [诊断 @ 8000] loss_correct=0.1083  loss_zero=0.1170  loss_shuffled=0.1094  loss_random=0.1175  loss_target_only=0.1083  r_basis=0.1071  |dz_transport|=0.1739  z_s_vs_enc_rel=0.8091  z_spread_rel=0.7113  gain_vs_zero=0.0087  gain_vs_shuffled=0.0012  gain_vs_target_only=0.0000
step   8050  L=0.4630  src=0.0897  tgt=0.1865  trans=0.1867  gain=-0.0002  |dz|=0.218  11.5 it/s
step   8100  L=0.4083  src=0.0442  tgt=0.1820  trans=0.1821  gain=-0.0000  |dz|=0.211  11.5 it/s
step   8150  L=0.1840  src=0.0723  tgt=0.0558  trans=0.0559  gain=-0.0001  |dz|=0.106  11.5 it/s
step   8200  L=0.1484  src=0.0453  tgt=0.0515  trans=0.0515  gain=+0.0000  |dz|=0.099  11.5 it/s
step   8250  L=0.1255  src=0.0518  tgt=0.0368  trans=0.0368  gain=+0.0000  |dz|=0.100  11.5 it/s
step   8300  L=0.3067  src=0.0650  tgt=0.1209  trans=0.1208  gain=+0.0001  |dz|=0.194  11.5 it/s
step   8350  L=0.2661  src=0.0544  tgt=0.1058  trans=0.1058  gain=-0.0000  |dz|=0.203  11.5 it/s
step   8400  L=0.0956  src=0.0511  tgt=0.0222  trans=0.0222  gain=-0.0000  |dz|=0.122  11.5 it/s
step   8450  L=0.0881  src=0.0471  tgt=0.0205  trans=0.0205  gain=-0.0000  |dz|=0.097  11.5 it/s
step   8500  L=0.1152  src=0.0699  tgt=0.0226  trans=0.0226  gain=-0.0000  |dz|=0.099  11.5 it/s
step   8550  L=0.1191  src=0.0604  tgt=0.0293  trans=0.0294  gain=-0.0001  |dz|=0.096  11.5 it/s
step   8600  L=0.1083  src=0.0474  tgt=0.0304  trans=0.0304  gain=-0.0000  |dz|=0.113  11.5 it/s
step   8650  L=0.4080  src=0.1189  tgt=0.1445  trans=0.1445  gain=-0.0000  |dz|=0.210  11.5 it/s
step   8700  L=0.0757  src=0.0409  tgt=0.0174  trans=0.0174  gain=+0.0000  |dz|=0.117  11.5 it/s
step   8750  L=0.1349  src=0.0721  tgt=0.0314  trans=0.0314  gain=-0.0000  |dz|=0.122  11.5 it/s
step   8800  L=0.4047  src=0.0451  tgt=0.1798  trans=0.1798  gain=-0.0001  |dz|=0.186  11.5 it/s
step   8850  L=0.4447  src=0.0600  tgt=0.1924  trans=0.1923  gain=+0.0000  |dz|=0.203  11.5 it/s
step   8900  L=0.1188  src=0.0555  tgt=0.0317  trans=0.0317  gain=-0.0000  |dz|=0.090  11.5 it/s
step   8950  L=0.4216  src=0.0471  tgt=0.1872  trans=0.1872  gain=+0.0000  |dz|=0.227  11.5 it/s
step   9000  L=0.0949  src=0.0497  tgt=0.0227  trans=0.0226  gain=+0.0001  |dz|=0.097  11.5 it/s
  [诊断 @ 9000] loss_correct=0.0978  loss_zero=0.1039  loss_shuffled=0.0987  loss_random=0.1048  loss_target_only=0.0978  r_basis=0.0872  |dz_transport|=0.1607  z_s_vs_enc_rel=0.9108  z_spread_rel=0.7470  gain_vs_zero=0.0061  gain_vs_shuffled=0.0008  gain_vs_target_only=0.0000
step   9050  L=0.1303  src=0.0794  tgt=0.0255  trans=0.0255  gain=+0.0000  |dz|=0.096  11.5 it/s
step   9100  L=0.4014  src=0.0442  tgt=0.1786  trans=0.1785  gain=+0.0001  |dz|=0.201  11.5 it/s
step   9150  L=0.0753  src=0.0313  tgt=0.0220  trans=0.0220  gain=+0.0000  |dz|=0.092  11.5 it/s
step   9200  L=0.4049  src=0.0632  tgt=0.1709  trans=0.1708  gain=+0.0000  |dz|=0.196  11.5 it/s
step   9250  L=0.1196  src=0.0452  tgt=0.0372  trans=0.0372  gain=-0.0000  |dz|=0.091  11.5 it/s
step   9300  L=0.3619  src=0.0459  tgt=0.1581  trans=0.1579  gain=+0.0002  |dz|=0.180  11.5 it/s
step   9350  L=0.2095  src=0.0929  tgt=0.0583  trans=0.0583  gain=+0.0000  |dz|=0.091  11.5 it/s
step   9400  L=0.3602  src=0.0380  tgt=0.1611  trans=0.1611  gain=+0.0000  |dz|=0.192  11.5 it/s
step   9450  L=0.3763  src=0.0740  tgt=0.1511  trans=0.1512  gain=-0.0000  |dz|=0.191  11.5 it/s
step   9500  L=0.0862  src=0.0448  tgt=0.0207  trans=0.0207  gain=+0.0000  |dz|=0.088  11.5 it/s
step   9550  L=0.1807  src=0.1199  tgt=0.0304  trans=0.0304  gain=+0.0000  |dz|=0.085  11.5 it/s
step   9600  L=0.1266  src=0.0689  tgt=0.0289  trans=0.0289  gain=+0.0000  |dz|=0.086  11.5 it/s
step   9650  L=0.1264  src=0.0772  tgt=0.0246  trans=0.0245  gain=+0.0001  |dz|=0.114  11.5 it/s
step   9700  L=0.4421  src=0.0578  tgt=0.1922  trans=0.1920  gain=+0.0002  |dz|=0.207  11.5 it/s
step   9750  L=0.4733  src=0.0648  tgt=0.2042  trans=0.2043  gain=-0.0000  |dz|=0.243  11.5 it/s
step   9800  L=0.2659  src=0.0308  tgt=0.1175  trans=0.1176  gain=-0.0001  |dz|=0.227  11.5 it/s
step   9850  L=0.1426  src=0.0881  tgt=0.0273  trans=0.0272  gain=+0.0001  |dz|=0.115  11.5 it/s
step   9900  L=0.0695  src=0.0348  tgt=0.0174  trans=0.0173  gain=+0.0000  |dz|=0.089  11.5 it/s
step   9950  L=0.0914  src=0.0343  tgt=0.0285  trans=0.0285  gain=+0.0000  |dz|=0.090  11.5 it/s
step  10000  L=0.2263  src=0.0514  tgt=0.0876  trans=0.0874  gain=+0.0001  |dz|=0.184  11.5 it/s
  [诊断 @ 10000] loss_correct=0.0844  loss_zero=0.0897  loss_shuffled=0.0849  loss_random=0.0906  loss_target_only=0.0844  r_basis=0.0801  |dz_transport|=0.1481  z_s_vs_enc_rel=0.8830  z_spread_rel=0.7798  gain_vs_zero=0.0054  gain_vs_shuffled=0.0005  gain_vs_target_only=0.0000
  已保存 C:\T1D Meta Learning\code\python\meta-diffusion\checkpoints\cifar_ds3_step10000.pt
step  10050  L=0.0913  src=0.0488  tgt=0.0213  trans=0.0213  gain=-0.0000  |dz|=0.085  11.5 it/s
step  10100  L=0.1358  src=0.0741  tgt=0.0309  trans=0.0308  gain=+0.0001  |dz|=0.088  11.5 it/s
step  10150  L=0.4374  src=0.0432  tgt=0.1971  trans=0.1971  gain=-0.0000  |dz|=0.186  11.5 it/s
step  10200  L=0.0573  src=0.0344  tgt=0.0115  trans=0.0115  gain=-0.0000  |dz|=0.111  11.5 it/s
step  10250  L=0.2646  src=0.0442  tgt=0.1103  trans=0.1102  gain=+0.0001  |dz|=0.181  11.5 it/s
step  10300  L=0.1276  src=0.0595  tgt=0.0341  trans=0.0340  gain=+0.0000  |dz|=0.117  11.5 it/s
step  10350  L=0.4247  src=0.0523  tgt=0.1862  trans=0.1862  gain=-0.0000  |dz|=0.171  11.5 it/s
step  10400  L=0.1470  src=0.0730  tgt=0.0370  trans=0.0370  gain=+0.0000  |dz|=0.114  11.5 it/s
step  10450  L=0.4298  src=0.0385  tgt=0.1956  trans=0.1957  gain=-0.0000  |dz|=0.193  11.5 it/s
step  10500  L=0.1932  src=0.0750  tgt=0.0591  trans=0.0591  gain=-0.0000  |dz|=0.085  11.5 it/s
step  10550  L=0.1471  src=0.0602  tgt=0.0435  trans=0.0435  gain=+0.0001  |dz|=0.087  11.5 it/s
step  10600  L=0.1509  src=0.0795  tgt=0.0357  trans=0.0357  gain=-0.0000  |dz|=0.086  11.5 it/s
step  10650  L=0.1171  src=0.0556  tgt=0.0307  trans=0.0307  gain=-0.0000  |dz|=0.110  11.5 it/s
step  10700  L=0.1031  src=0.0441  tgt=0.0296  trans=0.0294  gain=+0.0001  |dz|=0.076  11.5 it/s
step  10750  L=0.0972  src=0.0302  tgt=0.0335  trans=0.0335  gain=+0.0000  |dz|=0.106  11.5 it/s
step  10800  L=0.3969  src=0.0745  tgt=0.1612  trans=0.1611  gain=+0.0001  |dz|=0.199  11.5 it/s
step  10850  L=0.1229  src=0.0687  tgt=0.0271  trans=0.0271  gain=+0.0001  |dz|=0.081  11.5 it/s
step  10900  L=0.0947  src=0.0457  tgt=0.0245  trans=0.0245  gain=-0.0001  |dz|=0.083  11.5 it/s
step  10950  L=0.4812  src=0.0767  tgt=0.2024  trans=0.2021  gain=+0.0004  |dz|=0.192  11.5 it/s
step  11000  L=0.1238  src=0.0443  tgt=0.0397  trans=0.0397  gain=+0.0000  |dz|=0.083  11.5 it/s
  [诊断 @ 11000] loss_correct=0.0751  loss_zero=0.0788  loss_shuffled=0.0765  loss_random=0.0792  loss_target_only=0.0751  r_basis=0.0643  |dz_transport|=0.1377  z_s_vs_enc_rel=1.0370  z_spread_rel=0.9054  gain_vs_zero=0.0037  gain_vs_shuffled=0.0014  gain_vs_target_only=0.0000
step  11050  L=0.1049  src=0.0553  tgt=0.0248  trans=0.0248  gain=+0.0000  |dz|=0.081  11.5 it/s
step  11100  L=0.3873  src=0.0410  tgt=0.1731  trans=0.1731  gain=+0.0000  |dz|=0.190  11.5 it/s
step  11150  L=0.1365  src=0.0599  tgt=0.0383  trans=0.0383  gain=+0.0000  |dz|=0.106  11.5 it/s
step  11200  L=0.0812  src=0.0282  tgt=0.0265  trans=0.0265  gain=+0.0000  |dz|=0.080  11.5 it/s
step  11250  L=0.4259  src=0.0765  tgt=0.1747  trans=0.1747  gain=-0.0000  |dz|=0.175  11.6 it/s
step  11300  L=0.3041  src=0.0709  tgt=0.1166  trans=0.1166  gain=-0.0000  |dz|=0.174  11.6 it/s
step  11350  L=0.0744  src=0.0348  tgt=0.0199  trans=0.0198  gain=+0.0001  |dz|=0.099  11.6 it/s
step  11400  L=0.4800  src=0.0789  tgt=0.2006  trans=0.2005  gain=+0.0000  |dz|=0.208  11.6 it/s
step  11450  L=0.4398  src=0.0760  tgt=0.1819  trans=0.1819  gain=+0.0000  |dz|=0.202  11.6 it/s
step  11500  L=0.1466  src=0.0587  tgt=0.0439  trans=0.0439  gain=+0.0000  |dz|=0.073  11.6 it/s
step  11550  L=0.1776  src=0.0879  tgt=0.0448  trans=0.0449  gain=-0.0000  |dz|=0.069  11.6 it/s
step  11600  L=0.4531  src=0.0937  tgt=0.1796  trans=0.1798  gain=-0.0002  |dz|=0.157  11.6 it/s
step  11650  L=0.3190  src=0.0493  tgt=0.1349  trans=0.1348  gain=+0.0000  |dz|=0.171  11.6 it/s
step  11700  L=0.2862  src=0.0779  tgt=0.1042  trans=0.1041  gain=+0.0000  |dz|=0.172  11.6 it/s
step  11750  L=0.1199  src=0.0724  tgt=0.0238  trans=0.0237  gain=+0.0001  |dz|=0.073  11.6 it/s
step  11800  L=0.0962  src=0.0484  tgt=0.0239  trans=0.0238  gain=+0.0001  |dz|=0.103  11.6 it/s
step  11850  L=0.1275  src=0.0652  tgt=0.0311  trans=0.0311  gain=-0.0000  |dz|=0.069  11.6 it/s
step  11900  L=0.3007  src=0.0419  tgt=0.1295  trans=0.1294  gain=+0.0001  |dz|=0.150  11.6 it/s
step  11950  L=0.3511  src=0.0613  tgt=0.1449  trans=0.1449  gain=-0.0000  |dz|=0.164  11.6 it/s
step  12000  L=0.1474  src=0.0760  tgt=0.0357  trans=0.0357  gain=-0.0000  |dz|=0.095  11.6 it/s
  [诊断 @ 12000] loss_correct=0.1489  loss_zero=0.1506  loss_shuffled=0.1495  loss_random=0.1510  loss_target_only=0.1489  r_basis=0.0452  |dz_transport|=0.1568  z_s_vs_enc_rel=1.3685  z_spread_rel=0.6349  gain_vs_zero=0.0017  gain_vs_shuffled=0.0006  gain_vs_target_only=0.0000
step  12050  L=0.0884  src=0.0489  tgt=0.0198  trans=0.0198  gain=-0.0000  |dz|=0.098  11.6 it/s
step  12100  L=0.1049  src=0.0488  tgt=0.0281  trans=0.0280  gain=+0.0001  |dz|=0.069  11.6 it/s
step  12150  L=0.1363  src=0.0813  tgt=0.0275  trans=0.0275  gain=-0.0000  |dz|=0.067  11.6 it/s
step  12200  L=0.4040  src=0.0609  tgt=0.1715  trans=0.1716  gain=-0.0000  |dz|=0.169  11.6 it/s
step  12250  L=0.2276  src=0.1226  tgt=0.0525  trans=0.0525  gain=-0.0000  |dz|=0.097  11.6 it/s
step  12300  L=0.4445  src=0.0771  tgt=0.1837  trans=0.1837  gain=+0.0000  |dz|=0.166  11.6 it/s
step  12350  L=0.0917  src=0.0475  tgt=0.0221  trans=0.0221  gain=-0.0000  |dz|=0.101  11.6 it/s
step  12400  L=0.1222  src=0.0682  tgt=0.0270  trans=0.0270  gain=+0.0000  |dz|=0.102  11.6 it/s
step  12450  L=0.1417  src=0.0561  tgt=0.0428  trans=0.0427  gain=+0.0001  |dz|=0.098  11.6 it/s
step  12500  L=0.2257  src=0.0949  tgt=0.0653  trans=0.0655  gain=-0.0002  |dz|=0.070  11.6 it/s
step  12550  L=0.3423  src=0.0304  tgt=0.1561  trans=0.1559  gain=+0.0001  |dz|=0.222  11.6 it/s
step  12600  L=0.1005  src=0.0527  tgt=0.0239  trans=0.0239  gain=+0.0000  |dz|=0.067  11.6 it/s
step  12650  L=0.1002  src=0.0295  tgt=0.0353  trans=0.0353  gain=+0.0000  |dz|=0.064  11.6 it/s
step  12700  L=0.1386  src=0.0635  tgt=0.0375  trans=0.0376  gain=-0.0001  |dz|=0.066  11.6 it/s
step  12750  L=0.1154  src=0.0511  tgt=0.0321  trans=0.0321  gain=-0.0000  |dz|=0.069  11.6 it/s
step  12800  L=0.0857  src=0.0403  tgt=0.0228  trans=0.0227  gain=+0.0001  |dz|=0.098  11.6 it/s
step  12850  L=0.3874  src=0.0331  tgt=0.1772  trans=0.1771  gain=+0.0000  |dz|=0.179  11.6 it/s
step  12900  L=0.1168  src=0.0584  tgt=0.0292  trans=0.0292  gain=+0.0000  |dz|=0.101  11.6 it/s
step  12950  L=0.1078  src=0.0358  tgt=0.0361  trans=0.0360  gain=+0.0001  |dz|=0.099  11.6 it/s
step  13000  L=0.1155  src=0.0503  tgt=0.0326  trans=0.0326  gain=-0.0000  |dz|=0.070  11.6 it/s
  [诊断 @ 13000] loss_correct=0.1331  loss_zero=0.1350  loss_shuffled=0.1347  loss_random=0.1355  loss_target_only=0.1331  r_basis=0.0468  |dz_transport|=0.1478  z_s_vs_enc_rel=1.4209  z_spread_rel=0.8540  gain_vs_zero=0.0019  gain_vs_shuffled=0.0017  gain_vs_target_only=0.0000
step  13050  L=0.1059  src=0.0503  tgt=0.0278  trans=0.0278  gain=+0.0000  |dz|=0.070  11.6 it/s
step  13100  L=0.1278  src=0.0738  tgt=0.0270  trans=0.0270  gain=-0.0000  |dz|=0.110  11.6 it/s
step  13150  L=0.3634  src=0.0489  tgt=0.1573  trans=0.1572  gain=+0.0001  |dz|=0.159  11.6 it/s
step  13200  L=0.4127  src=0.0615  tgt=0.1756  trans=0.1756  gain=-0.0000  |dz|=0.152  11.6 it/s
step  13250  L=0.4703  src=0.0533  tgt=0.2087  trans=0.2083  gain=+0.0004  |dz|=0.319  11.6 it/s
step  13300  L=0.4181  src=0.0460  tgt=0.1855  trans=0.1866  gain=-0.0012  |dz|=0.235  11.6 it/s
step  13350  L=0.1398  src=0.0824  tgt=0.0288  trans=0.0287  gain=+0.0001  |dz|=0.087  11.6 it/s
step  13400  L=0.1168  src=0.0637  tgt=0.0266  trans=0.0266  gain=-0.0000  |dz|=0.094  11.6 it/s
step  13450  L=0.0717  src=0.0301  tgt=0.0208  trans=0.0207  gain=+0.0001  |dz|=0.094  11.6 it/s
step  13500  L=0.1631  src=0.0682  tgt=0.0474  trans=0.0475  gain=-0.0000  |dz|=0.065  11.6 it/s
step  13550  L=0.1481  src=0.0905  tgt=0.0288  trans=0.0288  gain=+0.0000  |dz|=0.065  11.6 it/s
step  13600  L=0.0870  src=0.0585  tgt=0.0142  trans=0.0143  gain=-0.0000  |dz|=0.064  11.6 it/s
step  13650  L=0.4568  src=0.0500  tgt=0.2034  trans=0.2034  gain=+0.0000  |dz|=0.167  11.6 it/s
step  13700  L=0.1307  src=0.0718  tgt=0.0295  trans=0.0294  gain=+0.0001  |dz|=0.098  11.6 it/s
step  13750  L=0.2602  src=0.0448  tgt=0.1077  trans=0.1077  gain=-0.0000  |dz|=0.162  11.6 it/s
step  13800  L=0.3151  src=0.0642  tgt=0.1254  trans=0.1255  gain=-0.0000  |dz|=0.164  11.6 it/s
step  13850  L=0.1747  src=0.0641  tgt=0.0553  trans=0.0553  gain=-0.0000  |dz|=0.062  11.6 it/s
step  13900  L=0.1161  src=0.0555  tgt=0.0303  trans=0.0303  gain=+0.0000  |dz|=0.098  11.6 it/s
step  13950  L=0.1105  src=0.0424  tgt=0.0341  trans=0.0341  gain=+0.0001  |dz|=0.064  11.6 it/s
step  14000  L=0.1761  src=0.0996  tgt=0.0383  trans=0.0382  gain=+0.0001  |dz|=0.102  11.6 it/s
  [诊断 @ 14000] loss_correct=0.1179  loss_zero=0.1197  loss_shuffled=0.1203  loss_random=0.1202  loss_target_only=0.1179  r_basis=0.0442  |dz_transport|=0.1338  z_s_vs_enc_rel=1.4902  z_spread_rel=1.0034  gain_vs_zero=0.0018  gain_vs_shuffled=0.0024  gain_vs_target_only=0.0000
step  14050  L=0.0876  src=0.0545  tgt=0.0165  trans=0.0165  gain=-0.0000  |dz|=0.064  11.6 it/s
step  14100  L=0.1430  src=0.0597  tgt=0.0417  trans=0.0416  gain=+0.0002  |dz|=0.100  11.6 it/s
step  14150  L=0.1394  src=0.0564  tgt=0.0415  trans=0.0415  gain=+0.0000  |dz|=0.063  11.6 it/s
step  14200  L=0.2863  src=0.0328  tgt=0.1268  trans=0.1267  gain=+0.0001  |dz|=0.166  11.6 it/s
step  14250  L=0.1167  src=0.0524  tgt=0.0322  trans=0.0322  gain=+0.0000  |dz|=0.055  11.6 it/s
step  14300  L=0.3778  src=0.0599  tgt=0.1589  trans=0.1589  gain=-0.0000  |dz|=0.154  11.6 it/s
step  14350  L=0.0570  src=0.0305  tgt=0.0132  trans=0.0132  gain=-0.0000  |dz|=0.091  11.6 it/s
step  14400  L=0.2375  src=0.0439  tgt=0.0968  trans=0.0968  gain=+0.0001  |dz|=0.155  11.6 it/s
step  14450  L=0.0616  src=0.0437  tgt=0.0089  trans=0.0090  gain=-0.0001  |dz|=0.061  11.6 it/s
step  14500  L=0.2280  src=0.0251  tgt=0.1014  trans=0.1014  gain=+0.0000  |dz|=0.153  11.6 it/s
step  14550  L=0.1384  src=0.0563  tgt=0.0411  trans=0.0411  gain=-0.0000  |dz|=0.062  11.6 it/s
step  14600  L=0.4337  src=0.0494  tgt=0.1922  trans=0.1921  gain=+0.0000  |dz|=0.160  11.6 it/s
step  14650  L=0.5196  src=0.0554  tgt=0.2322  trans=0.2321  gain=+0.0001  |dz|=0.160  11.6 it/s
step  14700  L=0.0831  src=0.0505  tgt=0.0163  trans=0.0163  gain=+0.0000  |dz|=0.097  11.6 it/s
step  14750  L=0.1267  src=0.0661  tgt=0.0303  trans=0.0303  gain=-0.0000  |dz|=0.096  11.6 it/s
step  14800  L=0.1120  src=0.0378  tgt=0.0371  trans=0.0371  gain=-0.0000  |dz|=0.064  11.6 it/s
step  14850  L=0.0810  src=0.0423  tgt=0.0193  trans=0.0193  gain=+0.0000  |dz|=0.098  11.6 it/s
step  14900  L=0.2766  src=0.0548  tgt=0.1109  trans=0.1109  gain=-0.0000  |dz|=0.156  11.6 it/s
step  14950  L=0.1784  src=0.0945  tgt=0.0419  trans=0.0420  gain=-0.0001  |dz|=0.060  11.6 it/s
step  15000  L=0.1013  src=0.0544  tgt=0.0235  trans=0.0235  gain=+0.0000  |dz|=0.092  11.6 it/s
  [诊断 @ 15000] loss_correct=0.0552  loss_zero=0.0569  loss_shuffled=0.0564  loss_random=0.0573  loss_target_only=0.0553  r_basis=0.0429  |dz_transport|=0.0877  z_s_vs_enc_rel=0.9669  z_spread_rel=0.8131  gain_vs_zero=0.0017  gain_vs_shuffled=0.0011  gain_vs_target_only=0.0000
step  15050  L=0.1365  src=0.0987  tgt=0.0189  trans=0.0188  gain=+0.0001  |dz|=0.092  11.6 it/s
step  15100  L=0.1042  src=0.0335  tgt=0.0354  trans=0.0353  gain=+0.0000  |dz|=0.093  11.6 it/s
step  15150  L=0.1211  src=0.0478  tgt=0.0367  trans=0.0366  gain=+0.0001  |dz|=0.093  11.6 it/s
step  15200  L=0.0672  src=0.0353  tgt=0.0160  trans=0.0160  gain=+0.0000  |dz|=0.063  11.6 it/s
step  15250  L=0.1376  src=0.0893  tgt=0.0242  trans=0.0241  gain=+0.0000  |dz|=0.064  11.6 it/s
step  15300  L=0.0933  src=0.0516  tgt=0.0209  trans=0.0209  gain=-0.0000  |dz|=0.094  11.6 it/s
step  15350  L=0.0674  src=0.0256  tgt=0.0209  trans=0.0209  gain=+0.0000  |dz|=0.094  11.6 it/s
step  15400  L=0.0926  src=0.0478  tgt=0.0225  trans=0.0223  gain=+0.0001  |dz|=0.062  11.6 it/s
step  15450  L=0.6585  src=0.0741  tgt=0.2922  trans=0.2922  gain=-0.0000  |dz|=0.150  11.6 it/s
step  15500  L=0.1346  src=0.0869  tgt=0.0238  trans=0.0238  gain=+0.0000  |dz|=0.063  11.6 it/s
step  15550  L=0.1132  src=0.0604  tgt=0.0264  trans=0.0264  gain=-0.0000  |dz|=0.095  11.6 it/s
step  15600  L=0.0952  src=0.0517  tgt=0.0218  trans=0.0218  gain=+0.0000  |dz|=0.064  11.6 it/s
step  15650  L=0.4520  src=0.0487  tgt=0.2017  trans=0.2016  gain=+0.0001  |dz|=0.138  11.6 it/s
step  15700  L=0.1308  src=0.0617  tgt=0.0345  trans=0.0346  gain=-0.0000  |dz|=0.088  11.6 it/s
step  15750  L=0.1034  src=0.0411  tgt=0.0311  trans=0.0311  gain=+0.0000  |dz|=0.088  11.6 it/s
step  15800  L=0.4089  src=0.0703  tgt=0.1693  trans=0.1692  gain=+0.0001  |dz|=0.132  11.6 it/s
step  15850  L=0.3780  src=0.0692  tgt=0.1544  trans=0.1544  gain=+0.0000  |dz|=0.138  11.6 it/s
step  15900  L=0.1442  src=0.0889  tgt=0.0277  trans=0.0276  gain=+0.0001  |dz|=0.090  11.6 it/s
step  15950  L=0.0874  src=0.0486  tgt=0.0194  trans=0.0194  gain=+0.0000  |dz|=0.063  11.6 it/s
step  16000  L=0.1308  src=0.0662  tgt=0.0324  trans=0.0323  gain=+0.0001  |dz|=0.062  11.6 it/s
  [诊断 @ 16000] loss_correct=0.0504  loss_zero=0.0520  loss_shuffled=0.0514  loss_random=0.0523  loss_target_only=0.0504  r_basis=0.0398  |dz_transport|=0.0929  z_s_vs_enc_rel=1.1545  z_spread_rel=0.8097  gain_vs_zero=0.0016  gain_vs_shuffled=0.0010  gain_vs_target_only=0.0000
step  16050  L=0.1329  src=0.0749  tgt=0.0290  trans=0.0290  gain=-0.0000  |dz|=0.088  11.6 it/s
step  16100  L=0.0944  src=0.0450  tgt=0.0247  trans=0.0247  gain=+0.0001  |dz|=0.059  11.6 it/s
step  16150  L=0.3937  src=0.0467  tgt=0.1735  trans=0.1735  gain=+0.0000  |dz|=0.137  11.6 it/s
step  16200  L=0.1002  src=0.0442  tgt=0.0280  trans=0.0280  gain=-0.0001  |dz|=0.061  11.6 it/s
step  16250  L=0.4415  src=0.0522  tgt=0.1947  trans=0.1946  gain=+0.0001  |dz|=0.167  11.6 it/s
step  16300  L=0.1133  src=0.0699  tgt=0.0217  trans=0.0217  gain=+0.0001  |dz|=0.061  11.6 it/s
step  16350  L=0.1105  src=0.0517  tgt=0.0294  trans=0.0294  gain=-0.0000  |dz|=0.061  11.6 it/s
step  16400  L=0.1366  src=0.0663  tgt=0.0351  trans=0.0351  gain=+0.0000  |dz|=0.093  11.6 it/s
step  16450  L=0.1123  src=0.0577  tgt=0.0272  trans=0.0273  gain=-0.0000  |dz|=0.062  11.6 it/s
step  16500  L=0.1228  src=0.0720  tgt=0.0255  trans=0.0253  gain=+0.0002  |dz|=0.097  11.6 it/s
step  16550  L=0.1250  src=0.0576  tgt=0.0337  trans=0.0336  gain=+0.0001  |dz|=0.057  11.6 it/s
step  16600  L=0.4278  src=0.1117  tgt=0.1581  trans=0.1581  gain=+0.0000  |dz|=0.140  11.6 it/s
step  16650  L=0.1465  src=0.0816  tgt=0.0325  trans=0.0324  gain=+0.0000  |dz|=0.093  11.6 it/s
step  16700  L=0.1307  src=0.0634  tgt=0.0336  trans=0.0337  gain=-0.0000  |dz|=0.058  11.6 it/s
step  16750  L=0.4159  src=0.0660  tgt=0.1750  trans=0.1749  gain=+0.0001  |dz|=0.158  11.6 it/s
step  16800  L=0.0756  src=0.0452  tgt=0.0152  trans=0.0152  gain=+0.0001  |dz|=0.089  11.6 it/s
step  16850  L=0.1137  src=0.0468  tgt=0.0335  trans=0.0335  gain=-0.0000  |dz|=0.061  11.6 it/s
step  16900  L=0.4094  src=0.0744  tgt=0.1675  trans=0.1675  gain=-0.0000  |dz|=0.147  11.6 it/s
step  16950  L=0.1152  src=0.0436  tgt=0.0359  trans=0.0358  gain=+0.0000  |dz|=0.094  11.6 it/s
step  17000  L=0.3086  src=0.0550  tgt=0.1269  trans=0.1268  gain=+0.0001  |dz|=0.145  11.6 it/s
  [诊断 @ 17000] loss_correct=0.0576  loss_zero=0.0590  loss_shuffled=0.0588  loss_random=0.0593  loss_target_only=0.0577  r_basis=0.0374  |dz_transport|=0.0799  z_s_vs_enc_rel=0.9937  z_spread_rel=0.8584  gain_vs_zero=0.0013  gain_vs_shuffled=0.0012  gain_vs_target_only=0.0000
step  17050  L=0.3742  src=0.0541  tgt=0.1601  trans=0.1600  gain=+0.0001  |dz|=0.140  11.6 it/s
step  17100  L=0.1559  src=0.0732  tgt=0.0414  trans=0.0413  gain=+0.0001  |dz|=0.059  11.6 it/s
step  17150  L=0.0730  src=0.0377  tgt=0.0177  trans=0.0177  gain=+0.0000  |dz|=0.057  11.6 it/s
step  17200  L=0.4631  src=0.0482  tgt=0.2075  trans=0.2074  gain=+0.0001  |dz|=0.145  11.6 it/s
step  17250  L=0.1061  src=0.0673  tgt=0.0194  trans=0.0194  gain=+0.0000  |dz|=0.059  11.6 it/s
step  17300  L=0.1580  src=0.0913  tgt=0.0334  trans=0.0333  gain=+0.0000  |dz|=0.102  11.6 it/s
step  17350  L=0.1038  src=0.0541  tgt=0.0249  trans=0.0249  gain=+0.0000  |dz|=0.093  11.6 it/s
step  17400  L=0.1221  src=0.0660  tgt=0.0280  trans=0.0281  gain=-0.0000  |dz|=0.057  11.6 it/s
step  17450  L=0.0952  src=0.0315  tgt=0.0318  trans=0.0319  gain=-0.0000  |dz|=0.060  11.6 it/s
step  17500  L=0.1354  src=0.0671  tgt=0.0342  trans=0.0341  gain=+0.0000  |dz|=0.101  11.6 it/s
step  17550  L=0.1246  src=0.0524  tgt=0.0361  trans=0.0361  gain=+0.0000  |dz|=0.059  11.6 it/s
step  17600  L=0.1053  src=0.0519  tgt=0.0267  trans=0.0267  gain=+0.0001  |dz|=0.089  11.6 it/s
step  17650  L=0.4074  src=0.0689  tgt=0.1692  trans=0.1693  gain=-0.0001  |dz|=0.129  11.6 it/s
step  17700  L=0.1060  src=0.0487  tgt=0.0287  trans=0.0286  gain=+0.0001  |dz|=0.058  11.6 it/s
step  17750  L=0.0996  src=0.0600  tgt=0.0198  trans=0.0198  gain=+0.0000  |dz|=0.060  11.6 it/s
step  17800  L=0.0805  src=0.0514  tgt=0.0146  trans=0.0145  gain=+0.0000  |dz|=0.061  11.6 it/s
step  17850  L=0.0985  src=0.0549  tgt=0.0218  trans=0.0218  gain=+0.0000  |dz|=0.093  11.6 it/s
step  17900  L=0.1473  src=0.0457  tgt=0.0508  trans=0.0509  gain=-0.0001  |dz|=0.057  11.6 it/s
step  17950  L=0.4318  src=0.0951  tgt=0.1684  trans=0.1684  gain=+0.0000  |dz|=0.130  11.6 it/s
step  18000  L=0.4057  src=0.0390  tgt=0.1834  trans=0.1833  gain=+0.0001  |dz|=0.135  11.6 it/s
  [诊断 @ 18000] loss_correct=0.0553  loss_zero=0.0565  loss_shuffled=0.0565  loss_random=0.0570  loss_target_only=0.0554  r_basis=0.0356  |dz_transport|=0.0861  z_s_vs_enc_rel=1.1343  z_spread_rel=0.9342  gain_vs_zero=0.0012  gain_vs_shuffled=0.0012  gain_vs_target_only=0.0000
step  18050  L=0.3533  src=0.0611  tgt=0.1461  trans=0.1461  gain=+0.0000  |dz|=0.136  11.6 it/s
step  18100  L=0.1443  src=0.0575  tgt=0.0434  trans=0.0434  gain=-0.0000  |dz|=0.057  11.6 it/s
step  18150  L=0.1206  src=0.0421  tgt=0.0393  trans=0.0392  gain=+0.0000  |dz|=0.057  11.6 it/s
step  18200  L=0.2562  src=0.0480  tgt=0.1041  trans=0.1041  gain=-0.0000  |dz|=0.133  11.6 it/s
step  18250  L=0.1143  src=0.0583  tgt=0.0280  trans=0.0280  gain=-0.0000  |dz|=0.091  11.6 it/s
step  18300  L=0.1183  src=0.0864  tgt=0.0160  trans=0.0160  gain=+0.0000  |dz|=0.057  11.6 it/s
step  18350  L=0.3964  src=0.0811  tgt=0.1576  trans=0.1577  gain=-0.0001  |dz|=0.132  11.6 it/s
step  18400  L=0.3890  src=0.0606  tgt=0.1642  trans=0.1642  gain=+0.0000  |dz|=0.130  11.6 it/s
step  18450  L=0.0998  src=0.0607  tgt=0.0196  trans=0.0195  gain=+0.0001  |dz|=0.088  11.6 it/s
step  18500  L=0.1159  src=0.0427  tgt=0.0366  trans=0.0366  gain=+0.0000  |dz|=0.057  11.6 it/s
step  18550  L=0.1310  src=0.0717  tgt=0.0297  trans=0.0295  gain=+0.0002  |dz|=0.091  11.6 it/s
step  18600  L=0.0812  src=0.0373  tgt=0.0220  trans=0.0219  gain=+0.0001  |dz|=0.057  11.6 it/s
step  18650  L=0.2869  src=0.0507  tgt=0.1181  trans=0.1181  gain=-0.0000  |dz|=0.129  11.6 it/s
step  18700  L=0.0902  src=0.0381  tgt=0.0260  trans=0.0261  gain=-0.0000  |dz|=0.084  11.6 it/s
step  18750  L=0.1325  src=0.0686  tgt=0.0319  trans=0.0319  gain=+0.0001  |dz|=0.084  11.6 it/s
step  18800  L=0.1378  src=0.0452  tgt=0.0463  trans=0.0463  gain=+0.0000  |dz|=0.055  11.6 it/s
step  18850  L=0.3984  src=0.0485  tgt=0.1749  trans=0.1750  gain=-0.0000  |dz|=0.124  11.6 it/s
step  18900  L=0.0799  src=0.0287  tgt=0.0256  trans=0.0256  gain=+0.0000  |dz|=0.058  11.6 it/s
step  18950  L=0.3964  src=0.0893  tgt=0.1536  trans=0.1536  gain=+0.0000  |dz|=0.141  11.6 it/s
step  19000  L=0.3264  src=0.0466  tgt=0.1399  trans=0.1399  gain=-0.0000  |dz|=0.140  11.6 it/s
  [诊断 @ 19000] loss_correct=0.0668  loss_zero=0.0679  loss_shuffled=0.0690  loss_random=0.0682  loss_target_only=0.0668  r_basis=0.0327  |dz_transport|=0.0885  z_s_vs_enc_rel=1.3020  z_spread_rel=1.1148  gain_vs_zero=0.0011  gain_vs_shuffled=0.0022  gain_vs_target_only=0.0000
step  19050  L=0.3359  src=0.0679  tgt=0.1340  trans=0.1340  gain=+0.0000  |dz|=0.130  11.6 it/s
step  19100  L=0.1186  src=0.0633  tgt=0.0277  trans=0.0276  gain=+0.0000  |dz|=0.083  11.6 it/s
step  19150  L=0.1669  src=0.0649  tgt=0.0510  trans=0.0510  gain=+0.0000  |dz|=0.051  11.6 it/s
step  19200  L=0.1152  src=0.0579  tgt=0.0286  trans=0.0287  gain=-0.0000  |dz|=0.052  11.6 it/s
step  19250  L=0.3943  src=0.0490  tgt=0.1726  trans=0.1726  gain=-0.0000  |dz|=0.130  11.6 it/s
step  19300  L=0.1466  src=0.0905  tgt=0.0280  trans=0.0281  gain=-0.0001  |dz|=0.088  11.6 it/s
step  19350  L=0.4116  src=0.0668  tgt=0.1724  trans=0.1724  gain=+0.0001  |dz|=0.130  11.6 it/s
step  19400  L=0.1190  src=0.0666  tgt=0.0262  trans=0.0262  gain=-0.0000  |dz|=0.090  11.6 it/s
step  19450  L=0.4806  src=0.0824  tgt=0.1991  trans=0.1991  gain=+0.0001  |dz|=0.144  11.6 it/s
step  19500  L=0.1141  src=0.0462  tgt=0.0340  trans=0.0340  gain=+0.0000  |dz|=0.058  11.6 it/s
step  19550  L=0.3598  src=0.0556  tgt=0.1521  trans=0.1521  gain=+0.0000  |dz|=0.137  11.6 it/s
step  19600  L=0.1470  src=0.0794  tgt=0.0338  trans=0.0338  gain=+0.0000  |dz|=0.058  11.6 it/s
step  19650  L=0.3730  src=0.0673  tgt=0.1528  trans=0.1528  gain=+0.0000  |dz|=0.127  11.6 it/s
step  19700  L=0.4921  src=0.0575  tgt=0.2173  trans=0.2173  gain=-0.0000  |dz|=0.128  11.6 it/s
step  19750  L=0.2351  src=0.0468  tgt=0.0942  trans=0.0941  gain=+0.0001  |dz|=0.130  11.6 it/s
step  19800  L=0.3802  src=0.0571  tgt=0.1616  trans=0.1615  gain=+0.0002  |dz|=0.130  11.6 it/s
step  19850  L=0.0902  src=0.0339  tgt=0.0282  trans=0.0282  gain=+0.0001  |dz|=0.058  11.6 it/s
step  19900  L=0.1290  src=0.0498  tgt=0.0396  trans=0.0396  gain=-0.0000  |dz|=0.058  11.6 it/s
step  19950  L=0.4743  src=0.0808  tgt=0.1967  trans=0.1967  gain=-0.0000  |dz|=0.121  11.6 it/s
step  20000  L=0.1103  src=0.0613  tgt=0.0245  trans=0.0245  gain=-0.0000  |dz|=0.087  11.6 it/s
  [诊断 @ 20000] loss_correct=0.0950  loss_zero=0.0960  loss_shuffled=0.0969  loss_random=0.0963  loss_target_only=0.0950  r_basis=0.0303  |dz_transport|=0.1053  z_s_vs_enc_rel=1.6481  z_spread_rel=1.1442  gain_vs_zero=0.0009  gain_vs_shuffled=0.0019  gain_vs_target_only=0.0000
  已保存 C:\T1D Meta Learning\code\python\meta-diffusion\checkpoints\cifar_ds3_step20000.pt
step  20050  L=0.0931  src=0.0576  tgt=0.0177  trans=0.0177  gain=-0.0000  |dz|=0.086  11.6 it/s
step  20100  L=0.0841  src=0.0349  tgt=0.0246  trans=0.0246  gain=+0.0001  |dz|=0.086  11.6 it/s
step  20150  L=0.1210  src=0.0867  tgt=0.0172  trans=0.0172  gain=-0.0000  |dz|=0.058  11.6 it/s
step  20200  L=0.1383  src=0.0925  tgt=0.0229  trans=0.0229  gain=-0.0000  |dz|=0.085  11.6 it/s
step  20250  L=0.3976  src=0.0938  tgt=0.1519  trans=0.1519  gain=-0.0000  |dz|=0.134  11.6 it/s
step  20300  L=0.1240  src=0.0530  tgt=0.0356  trans=0.0354  gain=+0.0002  |dz|=0.060  11.6 it/s
step  20350  L=0.3204  src=0.0388  tgt=0.1408  trans=0.1408  gain=-0.0000  |dz|=0.144  11.6 it/s
step  20400  L=0.1145  src=0.0532  tgt=0.0306  trans=0.0307  gain=-0.0000  |dz|=0.090  11.6 it/s
step  20450  L=0.3442  src=0.0537  tgt=0.1453  trans=0.1452  gain=+0.0000  |dz|=0.139  11.6 it/s
step  20500  L=0.3729  src=0.0401  tgt=0.1664  trans=0.1664  gain=+0.0000  |dz|=0.135  11.6 it/s
step  20550  L=0.3792  src=0.0397  tgt=0.1697  trans=0.1697  gain=+0.0000  |dz|=0.130  11.6 it/s
step  20600  L=0.4478  src=0.0755  tgt=0.1861  trans=0.1861  gain=+0.0000  |dz|=0.129  11.6 it/s
step  20650  L=0.0862  src=0.0418  tgt=0.0222  trans=0.0222  gain=+0.0000  |dz|=0.059  11.6 it/s
step  20700  L=0.1037  src=0.0544  tgt=0.0247  trans=0.0247  gain=+0.0000  |dz|=0.060  11.6 it/s
step  20750  L=0.4612  src=0.0530  tgt=0.2041  trans=0.2041  gain=+0.0000  |dz|=0.122  11.6 it/s
step  20800  L=0.3593  src=0.0704  tgt=0.1444  trans=0.1444  gain=-0.0000  |dz|=0.126  11.6 it/s
step  20850  L=0.1214  src=0.0621  tgt=0.0297  trans=0.0297  gain=-0.0000  |dz|=0.086  11.6 it/s
step  20900  L=0.0981  src=0.0322  tgt=0.0330  trans=0.0329  gain=+0.0001  |dz|=0.060  11.6 it/s
step  20950  L=0.3523  src=0.0444  tgt=0.1539  trans=0.1540  gain=-0.0001  |dz|=0.120  11.6 it/s
step  21000  L=0.3024  src=0.0611  tgt=0.1207  trans=0.1206  gain=+0.0000  |dz|=0.138  11.6 it/s
  [诊断 @ 21000] loss_correct=0.0852  loss_zero=0.0861  loss_shuffled=0.0880  loss_random=0.0863  loss_target_only=0.0852  r_basis=0.0315  |dz_transport|=0.0886  z_s_vs_enc_rel=1.4644  z_spread_rel=1.1822  gain_vs_zero=0.0009  gain_vs_shuffled=0.0028  gain_vs_target_only=0.0000
step  21050  L=0.0873  src=0.0364  tgt=0.0255  trans=0.0255  gain=-0.0000  |dz|=0.086  11.6 it/s
step  21100  L=0.1451  src=0.0758  tgt=0.0346  trans=0.0346  gain=-0.0000  |dz|=0.086  11.6 it/s
step  21150  L=0.5755  src=0.0365  tgt=0.2695  trans=0.2695  gain=+0.0001  |dz|=0.121  11.6 it/s
step  21200  L=0.1242  src=0.0692  tgt=0.0275  trans=0.0275  gain=+0.0001  |dz|=0.087  11.6 it/s
step  21250  L=0.4636  src=0.0460  tgt=0.2088  trans=0.2088  gain=+0.0000  |dz|=0.124  11.6 it/s
step  21300  L=0.3167  src=0.0439  tgt=0.1364  trans=0.1364  gain=-0.0001  |dz|=0.117  11.6 it/s
step  21350  L=0.1333  src=0.0749  tgt=0.0292  trans=0.0292  gain=-0.0000  |dz|=0.084  11.6 it/s
step  21400  L=0.1109  src=0.0477  tgt=0.0316  trans=0.0316  gain=+0.0000  |dz|=0.085  11.6 it/s
step  21450  L=0.1149  src=0.0736  tgt=0.0206  trans=0.0206  gain=+0.0000  |dz|=0.086  11.6 it/s
step  21500  L=0.0614  src=0.0216  tgt=0.0199  trans=0.0199  gain=-0.0000  |dz|=0.061  11.6 it/s
step  21550  L=0.1719  src=0.0875  tgt=0.0422  trans=0.0422  gain=-0.0000  |dz|=0.085  11.6 it/s
step  21600  L=0.2369  src=0.0758  tgt=0.0805  trans=0.0805  gain=+0.0000  |dz|=0.121  11.6 it/s
step  21650  L=0.1192  src=0.0557  tgt=0.0317  trans=0.0318  gain=-0.0001  |dz|=0.060  11.6 it/s
step  21700  L=0.4092  src=0.0626  tgt=0.1734  trans=0.1733  gain=+0.0001  |dz|=0.126  11.6 it/s
step  21750  L=0.1521  src=0.0946  tgt=0.0288  trans=0.0287  gain=+0.0000  |dz|=0.060  11.6 it/s
step  21800  L=0.1099  src=0.0496  tgt=0.0302  trans=0.0301  gain=+0.0001  |dz|=0.083  11.6 it/s
step  21850  L=0.1040  src=0.0384  tgt=0.0328  trans=0.0328  gain=+0.0000  |dz|=0.060  11.6 it/s
step  21900  L=0.1349  src=0.0741  tgt=0.0304  trans=0.0304  gain=-0.0000  |dz|=0.083  11.6 it/s
step  21950  L=0.1029  src=0.0502  tgt=0.0264  trans=0.0264  gain=+0.0000  |dz|=0.085  11.6 it/s
step  22000  L=0.3216  src=0.0343  tgt=0.1437  trans=0.1437  gain=+0.0000  |dz|=0.117  11.6 it/s
  [诊断 @ 22000] loss_correct=0.0863  loss_zero=0.0873  loss_shuffled=0.0891  loss_random=0.0877  loss_target_only=0.0863  r_basis=0.0321  |dz_transport|=0.0933  z_s_vs_enc_rel=1.4789  z_spread_rel=1.2281  gain_vs_zero=0.0010  gain_vs_shuffled=0.0029  gain_vs_target_only=0.0000
step  22050  L=0.1238  src=0.0555  tgt=0.0342  trans=0.0342  gain=+0.0000  |dz|=0.085  11.6 it/s
step  22100  L=0.3660  src=0.0518  tgt=0.1571  trans=0.1571  gain=-0.0000  |dz|=0.120  11.6 it/s
step  22150  L=0.3980  src=0.0701  tgt=0.1639  trans=0.1639  gain=+0.0000  |dz|=0.116  11.6 it/s
step  22200  L=0.0987  src=0.0361  tgt=0.0313  trans=0.0312  gain=+0.0000  |dz|=0.079  11.6 it/s
step  22250  L=0.1086  src=0.0484  tgt=0.0301  trans=0.0301  gain=+0.0000  |dz|=0.058  11.6 it/s
step  22300  L=0.1145  src=0.0503  tgt=0.0321  trans=0.0321  gain=+0.0000  |dz|=0.081  11.6 it/s
step  22350  L=0.1477  src=0.0849  tgt=0.0314  trans=0.0314  gain=+0.0000  |dz|=0.081  11.6 it/s
step  22400  L=0.1285  src=0.0605  tgt=0.0340  trans=0.0340  gain=+0.0000  |dz|=0.080  11.6 it/s
step  22450  L=0.1136  src=0.0717  tgt=0.0210  trans=0.0209  gain=+0.0001  |dz|=0.080  11.6 it/s
step  22500  L=0.3622  src=0.0510  tgt=0.1556  trans=0.1556  gain=+0.0000  |dz|=0.120  11.6 it/s
step  22550  L=0.1299  src=0.0520  tgt=0.0390  trans=0.0389  gain=+0.0001  |dz|=0.081  11.6 it/s
step  22600  L=0.1175  src=0.0627  tgt=0.0274  trans=0.0274  gain=-0.0000  |dz|=0.084  11.6 it/s
step  22650  L=0.4172  src=0.0653  tgt=0.1759  trans=0.1760  gain=-0.0001  |dz|=0.119  11.6 it/s
step  22700  L=0.1059  src=0.0446  tgt=0.0306  trans=0.0307  gain=-0.0001  |dz|=0.082  11.6 it/s
step  22750  L=0.1366  src=0.0885  tgt=0.0240  trans=0.0241  gain=-0.0000  |dz|=0.080  11.6 it/s
step  22800  L=0.1081  src=0.0559  tgt=0.0261  trans=0.0261  gain=-0.0000  |dz|=0.080  11.6 it/s
step  22850  L=0.5364  src=0.0709  tgt=0.2328  trans=0.2327  gain=+0.0000  |dz|=0.116  11.6 it/s
step  22900  L=0.4014  src=0.0335  tgt=0.1839  trans=0.1840  gain=-0.0001  |dz|=0.130  11.6 it/s
step  22950  L=0.5859  src=0.0579  tgt=0.2640  trans=0.2640  gain=+0.0000  |dz|=0.157  11.6 it/s
step  23000  L=0.1406  src=0.0838  tgt=0.0284  trans=0.0284  gain=+0.0000  |dz|=0.059  11.6 it/s
  [诊断 @ 23000] loss_correct=0.0823  loss_zero=0.0834  loss_shuffled=0.0847  loss_random=0.0836  loss_target_only=0.0823  r_basis=0.0324  |dz_transport|=0.0916  z_s_vs_enc_rel=1.5126  z_spread_rel=1.2217  gain_vs_zero=0.0011  gain_vs_shuffled=0.0024  gain_vs_target_only=0.0000
step  23050  L=0.1150  src=0.0480  tgt=0.0335  trans=0.0335  gain=+0.0001  |dz|=0.082  11.6 it/s
step  23100  L=0.1121  src=0.0624  tgt=0.0249  trans=0.0248  gain=+0.0001  |dz|=0.083  11.6 it/s
step  23150  L=0.3253  src=0.0643  tgt=0.1305  trans=0.1305  gain=-0.0000  |dz|=0.124  11.6 it/s
step  23200  L=0.1003  src=0.0468  tgt=0.0267  trans=0.0268  gain=-0.0000  |dz|=0.081  11.6 it/s
step  23250  L=0.1087  src=0.0524  tgt=0.0282  trans=0.0281  gain=+0.0001  |dz|=0.085  11.6 it/s
step  23300  L=0.1231  src=0.0606  tgt=0.0313  trans=0.0312  gain=+0.0000  |dz|=0.060  11.6 it/s
step  23350  L=0.1114  src=0.0700  tgt=0.0207  trans=0.0207  gain=+0.0000  |dz|=0.061  11.6 it/s
step  23400  L=0.3018  src=0.0648  tgt=0.1184  trans=0.1185  gain=-0.0000  |dz|=0.115  11.6 it/s
step  23450  L=0.0643  src=0.0350  tgt=0.0146  trans=0.0147  gain=-0.0001  |dz|=0.087  11.6 it/s
step  23500  L=0.3363  src=0.0437  tgt=0.1463  trans=0.1463  gain=-0.0000  |dz|=0.116  11.6 it/s
step  23550  L=0.3447  src=0.0575  tgt=0.1436  trans=0.1436  gain=+0.0000  |dz|=0.115  11.6 it/s
step  23600  L=0.1706  src=0.0885  tgt=0.0410  trans=0.0410  gain=+0.0000  |dz|=0.058  11.6 it/s
step  23650  L=0.4069  src=0.0337  tgt=0.1866  trans=0.1866  gain=+0.0001  |dz|=0.109  11.6 it/s
step  23700  L=0.3121  src=0.0539  tgt=0.1291  trans=0.1291  gain=-0.0000  |dz|=0.111  11.6 it/s
step  23750  L=0.2319  src=0.0506  tgt=0.0907  trans=0.0907  gain=-0.0000  |dz|=0.108  11.6 it/s
step  23800  L=0.1417  src=0.0409  tgt=0.0504  trans=0.0504  gain=+0.0000  |dz|=0.082  11.6 it/s
step  23850  L=0.1076  src=0.0419  tgt=0.0328  trans=0.0329  gain=-0.0000  |dz|=0.084  11.6 it/s
step  23900  L=0.0809  src=0.0469  tgt=0.0170  trans=0.0170  gain=+0.0000  |dz|=0.060  11.6 it/s
step  23950  L=0.4517  src=0.0571  tgt=0.1973  trans=0.1973  gain=+0.0000  |dz|=0.110  11.6 it/s
step  24000  L=0.3178  src=0.0328  tgt=0.1426  trans=0.1425  gain=+0.0001  |dz|=0.114  11.6 it/s
  [诊断 @ 24000] loss_correct=0.0751  loss_zero=0.0761  loss_shuffled=0.0773  loss_random=0.0764  loss_target_only=0.0751  r_basis=0.0344  |dz_transport|=0.0854  z_s_vs_enc_rel=1.4177  z_spread_rel=1.1381  gain_vs_zero=0.0010  gain_vs_shuffled=0.0022  gain_vs_target_only=0.0000
step  24050  L=0.5894  src=0.0582  tgt=0.2656  trans=0.2656  gain=-0.0000  |dz|=0.117  11.6 it/s
step  24100  L=0.3380  src=0.0385  tgt=0.1497  trans=0.1497  gain=+0.0000  |dz|=0.115  11.6 it/s
step  24150  L=0.4556  src=0.0991  tgt=0.1782  trans=0.1782  gain=-0.0000  |dz|=0.111  11.6 it/s
step  24200  L=0.3158  src=0.0658  tgt=0.1250  trans=0.1249  gain=+0.0001  |dz|=0.120  11.6 it/s
step  24250  L=0.1235  src=0.0605  tgt=0.0315  trans=0.0315  gain=-0.0000  |dz|=0.057  11.6 it/s
step  24300  L=0.2759  src=0.0433  tgt=0.1162  trans=0.1163  gain=-0.0000  |dz|=0.134  11.6 it/s
step  24350  L=0.4141  src=0.0896  tgt=0.1622  trans=0.1622  gain=+0.0000  |dz|=0.127  11.6 it/s
step  24400  L=0.1255  src=0.0782  tgt=0.0236  trans=0.0237  gain=-0.0001  |dz|=0.083  11.6 it/s
step  24450  L=0.1063  src=0.0410  tgt=0.0326  trans=0.0326  gain=-0.0000  |dz|=0.059  11.6 it/s
step  24500  L=0.1049  src=0.0388  tgt=0.0332  trans=0.0330  gain=+0.0002  |dz|=0.059  11.6 it/s
step  24550  L=0.0627  src=0.0363  tgt=0.0132  trans=0.0131  gain=+0.0000  |dz|=0.081  11.6 it/s
step  24600  L=0.1046  src=0.0621  tgt=0.0212  trans=0.0212  gain=-0.0000  |dz|=0.058  11.6 it/s
step  24650  L=0.4009  src=0.0187  tgt=0.1911  trans=0.1911  gain=-0.0000  |dz|=0.118  11.6 it/s
step  24700  L=0.3576  src=0.0627  tgt=0.1474  trans=0.1474  gain=+0.0000  |dz|=0.120  11.6 it/s
step  24750  L=0.0652  src=0.0234  tgt=0.0209  trans=0.0209  gain=+0.0000  |dz|=0.080  11.6 it/s
step  24800  L=0.4961  src=0.0356  tgt=0.2302  trans=0.2303  gain=-0.0000  |dz|=0.124  11.6 it/s
step  24850  L=0.2427  src=0.0784  tgt=0.0822  trans=0.0822  gain=+0.0000  |dz|=0.058  11.6 it/s
step  24900  L=0.1108  src=0.0696  tgt=0.0206  trans=0.0206  gain=-0.0000  |dz|=0.082  11.6 it/s
step  24950  L=0.1221  src=0.0607  tgt=0.0307  trans=0.0307  gain=-0.0000  |dz|=0.083  11.6 it/s
step  25000  L=0.3417  src=0.0728  tgt=0.1345  trans=0.1345  gain=+0.0000  |dz|=0.120  11.6 it/s
  [诊断 @ 25000] loss_correct=0.0600  loss_zero=0.0612  loss_shuffled=0.0617  loss_random=0.0616  loss_target_only=0.0601  r_basis=0.0316  |dz_transport|=0.0825  z_s_vs_enc_rel=1.4135  z_spread_rel=1.1747  gain_vs_zero=0.0012  gain_vs_shuffled=0.0017  gain_vs_target_only=0.0000
step  25050  L=0.2419  src=0.0292  tgt=0.1063  trans=0.1063  gain=+0.0000  |dz|=0.117  11.6 it/s
step  25100  L=0.1741  src=0.0706  tgt=0.0518  trans=0.0518  gain=-0.0000  |dz|=0.059  11.6 it/s
step  25150  L=0.1185  src=0.0432  tgt=0.0377  trans=0.0376  gain=+0.0001  |dz|=0.058  11.6 it/s
step  25200  L=0.0929  src=0.0419  tgt=0.0255  trans=0.0255  gain=+0.0000  |dz|=0.081  11.6 it/s
step  25250  L=0.1237  src=0.0824  tgt=0.0206  trans=0.0207  gain=-0.0000  |dz|=0.056  11.6 it/s
step  25300  L=0.0866  src=0.0387  tgt=0.0239  trans=0.0239  gain=-0.0000  |dz|=0.080  11.6 it/s
step  25350  L=0.1421  src=0.0728  tgt=0.0346  trans=0.0347  gain=-0.0001  |dz|=0.082  11.6 it/s
step  25400  L=0.3152  src=0.0217  tgt=0.1471  trans=0.1464  gain=+0.0007  |dz|=0.145  11.6 it/s
step  25450  L=0.0886  src=0.0370  tgt=0.0258  trans=0.0258  gain=-0.0000  |dz|=0.057  11.6 it/s
step  25500  L=0.1014  src=0.0446  tgt=0.0284  trans=0.0284  gain=-0.0000  |dz|=0.083  11.6 it/s
step  25550  L=0.3923  src=0.0600  tgt=0.1661  trans=0.1662  gain=-0.0001  |dz|=0.126  11.6 it/s
step  25600  L=0.1135  src=0.0633  tgt=0.0251  trans=0.0251  gain=+0.0000  |dz|=0.083  11.6 it/s
step  25650  L=0.1523  src=0.0574  tgt=0.0474  trans=0.0474  gain=-0.0000  |dz|=0.055  11.6 it/s
step  25700  L=0.5117  src=0.0653  tgt=0.2232  trans=0.2232  gain=+0.0001  |dz|=0.114  11.6 it/s
step  25750  L=0.3838  src=0.0361  tgt=0.1739  trans=0.1739  gain=-0.0000  |dz|=0.113  11.6 it/s
step  25800  L=0.1301  src=0.0555  tgt=0.0374  trans=0.0372  gain=+0.0002  |dz|=0.058  11.6 it/s
step  25850  L=0.1505  src=0.0503  tgt=0.0501  trans=0.0501  gain=+0.0000  |dz|=0.057  11.6 it/s
step  25900  L=0.2719  src=0.0453  tgt=0.1133  trans=0.1133  gain=-0.0000  |dz|=0.112  11.6 it/s
step  25950  L=0.0933  src=0.0456  tgt=0.0238  trans=0.0238  gain=-0.0000  |dz|=0.078  11.6 it/s
step  26000  L=0.1288  src=0.0388  tgt=0.0451  trans=0.0449  gain=+0.0002  |dz|=0.056  11.6 it/s
  [诊断 @ 26000] loss_correct=0.0912  loss_zero=0.0923  loss_shuffled=0.0928  loss_random=0.0925  loss_target_only=0.0913  r_basis=0.0308  |dz_transport|=0.0937  z_s_vs_enc_rel=1.6155  z_spread_rel=1.2281  gain_vs_zero=0.0010  gain_vs_shuffled=0.0016  gain_vs_target_only=0.0000
step  26050  L=0.1220  src=0.0711  tgt=0.0254  trans=0.0255  gain=-0.0000  |dz|=0.079  11.6 it/s
step  26100  L=0.4161  src=0.0695  tgt=0.1733  trans=0.1733  gain=+0.0000  |dz|=0.114  11.6 it/s
step  26150  L=0.0994  src=0.0488  tgt=0.0253  trans=0.0252  gain=+0.0001  |dz|=0.082  11.6 it/s
step  26200  L=0.0779  src=0.0319  tgt=0.0230  trans=0.0230  gain=+0.0001  |dz|=0.078  11.6 it/s
step  26250  L=0.3678  src=0.0245  tgt=0.1716  trans=0.1716  gain=-0.0000  |dz|=0.119  11.6 it/s
step  26300  L=0.3353  src=0.0567  tgt=0.1393  trans=0.1393  gain=+0.0000  |dz|=0.123  11.6 it/s
step  26350  L=0.1100  src=0.0519  tgt=0.0291  trans=0.0291  gain=+0.0000  |dz|=0.082  11.6 it/s
step  26400  L=0.1284  src=0.0771  tgt=0.0256  trans=0.0256  gain=+0.0000  |dz|=0.085  11.6 it/s
step  26450  L=0.0823  src=0.0390  tgt=0.0216  trans=0.0216  gain=-0.0000  |dz|=0.081  11.6 it/s
step  26500  L=0.1582  src=0.0523  tgt=0.0529  trans=0.0530  gain=-0.0000  |dz|=0.058  11.6 it/s
step  26550  L=0.1186  src=0.0560  tgt=0.0313  trans=0.0313  gain=-0.0000  |dz|=0.058  11.6 it/s
step  26600  L=0.4241  src=0.0704  tgt=0.1769  trans=0.1768  gain=+0.0000  |dz|=0.118  11.6 it/s
step  26650  L=0.0874  src=0.0483  tgt=0.0196  trans=0.0195  gain=+0.0001  |dz|=0.057  11.6 it/s
step  26700  L=0.1697  src=0.0753  tgt=0.0472  trans=0.0472  gain=+0.0000  |dz|=0.058  11.6 it/s
step  26750  L=0.1142  src=0.0688  tgt=0.0227  trans=0.0227  gain=-0.0000  |dz|=0.059  11.6 it/s
step  26800  L=0.3739  src=0.0401  tgt=0.1669  trans=0.1669  gain=+0.0000  |dz|=0.106  11.6 it/s
step  26850  L=0.4124  src=0.0678  tgt=0.1723  trans=0.1723  gain=-0.0000  |dz|=0.112  11.6 it/s
step  26900  L=0.0842  src=0.0416  tgt=0.0213  trans=0.0212  gain=+0.0001  |dz|=0.081  11.6 it/s
step  26950  L=0.4962  src=0.0635  tgt=0.2164  trans=0.2163  gain=+0.0001  |dz|=0.107  11.6 it/s
step  27000  L=0.1052  src=0.0567  tgt=0.0243  trans=0.0242  gain=+0.0001  |dz|=0.058  11.6 it/s
  [诊断 @ 27000] loss_correct=0.1160  loss_zero=0.1172  loss_shuffled=0.1183  loss_random=0.1175  loss_target_only=0.1160  r_basis=0.0377  |dz_transport|=0.0924  z_s_vs_enc_rel=1.6472  z_spread_rel=1.2284  gain_vs_zero=0.0012  gain_vs_shuffled=0.0023  gain_vs_target_only=0.0000
step  27050  L=0.2164  src=0.0658  tgt=0.0753  trans=0.0753  gain=+0.0001  |dz|=0.111  11.6 it/s
step  27100  L=0.3403  src=0.0587  tgt=0.1408  trans=0.1408  gain=-0.0000  |dz|=0.109  11.6 it/s
step  27150  L=0.1756  src=0.0967  tgt=0.0395  trans=0.0394  gain=+0.0001  |dz|=0.083  11.6 it/s
step  27200  L=0.0839  src=0.0496  tgt=0.0172  trans=0.0171  gain=+0.0000  |dz|=0.078  11.6 it/s
step  27250  L=0.0964  src=0.0613  tgt=0.0176  trans=0.0175  gain=+0.0000  |dz|=0.078  11.6 it/s
step  27300  L=0.0770  src=0.0378  tgt=0.0196  trans=0.0196  gain=+0.0000  |dz|=0.056  11.6 it/s
step  27350  L=0.0849  src=0.0340  tgt=0.0255  trans=0.0255  gain=-0.0000  |dz|=0.058  11.6 it/s
step  27400  L=0.1400  src=0.0552  tgt=0.0424  trans=0.0424  gain=-0.0000  |dz|=0.080  11.6 it/s
step  27450  L=0.1095  src=0.0528  tgt=0.0284  trans=0.0283  gain=+0.0001  |dz|=0.079  11.6 it/s
step  27500  L=0.2897  src=0.0399  tgt=0.1249  trans=0.1248  gain=+0.0000  |dz|=0.105  11.6 it/s
step  27550  L=0.1473  src=0.1054  tgt=0.0210  trans=0.0210  gain=+0.0001  |dz|=0.079  11.6 it/s
step  27600  L=0.0943  src=0.0553  tgt=0.0195  trans=0.0195  gain=-0.0000  |dz|=0.079  11.6 it/s
step  27650  L=0.1545  src=0.0747  tgt=0.0399  trans=0.0399  gain=+0.0000  |dz|=0.059  11.6 it/s
step  27700  L=0.1330  src=0.0420  tgt=0.0455  trans=0.0455  gain=+0.0000  |dz|=0.059  11.6 it/s
step  27750  L=0.1083  src=0.0467  tgt=0.0308  trans=0.0308  gain=-0.0000  |dz|=0.058  11.6 it/s
step  27800  L=0.1351  src=0.0557  tgt=0.0397  trans=0.0397  gain=-0.0000  |dz|=0.059  11.6 it/s
step  27850  L=0.0876  src=0.0355  tgt=0.0260  trans=0.0260  gain=-0.0000  |dz|=0.058  11.6 it/s
step  27900  L=0.1169  src=0.0615  tgt=0.0277  trans=0.0277  gain=-0.0000  |dz|=0.082  11.6 it/s
step  27950  L=0.1162  src=0.0344  tgt=0.0409  trans=0.0409  gain=+0.0000  |dz|=0.058  11.6 it/s
step  28000  L=0.0923  src=0.0571  tgt=0.0176  trans=0.0176  gain=-0.0000  |dz|=0.080  11.6 it/s
  [诊断 @ 28000] loss_correct=0.1077  loss_zero=0.1088  loss_shuffled=0.1109  loss_random=0.1090  loss_target_only=0.1077  r_basis=0.0310  |dz_transport|=0.0920  z_s_vs_enc_rel=1.6121  z_spread_rel=1.0730  gain_vs_zero=0.0011  gain_vs_shuffled=0.0032  gain_vs_target_only=0.0000
step  28050  L=0.1339  src=0.0758  tgt=0.0291  trans=0.0291  gain=+0.0000  |dz|=0.057  11.6 it/s
step  28100  L=0.0900  src=0.0398  tgt=0.0251  trans=0.0251  gain=+0.0000  |dz|=0.056  11.6 it/s
step  28150  L=0.1073  src=0.0648  tgt=0.0212  trans=0.0212  gain=+0.0000  |dz|=0.081  11.6 it/s
step  28200  L=0.0674  src=0.0347  tgt=0.0163  trans=0.0164  gain=-0.0000  |dz|=0.082  11.6 it/s
step  28250  L=0.4787  src=0.0673  tgt=0.2057  trans=0.2057  gain=+0.0001  |dz|=0.107  11.6 it/s
step  28300  L=0.4142  src=0.0453  tgt=0.1843  trans=0.1845  gain=-0.0002  |dz|=0.109  11.6 it/s
step  28350  L=0.4500  src=0.0537  tgt=0.1983  trans=0.1981  gain=+0.0002  |dz|=0.142  11.6 it/s
step  28400  L=0.5667  src=0.0668  tgt=0.2499  trans=0.2499  gain=-0.0001  |dz|=0.133  11.6 it/s
step  28450  L=0.3476  src=0.0631  tgt=0.1423  trans=0.1422  gain=+0.0001  |dz|=0.126  11.6 it/s
step  28500  L=0.1821  src=0.0873  tgt=0.0474  trans=0.0473  gain=+0.0000  |dz|=0.061  11.6 it/s
step  28550  L=0.1547  src=0.0815  tgt=0.0366  trans=0.0366  gain=-0.0000  |dz|=0.061  11.6 it/s
step  28600  L=0.4306  src=0.0800  tgt=0.1753  trans=0.1753  gain=+0.0000  |dz|=0.116  11.6 it/s
step  28650  L=0.3921  src=0.0329  tgt=0.1796  trans=0.1796  gain=-0.0000  |dz|=0.114  11.6 it/s
step  28700  L=0.1220  src=0.0641  tgt=0.0290  trans=0.0289  gain=+0.0000  |dz|=0.057  11.6 it/s
step  28750  L=0.0762  src=0.0474  tgt=0.0144  trans=0.0144  gain=+0.0000  |dz|=0.082  11.6 it/s
step  28800  L=0.3241  src=0.0451  tgt=0.1395  trans=0.1395  gain=-0.0000  |dz|=0.112  11.6 it/s
step  28850  L=0.0933  src=0.0500  tgt=0.0216  trans=0.0216  gain=+0.0000  |dz|=0.087  11.6 it/s
step  28900  L=0.0819  src=0.0339  tgt=0.0240  trans=0.0240  gain=-0.0000  |dz|=0.086  11.6 it/s
step  28950  L=0.4889  src=0.0560  tgt=0.2164  trans=0.2164  gain=+0.0000  |dz|=0.116  11.6 it/s
step  29000  L=0.4148  src=0.0644  tgt=0.1753  trans=0.1752  gain=+0.0000  |dz|=0.111  11.6 it/s
  [诊断 @ 29000] loss_correct=0.0625  loss_zero=0.0636  loss_shuffled=0.0640  loss_random=0.0641  loss_target_only=0.0626  r_basis=0.0310  |dz_transport|=0.0843  z_s_vs_enc_rel=1.4680  z_spread_rel=1.1667  gain_vs_zero=0.0011  gain_vs_shuffled=0.0015  gain_vs_target_only=0.0000
step  29050  L=0.0888  src=0.0479  tgt=0.0204  trans=0.0204  gain=-0.0000  |dz|=0.060  11.6 it/s
step  29100  L=0.1030  src=0.0617  tgt=0.0208  trans=0.0206  gain=+0.0002  |dz|=0.058  11.6 it/s
step  29150  L=0.1149  src=0.0577  tgt=0.0286  trans=0.0286  gain=+0.0000  |dz|=0.081  11.6 it/s
step  29200  L=0.1491  src=0.0820  tgt=0.0335  trans=0.0336  gain=-0.0001  |dz|=0.059  11.6 it/s
step  29250  L=0.0647  src=0.0391  tgt=0.0128  trans=0.0128  gain=+0.0000  |dz|=0.059  11.6 it/s
step  29300  L=0.1153  src=0.0656  tgt=0.0249  trans=0.0249  gain=+0.0000  |dz|=0.081  11.6 it/s
step  29350  L=0.3431  src=0.0754  tgt=0.1339  trans=0.1339  gain=+0.0000  |dz|=0.104  11.6 it/s
step  29400  L=0.5509  src=0.0762  tgt=0.2374  trans=0.2373  gain=+0.0001  |dz|=0.105  11.6 it/s
step  29450  L=0.1456  src=0.0827  tgt=0.0314  trans=0.0315  gain=-0.0001  |dz|=0.082  11.6 it/s
step  29500  L=0.0767  src=0.0412  tgt=0.0177  trans=0.0177  gain=-0.0000  |dz|=0.084  11.6 it/s
step  29550  L=0.4058  src=0.0546  tgt=0.1756  trans=0.1756  gain=-0.0000  |dz|=0.105  11.6 it/s
step  29600  L=0.0822  src=0.0334  tgt=0.0244  trans=0.0244  gain=+0.0000  |dz|=0.060  11.6 it/s
step  29650  L=0.1529  src=0.0802  tgt=0.0364  trans=0.0363  gain=+0.0000  |dz|=0.082  11.6 it/s
step  29700  L=0.3010  src=0.0667  tgt=0.1172  trans=0.1172  gain=+0.0000  |dz|=0.109  11.6 it/s
step  29750  L=0.1536  src=0.0928  tgt=0.0304  trans=0.0304  gain=+0.0001  |dz|=0.081  11.6 it/s
step  29800  L=0.2099  src=0.0346  tgt=0.0877  trans=0.0877  gain=+0.0000  |dz|=0.103  11.6 it/s
step  29850  L=0.0928  src=0.0618  tgt=0.0155  trans=0.0155  gain=-0.0000  |dz|=0.059  11.6 it/s
step  29900  L=0.3193  src=0.0405  tgt=0.1394  trans=0.1393  gain=+0.0000  |dz|=0.106  11.6 it/s
step  29950  L=0.0990  src=0.0547  tgt=0.0222  trans=0.0222  gain=+0.0000  |dz|=0.060  11.6 it/s
step  30000  L=0.0823  src=0.0265  tgt=0.0279  trans=0.0279  gain=+0.0000  |dz|=0.060  11.6 it/s
  [诊断 @ 30000] loss_correct=0.0974  loss_zero=0.0988  loss_shuffled=0.1012  loss_random=0.0992  loss_target_only=0.0974  r_basis=0.0353  |dz_transport|=0.0988  z_s_vs_enc_rel=1.8294  z_spread_rel=1.0642  gain_vs_zero=0.0014  gain_vs_shuffled=0.0038  gain_vs_target_only=0.0000
  已保存 C:\T1D Meta Learning\code\python\meta-diffusion\checkpoints\cifar_ds3_step30000.pt
step  30050  L=0.1478  src=0.0653  tgt=0.0412  trans=0.0412  gain=+0.0000  |dz|=0.060  11.6 it/s
step  30100  L=0.0750  src=0.0360  tgt=0.0195  trans=0.0195  gain=+0.0000  |dz|=0.084  11.6 it/s
step  30150  L=0.4086  src=0.0394  tgt=0.1846  trans=0.1846  gain=-0.0000  |dz|=0.106  11.6 it/s
step  30200  L=0.1347  src=0.0688  tgt=0.0330  trans=0.0329  gain=+0.0001  |dz|=0.060  11.6 it/s
step  30250  L=0.1399  src=0.0614  tgt=0.0393  trans=0.0392  gain=+0.0001  |dz|=0.059  11.6 it/s
step  30300  L=0.1219  src=0.0472  tgt=0.0373  trans=0.0374  gain=-0.0000  |dz|=0.058  11.6 it/s
step  30350  L=0.1171  src=0.0789  tgt=0.0191  trans=0.0191  gain=+0.0000  |dz|=0.083  11.6 it/s
step  30400  L=0.1453  src=0.0531  tgt=0.0461  trans=0.0461  gain=+0.0000  |dz|=0.058  11.6 it/s
step  30450  L=0.1235  src=0.0711  tgt=0.0262  trans=0.0262  gain=-0.0000  |dz|=0.082  11.6 it/s
step  30500  L=0.3100  src=0.0421  tgt=0.1340  trans=0.1339  gain=+0.0000  |dz|=0.100  11.6 it/s
step  30550  L=0.2955  src=0.0474  tgt=0.1241  trans=0.1240  gain=+0.0001  |dz|=0.103  11.6 it/s
step  30600  L=0.0911  src=0.0618  tgt=0.0147  trans=0.0146  gain=+0.0000  |dz|=0.082  11.6 it/s
step  30650  L=0.0769  src=0.0418  tgt=0.0176  trans=0.0176  gain=-0.0000  |dz|=0.081  11.6 it/s
step  30700  L=0.1317  src=0.0661  tgt=0.0328  trans=0.0328  gain=+0.0001  |dz|=0.059  11.6 it/s
step  30750  L=0.0641  src=0.0351  tgt=0.0145  trans=0.0144  gain=+0.0001  |dz|=0.079  11.6 it/s
step  30800  L=0.2342  src=0.0641  tgt=0.0850  trans=0.0850  gain=+0.0000  |dz|=0.102  11.6 it/s
step  30850  L=0.1140  src=0.0608  tgt=0.0266  trans=0.0266  gain=-0.0000  |dz|=0.058  11.6 it/s
step  30900  L=0.1515  src=0.0785  tgt=0.0366  trans=0.0365  gain=+0.0001  |dz|=0.082  11.6 it/s
step  30950  L=0.1067  src=0.0490  tgt=0.0288  trans=0.0289  gain=-0.0000  |dz|=0.081  11.6 it/s
step  31000  L=0.1097  src=0.0667  tgt=0.0215  trans=0.0215  gain=+0.0000  |dz|=0.059  11.6 it/s
  [诊断 @ 31000] loss_correct=0.1000  loss_zero=0.1012  loss_shuffled=0.1024  loss_random=0.1015  loss_target_only=0.1000  r_basis=0.0337  |dz_transport|=0.0881  z_s_vs_enc_rel=1.5280  z_spread_rel=1.2837  gain_vs_zero=0.0012  gain_vs_shuffled=0.0024  gain_vs_target_only=0.0000
step  31050  L=0.0714  src=0.0346  tgt=0.0184  trans=0.0184  gain=-0.0000  |dz|=0.081  11.6 it/s
step  31100  L=0.1288  src=0.0711  tgt=0.0289  trans=0.0289  gain=-0.0000  |dz|=0.078  11.6 it/s
step  31150  L=0.1107  src=0.0343  tgt=0.0382  trans=0.0382  gain=+0.0000  |dz|=0.079  11.6 it/s
step  31200  L=0.2141  src=0.0434  tgt=0.0854  trans=0.0853  gain=+0.0001  |dz|=0.101  11.6 it/s
step  31250  L=0.1147  src=0.0474  tgt=0.0337  trans=0.0335  gain=+0.0001  |dz|=0.062  11.6 it/s
step  31300  L=0.1122  src=0.0510  tgt=0.0306  trans=0.0306  gain=+0.0001  |dz|=0.060  11.6 it/s
step  31350  L=0.5348  src=0.1001  tgt=0.2174  trans=0.2173  gain=+0.0001  |dz|=0.104  11.6 it/s
step  31400  L=0.1809  src=0.0498  tgt=0.0655  trans=0.0655  gain=-0.0000  |dz|=0.059  11.6 it/s
step  31450  L=0.1164  src=0.0767  tgt=0.0198  trans=0.0198  gain=-0.0000  |dz|=0.080  11.6 it/s
step  31500  L=0.1029  src=0.0419  tgt=0.0305  trans=0.0305  gain=+0.0000  |dz|=0.081  11.6 it/s
step  31550  L=0.2196  src=0.0674  tgt=0.0761  trans=0.0760  gain=+0.0000  |dz|=0.060  11.6 it/s
step  31600  L=0.1129  src=0.0473  tgt=0.0328  trans=0.0328  gain=+0.0001  |dz|=0.081  11.6 it/s
step  31650  L=0.0787  src=0.0407  tgt=0.0190  trans=0.0189  gain=+0.0001  |dz|=0.080  11.6 it/s
step  31700  L=0.0552  src=0.0355  tgt=0.0099  trans=0.0098  gain=+0.0001  |dz|=0.061  11.6 it/s
step  31750  L=0.1064  src=0.0475  tgt=0.0294  trans=0.0294  gain=-0.0000  |dz|=0.059  11.6 it/s
step  31800  L=0.1018  src=0.0548  tgt=0.0235  trans=0.0235  gain=+0.0000  |dz|=0.080  11.6 it/s
step  31850  L=0.0906  src=0.0462  tgt=0.0222  trans=0.0222  gain=+0.0001  |dz|=0.057  11.6 it/s
step  31900  L=0.1067  src=0.0581  tgt=0.0243  trans=0.0243  gain=-0.0000  |dz|=0.081  11.6 it/s
step  31950  L=0.0915  src=0.0443  tgt=0.0237  trans=0.0236  gain=+0.0001  |dz|=0.078  11.6 it/s
step  32000  L=0.1180  src=0.0588  tgt=0.0296  trans=0.0296  gain=+0.0000  |dz|=0.077  11.6 it/s
  [诊断 @ 32000] loss_correct=0.0767  loss_zero=0.0774  loss_shuffled=0.0785  loss_random=0.0776  loss_target_only=0.0767  r_basis=0.0320  |dz_transport|=0.0839  z_s_vs_enc_rel=1.4997  z_spread_rel=1.2590  gain_vs_zero=0.0008  gain_vs_shuffled=0.0018  gain_vs_target_only=0.0000
step  32050  L=0.1105  src=0.0449  tgt=0.0328  trans=0.0328  gain=+0.0000  |dz|=0.078  11.6 it/s
step  32100  L=0.3352  src=0.0347  tgt=0.1502  trans=0.1502  gain=+0.0000  |dz|=0.098  11.6 it/s
step  32150  L=0.0959  src=0.0458  tgt=0.0251  trans=0.0250  gain=+0.0001  |dz|=0.058  11.6 it/s
step  32200  L=0.3820  src=0.0532  tgt=0.1644  trans=0.1644  gain=+0.0000  |dz|=0.096  11.6 it/s
step  32250  L=0.1185  src=0.0583  tgt=0.0301  trans=0.0301  gain=+0.0000  |dz|=0.056  11.6 it/s
step  32300  L=0.3176  src=0.0473  tgt=0.1352  trans=0.1352  gain=+0.0000  |dz|=0.124  11.6 it/s
step  32350  L=0.1445  src=0.0735  tgt=0.0355  trans=0.0355  gain=+0.0000  |dz|=0.059  11.6 it/s
step  32400  L=0.3613  src=0.0397  tgt=0.1608  trans=0.1608  gain=-0.0000  |dz|=0.119  11.6 it/s
step  32450  L=0.1101  src=0.0507  tgt=0.0297  trans=0.0297  gain=+0.0000  |dz|=0.059  11.6 it/s
step  32500  L=0.0916  src=0.0470  tgt=0.0223  trans=0.0223  gain=+0.0000  |dz|=0.082  11.6 it/s
step  32550  L=0.4626  src=0.0303  tgt=0.2162  trans=0.2162  gain=+0.0000  |dz|=0.116  11.6 it/s
step  32600  L=0.0726  src=0.0373  tgt=0.0177  trans=0.0177  gain=-0.0000  |dz|=0.058  11.6 it/s
step  32650  L=0.1115  src=0.0459  tgt=0.0328  trans=0.0328  gain=-0.0000  |dz|=0.102  11.6 it/s
step  32700  L=0.1537  src=0.0643  tgt=0.0447  trans=0.0447  gain=+0.0000  |dz|=0.059  11.6 it/s
step  32750  L=0.4056  src=0.0594  tgt=0.1731  trans=0.1731  gain=-0.0000  |dz|=0.159  11.6 it/s
step  32800  L=0.1815  src=0.0968  tgt=0.0424  trans=0.0423  gain=+0.0001  |dz|=0.059  11.6 it/s
step  32850  L=0.2316  src=0.0229  tgt=0.1044  trans=0.1043  gain=+0.0001  |dz|=0.145  11.6 it/s
step  32900  L=0.2570  src=0.0705  tgt=0.0932  trans=0.0932  gain=+0.0000  |dz|=0.143  11.6 it/s
step  32950  L=0.0949  src=0.0305  tgt=0.0322  trans=0.0322  gain=+0.0000  |dz|=0.060  11.6 it/s
step  33000  L=0.1018  src=0.0355  tgt=0.0332  trans=0.0331  gain=+0.0001  |dz|=0.061  11.6 it/s
  [诊断 @ 33000] loss_correct=0.0584  loss_zero=0.0601  loss_shuffled=0.0625  loss_random=0.0606  loss_target_only=0.0585  r_basis=0.0322  |dz_transport|=0.0806  z_s_vs_enc_rel=1.3963  z_spread_rel=1.1995  gain_vs_zero=0.0016  gain_vs_shuffled=0.0040  gain_vs_target_only=0.0000
step  33050  L=0.1847  src=0.1246  tgt=0.0301  trans=0.0300  gain=+0.0000  |dz|=0.086  11.6 it/s
step  33100  L=0.4419  src=0.0416  tgt=0.2001  trans=0.2002  gain=-0.0000  |dz|=0.131  11.6 it/s
step  33150  L=0.1035  src=0.0507  tgt=0.0264  trans=0.0264  gain=+0.0000  |dz|=0.085  11.6 it/s
step  33200  L=0.0851  src=0.0415  tgt=0.0218  trans=0.0217  gain=+0.0001  |dz|=0.084  11.6 it/s
step  33250  L=0.0609  src=0.0236  tgt=0.0186  trans=0.0186  gain=+0.0000  |dz|=0.085  11.6 it/s
step  33300  L=0.4563  src=0.0759  tgt=0.1902  trans=0.1902  gain=-0.0000  |dz|=0.122  11.6 it/s
step  33350  L=0.4227  src=0.0765  tgt=0.1731  trans=0.1731  gain=-0.0000  |dz|=0.122  11.6 it/s
step  33400  L=0.1158  src=0.0537  tgt=0.0311  trans=0.0310  gain=+0.0000  |dz|=0.083  11.6 it/s
step  33450  L=0.4105  src=0.0486  tgt=0.1810  trans=0.1809  gain=+0.0000  |dz|=0.120  11.6 it/s
step  33500  L=0.5008  src=0.0455  tgt=0.2277  trans=0.2276  gain=+0.0000  |dz|=0.120  11.6 it/s
step  33550  L=0.0840  src=0.0266  tgt=0.0288  trans=0.0287  gain=+0.0000  |dz|=0.080  11.6 it/s
step  33600  L=0.3115  src=0.0462  tgt=0.1327  trans=0.1327  gain=+0.0000  |dz|=0.119  11.6 it/s
step  33650  L=0.3677  src=0.0470  tgt=0.1604  trans=0.1603  gain=+0.0000  |dz|=0.116  11.6 it/s
step  33700  L=0.1217  src=0.0683  tgt=0.0267  trans=0.0267  gain=+0.0000  |dz|=0.083  11.6 it/s
step  33750  L=0.1371  src=0.0455  tgt=0.0458  trans=0.0458  gain=+0.0000  |dz|=0.060  11.6 it/s
step  33800  L=0.1370  src=0.0783  tgt=0.0294  trans=0.0294  gain=-0.0000  |dz|=0.058  11.6 it/s
step  33850  L=0.4649  src=0.0405  tgt=0.2122  trans=0.2122  gain=+0.0000  |dz|=0.116  11.6 it/s
step  33900  L=0.3522  src=0.0611  tgt=0.1456  trans=0.1455  gain=+0.0000  |dz|=0.118  11.6 it/s
step  33950  L=0.0774  src=0.0295  tgt=0.0240  trans=0.0240  gain=+0.0000  |dz|=0.083  11.6 it/s
step  34000  L=0.3164  src=0.0293  tgt=0.1436  trans=0.1436  gain=+0.0000  |dz|=0.116  11.6 it/s
  [诊断 @ 34000] loss_correct=0.0925  loss_zero=0.0945  loss_shuffled=0.0981  loss_random=0.0949  loss_target_only=0.0926  r_basis=0.0382  |dz_transport|=0.0992  z_s_vs_enc_rel=1.7355  z_spread_rel=1.2018  gain_vs_zero=0.0020  gain_vs_shuffled=0.0055  gain_vs_target_only=0.0000
step  34050  L=0.4013  src=0.0458  tgt=0.1777  trans=0.1777  gain=+0.0000  |dz|=0.116  11.6 it/s
step  34100  L=0.1518  src=0.0709  tgt=0.0405  trans=0.0405  gain=+0.0000  |dz|=0.060  11.6 it/s
step  34150  L=0.1441  src=0.0739  tgt=0.0351  trans=0.0350  gain=+0.0001  |dz|=0.060  11.6 it/s
step  34200  L=0.4911  src=0.0519  tgt=0.2196  trans=0.2196  gain=+0.0000  |dz|=0.111  11.6 it/s
step  34250  L=0.0857  src=0.0460  tgt=0.0199  trans=0.0199  gain=+0.0000  |dz|=0.081  11.6 it/s
step  34300  L=0.1042  src=0.0345  tgt=0.0348  trans=0.0348  gain=-0.0000  |dz|=0.056  11.6 it/s
step  34350  L=0.1097  src=0.0555  tgt=0.0271  trans=0.0271  gain=-0.0000  |dz|=0.058  11.6 it/s
step  34400  L=0.1773  src=0.1265  tgt=0.0254  trans=0.0254  gain=+0.0000  |dz|=0.082  11.6 it/s
step  34450  L=0.0910  src=0.0389  tgt=0.0261  trans=0.0260  gain=+0.0000  |dz|=0.059  11.6 it/s
step  34500  L=0.0773  src=0.0486  tgt=0.0143  trans=0.0143  gain=+0.0000  |dz|=0.083  11.6 it/s
step  34550  L=0.0741  src=0.0394  tgt=0.0174  trans=0.0173  gain=+0.0001  |dz|=0.060  11.6 it/s
step  34600  L=0.0873  src=0.0364  tgt=0.0255  trans=0.0255  gain=+0.0000  |dz|=0.060  11.6 it/s
step  34650  L=0.3646  src=0.0422  tgt=0.1612  trans=0.1612  gain=+0.0001  |dz|=0.120  11.6 it/s
step  34700  L=0.0792  src=0.0366  tgt=0.0213  trans=0.0213  gain=+0.0000  |dz|=0.061  11.6 it/s
step  34750  L=0.3950  src=0.0376  tgt=0.1787  trans=0.1787  gain=+0.0000  |dz|=0.117  11.6 it/s
step  34800  L=0.1096  src=0.0561  tgt=0.0268  trans=0.0268  gain=+0.0000  |dz|=0.059  11.6 it/s
step  34850  L=0.1193  src=0.0380  tgt=0.0406  trans=0.0406  gain=-0.0000  |dz|=0.058  11.6 it/s
step  34900  L=0.2200  src=0.0427  tgt=0.0886  trans=0.0886  gain=-0.0000  |dz|=0.115  11.6 it/s
step  34950  L=0.1211  src=0.0382  tgt=0.0414  trans=0.0414  gain=+0.0000  |dz|=0.079  11.6 it/s
step  35000  L=0.0956  src=0.0571  tgt=0.0193  trans=0.0192  gain=+0.0000  |dz|=0.078  11.6 it/s
  [诊断 @ 35000] loss_correct=0.1233  loss_zero=0.1251  loss_shuffled=0.1280  loss_random=0.1252  loss_target_only=0.1233  r_basis=0.0433  |dz_transport|=0.0920  z_s_vs_enc_rel=1.6512  z_spread_rel=1.2385  gain_vs_zero=0.0017  gain_vs_shuffled=0.0047  gain_vs_target_only=0.0000
step  35050  L=0.2987  src=0.0757  tgt=0.1115  trans=0.1115  gain=+0.0000  |dz|=0.113  11.6 it/s
step  35100  L=0.1288  src=0.0506  tgt=0.0391  trans=0.0391  gain=-0.0000  |dz|=0.058  11.6 it/s
step  35150  L=0.1030  src=0.0595  tgt=0.0217  trans=0.0217  gain=-0.0000  |dz|=0.057  11.6 it/s
step  35200  L=0.3462  src=0.0588  tgt=0.1437  trans=0.1437  gain=-0.0000  |dz|=0.112  11.6 it/s
step  35250  L=0.1384  src=0.0591  tgt=0.0397  trans=0.0396  gain=+0.0001  |dz|=0.083  11.6 it/s
step  35300  L=0.1447  src=0.0473  tgt=0.0487  trans=0.0487  gain=+0.0000  |dz|=0.059  11.6 it/s
step  35350  L=0.1627  src=0.0379  tgt=0.0624  trans=0.0624  gain=+0.0000  |dz|=0.059  11.6 it/s
step  35400  L=0.3607  src=0.0368  tgt=0.1620  trans=0.1619  gain=+0.0000  |dz|=0.111  11.6 it/s
step  35450  L=0.1083  src=0.0564  tgt=0.0260  trans=0.0259  gain=+0.0000  |dz|=0.081  11.6 it/s
step  35500  L=0.3098  src=0.0672  tgt=0.1213  trans=0.1213  gain=+0.0000  |dz|=0.110  11.6 it/s
step  35550  L=0.1225  src=0.0531  tgt=0.0347  trans=0.0347  gain=-0.0000  |dz|=0.061  11.6 it/s
step  35600  L=0.1344  src=0.0864  tgt=0.0240  trans=0.0240  gain=+0.0000  |dz|=0.062  11.6 it/s
step  35650  L=0.3741  src=0.0461  tgt=0.1640  trans=0.1640  gain=-0.0000  |dz|=0.109  11.6 it/s
step  35700  L=0.3802  src=0.0612  tgt=0.1595  trans=0.1595  gain=-0.0000  |dz|=0.107  11.6 it/s
step  35750  L=0.2071  src=0.0869  tgt=0.0601  trans=0.0600  gain=+0.0001  |dz|=0.109  11.6 it/s
step  35800  L=0.0955  src=0.0422  tgt=0.0266  trans=0.0266  gain=-0.0000  |dz|=0.061  11.6 it/s
step  35850  L=0.0820  src=0.0542  tgt=0.0139  trans=0.0138  gain=+0.0001  |dz|=0.082  11.6 it/s
step  35900  L=0.1280  src=0.0498  tgt=0.0391  trans=0.0391  gain=+0.0000  |dz|=0.060  11.6 it/s
step  35950  L=0.1014  src=0.0562  tgt=0.0226  trans=0.0226  gain=+0.0000  |dz|=0.085  11.6 it/s
step  36000  L=0.4501  src=0.0634  tgt=0.1933  trans=0.1933  gain=+0.0000  |dz|=0.106  11.6 it/s
  [诊断 @ 36000] loss_correct=0.0490  loss_zero=0.0504  loss_shuffled=0.0506  loss_random=0.0508  loss_target_only=0.0490  r_basis=0.0349  |dz_transport|=0.0835  z_s_vs_enc_rel=1.4676  z_spread_rel=0.7898  gain_vs_zero=0.0014  gain_vs_shuffled=0.0016  gain_vs_target_only=0.0000
step  36050  L=0.1564  src=0.0781  tgt=0.0391  trans=0.0391  gain=+0.0000  |dz|=0.060  11.6 it/s
step  36100  L=0.0800  src=0.0335  tgt=0.0233  trans=0.0233  gain=-0.0000  |dz|=0.060  11.6 it/s
step  36150  L=0.3661  src=0.0473  tgt=0.1594  trans=0.1594  gain=+0.0001  |dz|=0.123  11.6 it/s
step  36200  L=0.1002  src=0.0488  tgt=0.0257  trans=0.0257  gain=-0.0000  |dz|=0.062  11.6 it/s
step  36250  L=0.1181  src=0.0460  tgt=0.0360  trans=0.0360  gain=+0.0000  |dz|=0.060  11.6 it/s
step  36300  L=0.1098  src=0.0482  tgt=0.0308  trans=0.0308  gain=+0.0000  |dz|=0.083  11.6 it/s
step  36350  L=0.0796  src=0.0406  tgt=0.0195  trans=0.0195  gain=+0.0000  |dz|=0.082  11.6 it/s
step  36400  L=0.0664  src=0.0341  tgt=0.0161  trans=0.0162  gain=-0.0000  |dz|=0.060  11.6 it/s
step  36450  L=0.4392  src=0.0933  tgt=0.1730  trans=0.1730  gain=-0.0000  |dz|=0.115  11.6 it/s
step  36500  L=0.0609  src=0.0282  tgt=0.0163  trans=0.0163  gain=+0.0000  |dz|=0.059  11.6 it/s
step  36550  L=0.0868  src=0.0397  tgt=0.0235  trans=0.0235  gain=+0.0000  |dz|=0.082  11.6 it/s
step  36600  L=0.1061  src=0.0471  tgt=0.0295  trans=0.0295  gain=-0.0000  |dz|=0.060  11.6 it/s
step  36650  L=0.1027  src=0.0414  tgt=0.0307  trans=0.0306  gain=+0.0000  |dz|=0.081  11.6 it/s
step  36700  L=0.4017  src=0.0543  tgt=0.1737  trans=0.1737  gain=+0.0000  |dz|=0.110  11.6 it/s
step  36750  L=0.1155  src=0.0553  tgt=0.0301  trans=0.0301  gain=+0.0000  |dz|=0.060  11.6 it/s
step  36800  L=0.1004  src=0.0435  tgt=0.0285  trans=0.0284  gain=+0.0000  |dz|=0.082  11.6 it/s
step  36850  L=0.1315  src=0.0473  tgt=0.0421  trans=0.0421  gain=+0.0000  |dz|=0.079  11.6 it/s
step  36900  L=0.1240  src=0.0854  tgt=0.0193  trans=0.0192  gain=+0.0001  |dz|=0.062  11.6 it/s
step  36950  L=0.5472  src=0.0441  tgt=0.2515  trans=0.2516  gain=-0.0000  |dz|=0.108  11.6 it/s
step  37000  L=0.1102  src=0.0486  tgt=0.0308  trans=0.0308  gain=+0.0000  |dz|=0.059  11.6 it/s
  [诊断 @ 37000] loss_correct=0.0562  loss_zero=0.0576  loss_shuffled=0.0593  loss_random=0.0581  loss_target_only=0.0563  r_basis=0.0342  |dz_transport|=0.0842  z_s_vs_enc_rel=1.4517  z_spread_rel=1.1444  gain_vs_zero=0.0014  gain_vs_shuffled=0.0031  gain_vs_target_only=0.0000
step  37050  L=0.1289  src=0.0656  tgt=0.0316  trans=0.0316  gain=+0.0000  |dz|=0.084  11.6 it/s
step  37100  L=0.1108  src=0.0766  tgt=0.0171  trans=0.0171  gain=+0.0000  |dz|=0.058  11.6 it/s
step  37150  L=0.0937  src=0.0317  tgt=0.0310  trans=0.0310  gain=-0.0000  |dz|=0.085  11.6 it/s
step  37200  L=0.1466  src=0.0938  tgt=0.0264  trans=0.0264  gain=+0.0000  |dz|=0.083  11.6 it/s
step  37250  L=0.5342  src=0.0548  tgt=0.2397  trans=0.2397  gain=-0.0000  |dz|=0.105  11.6 it/s
step  37300  L=0.0776  src=0.0344  tgt=0.0216  trans=0.0216  gain=-0.0000  |dz|=0.083  11.6 it/s
step  37350  L=0.1060  src=0.0580  tgt=0.0240  trans=0.0240  gain=+0.0000  |dz|=0.084  11.6 it/s
step  37400  L=0.1132  src=0.0674  tgt=0.0229  trans=0.0229  gain=-0.0000  |dz|=0.084  11.6 it/s
step  37450  L=0.0716  src=0.0421  tgt=0.0147  trans=0.0147  gain=+0.0001  |dz|=0.085  11.6 it/s
step  37500  L=0.1023  src=0.0393  tgt=0.0315  trans=0.0315  gain=+0.0000  |dz|=0.063  11.6 it/s
step  37550  L=0.1600  src=0.0741  tgt=0.0430  trans=0.0430  gain=+0.0000  |dz|=0.062  11.6 it/s
step  37600  L=0.0994  src=0.0549  tgt=0.0222  trans=0.0222  gain=+0.0000  |dz|=0.061  11.6 it/s
step  37650  L=0.5288  src=0.0532  tgt=0.2377  trans=0.2378  gain=-0.0001  |dz|=0.105  11.6 it/s
step  37700  L=0.0621  src=0.0275  tgt=0.0173  trans=0.0173  gain=+0.0000  |dz|=0.061  11.6 it/s
step  37750  L=0.0981  src=0.0312  tgt=0.0335  trans=0.0335  gain=+0.0000  |dz|=0.085  11.6 it/s
step  37800  L=0.0884  src=0.0351  tgt=0.0267  trans=0.0267  gain=+0.0000  |dz|=0.082  11.6 it/s
step  37850  L=0.3814  src=0.0677  tgt=0.1569  trans=0.1568  gain=+0.0001  |dz|=0.101  11.6 it/s
step  37900  L=0.4125  src=0.0582  tgt=0.1771  trans=0.1772  gain=-0.0001  |dz|=0.144  11.6 it/s
step  37950  L=0.0952  src=0.0353  tgt=0.0299  trans=0.0299  gain=+0.0000  |dz|=0.062  11.6 it/s
step  38000  L=0.1315  src=0.0648  tgt=0.0334  trans=0.0333  gain=+0.0001  |dz|=0.086  11.6 it/s
  [诊断 @ 38000] loss_correct=0.0840  loss_zero=0.0851  loss_shuffled=0.0851  loss_random=0.0854  loss_target_only=0.0840  r_basis=0.0318  |dz_transport|=0.0911  z_s_vs_enc_rel=1.6757  z_spread_rel=1.2480  gain_vs_zero=0.0012  gain_vs_shuffled=0.0011  gain_vs_target_only=0.0000
step  38050  L=0.1765  src=0.1117  tgt=0.0324  trans=0.0324  gain=+0.0000  |dz|=0.081  11.6 it/s
step  38100  L=0.1463  src=0.0753  tgt=0.0355  trans=0.0355  gain=+0.0000  |dz|=0.082  11.6 it/s
step  38150  L=0.0980  src=0.0442  tgt=0.0270  trans=0.0269  gain=+0.0001  |dz|=0.083  11.6 it/s
step  38200  L=0.0992  src=0.0455  tgt=0.0269  trans=0.0269  gain=+0.0000  |dz|=0.086  11.6 it/s
step  38250  L=0.1060  src=0.0689  tgt=0.0186  trans=0.0186  gain=+0.0001  |dz|=0.058  11.6 it/s
step  38300  L=0.1307  src=0.0758  tgt=0.0275  trans=0.0274  gain=+0.0001  |dz|=0.080  11.6 it/s
step  38350  L=0.1594  src=0.0813  tgt=0.0390  trans=0.0390  gain=-0.0000  |dz|=0.079  11.6 it/s
step  38400  L=0.1240  src=0.0587  tgt=0.0327  trans=0.0326  gain=+0.0001  |dz|=0.058  11.6 it/s
step  38450  L=0.3869  src=0.0473  tgt=0.1698  trans=0.1698  gain=+0.0000  |dz|=0.110  11.6 it/s
step  38500  L=0.1262  src=0.0769  tgt=0.0247  trans=0.0246  gain=+0.0001  |dz|=0.084  11.6 it/s
step  38550  L=0.0821  src=0.0311  tgt=0.0255  trans=0.0255  gain=+0.0000  |dz|=0.059  11.6 it/s
step  38600  L=0.0983  src=0.0465  tgt=0.0260  trans=0.0259  gain=+0.0000  |dz|=0.083  11.6 it/s
step  38650  L=0.1100  src=0.0433  tgt=0.0333  trans=0.0333  gain=+0.0000  |dz|=0.083  11.6 it/s
step  38700  L=0.0884  src=0.0384  tgt=0.0250  trans=0.0250  gain=+0.0000  |dz|=0.082  11.6 it/s
step  38750  L=0.1132  src=0.0476  tgt=0.0328  trans=0.0328  gain=+0.0000  |dz|=0.060  11.6 it/s
step  38800  L=0.1284  src=0.0762  tgt=0.0261  trans=0.0261  gain=+0.0000  |dz|=0.059  11.6 it/s
step  38850  L=0.0748  src=0.0304  tgt=0.0222  trans=0.0222  gain=-0.0000  |dz|=0.060  11.5 it/s
step  38900  L=0.1195  src=0.0450  tgt=0.0373  trans=0.0373  gain=+0.0000  |dz|=0.060  11.5 it/s
step  38950  L=0.1232  src=0.0637  tgt=0.0298  trans=0.0298  gain=+0.0000  |dz|=0.082  11.5 it/s
step  39000  L=0.3574  src=0.0442  tgt=0.1565  trans=0.1566  gain=-0.0000  |dz|=0.108  11.5 it/s
  [诊断 @ 39000] loss_correct=0.0637  loss_zero=0.0651  loss_shuffled=0.0670  loss_random=0.0656  loss_target_only=0.0638  r_basis=0.0371  |dz_transport|=0.0841  z_s_vs_enc_rel=1.3849  z_spread_rel=1.1805  gain_vs_zero=0.0014  gain_vs_shuffled=0.0032  gain_vs_target_only=0.0001
step  39050  L=0.1226  src=0.0651  tgt=0.0288  trans=0.0287  gain=+0.0000  |dz|=0.082  11.5 it/s
step  39100  L=0.2288  src=0.1184  tgt=0.0552  trans=0.0552  gain=-0.0000  |dz|=0.061  11.5 it/s
step  39150  L=0.4872  src=0.1017  tgt=0.1928  trans=0.1928  gain=+0.0000  |dz|=0.108  11.5 it/s
step  39200  L=0.0757  src=0.0250  tgt=0.0253  trans=0.0253  gain=-0.0000  |dz|=0.060  11.5 it/s
step  39250  L=0.1365  src=0.0829  tgt=0.0268  trans=0.0268  gain=-0.0000  |dz|=0.081  11.5 it/s
step  39300  L=0.1394  src=0.0628  tgt=0.0384  trans=0.0383  gain=+0.0001  |dz|=0.083  11.5 it/s
step  39350  L=0.0943  src=0.0399  tgt=0.0272  trans=0.0273  gain=-0.0001  |dz|=0.059  11.5 it/s
step  39400  L=0.1026  src=0.0479  tgt=0.0273  trans=0.0273  gain=+0.0000  |dz|=0.084  11.5 it/s
step  39450  L=0.1167  src=0.0694  tgt=0.0236  trans=0.0236  gain=+0.0000  |dz|=0.084  11.5 it/s
step  39500  L=0.0923  src=0.0536  tgt=0.0193  trans=0.0193  gain=+0.0000  |dz|=0.060  11.5 it/s
step  39550  L=0.0919  src=0.0432  tgt=0.0243  trans=0.0243  gain=+0.0000  |dz|=0.083  11.5 it/s
step  39600  L=0.0661  src=0.0289  tgt=0.0186  trans=0.0186  gain=+0.0000  |dz|=0.059  11.5 it/s
step  39650  L=0.1007  src=0.0448  tgt=0.0279  trans=0.0279  gain=+0.0000  |dz|=0.059  11.5 it/s
step  39700  L=0.1022  src=0.0374  tgt=0.0324  trans=0.0324  gain=-0.0000  |dz|=0.084  11.5 it/s
step  39750  L=0.1171  src=0.0365  tgt=0.0403  trans=0.0403  gain=-0.0000  |dz|=0.060  11.5 it/s
step  39800  L=0.1024  src=0.0670  tgt=0.0177  trans=0.0177  gain=-0.0000  |dz|=0.082  11.5 it/s
step  39850  L=0.0576  src=0.0263  tgt=0.0157  trans=0.0157  gain=+0.0000  |dz|=0.082  11.5 it/s
step  39900  L=0.1002  src=0.0384  tgt=0.0309  trans=0.0309  gain=+0.0001  |dz|=0.059  11.5 it/s
step  39950  L=0.1438  src=0.0668  tgt=0.0385  trans=0.0385  gain=+0.0001  |dz|=0.081  11.5 it/s
step  40000  L=0.4530  src=0.0646  tgt=0.1942  trans=0.1942  gain=+0.0000  |dz|=0.104  11.5 it/s
  [诊断 @ 40000] loss_correct=0.0416  loss_zero=0.0428  loss_shuffled=0.0432  loss_random=0.0431  loss_target_only=0.0416  r_basis=0.0309  |dz_transport|=0.0769  z_s_vs_enc_rel=1.4201  z_spread_rel=1.0318  gain_vs_zero=0.0012  gain_vs_shuffled=0.0016  gain_vs_target_only=0.0000
  已保存 C:\T1D Meta Learning\code\python\meta-diffusion\checkpoints\cifar_ds3_step40000.pt
step  40050  L=0.1211  src=0.0586  tgt=0.0312  trans=0.0312  gain=+0.0000  |dz|=0.082  11.5 it/s
step  40100  L=0.0998  src=0.0462  tgt=0.0268  trans=0.0268  gain=+0.0000  |dz|=0.058  11.5 it/s
step  40150  L=0.1013  src=0.0373  tgt=0.0320  trans=0.0320  gain=+0.0000  |dz|=0.083  11.5 it/s
step  40200  L=0.2197  src=0.0324  tgt=0.0936  trans=0.0937  gain=-0.0000  |dz|=0.102  11.5 it/s
step  40250  L=0.0705  src=0.0374  tgt=0.0165  trans=0.0165  gain=+0.0000  |dz|=0.060  11.5 it/s
step  40300  L=0.0994  src=0.0503  tgt=0.0246  trans=0.0245  gain=+0.0000  |dz|=0.060  11.5 it/s
step  40350  L=0.0672  src=0.0286  tgt=0.0193  trans=0.0193  gain=+0.0001  |dz|=0.060  11.5 it/s
step  40400  L=0.2550  src=0.0591  tgt=0.0980  trans=0.0979  gain=+0.0000  |dz|=0.106  11.5 it/s
step  40450  L=0.0736  src=0.0432  tgt=0.0152  trans=0.0152  gain=+0.0000  |dz|=0.063  11.5 it/s
step  40500  L=0.1280  src=0.0789  tgt=0.0246  trans=0.0246  gain=+0.0000  |dz|=0.064  11.5 it/s
step  40550  L=0.1068  src=0.0567  tgt=0.0251  trans=0.0250  gain=+0.0001  |dz|=0.085  11.5 it/s
step  40600  L=0.4230  src=0.0556  tgt=0.1837  trans=0.1837  gain=+0.0001  |dz|=0.108  11.5 it/s
step  40650  L=0.1033  src=0.0380  tgt=0.0326  trans=0.0326  gain=-0.0000  |dz|=0.061  11.5 it/s
step  40700  L=0.0783  src=0.0306  tgt=0.0238  trans=0.0239  gain=-0.0000  |dz|=0.085  11.5 it/s
step  40750  L=0.2527  src=0.0423  tgt=0.1053  trans=0.1051  gain=+0.0001  |dz|=0.108  11.5 it/s
step  40800  L=0.0916  src=0.0371  tgt=0.0273  trans=0.0273  gain=-0.0000  |dz|=0.081  11.5 it/s
step  40850  L=0.2129  src=0.0353  tgt=0.0888  trans=0.0888  gain=+0.0000  |dz|=0.112  11.5 it/s
step  40900  L=0.2007  src=0.0843  tgt=0.0583  trans=0.0582  gain=+0.0001  |dz|=0.084  11.5 it/s
step  40950  L=0.4361  src=0.0637  tgt=0.1862  trans=0.1862  gain=+0.0000  |dz|=0.111  11.5 it/s
step  41000  L=0.4337  src=0.0313  tgt=0.2012  trans=0.2012  gain=+0.0000  |dz|=0.109  11.5 it/s
  [诊断 @ 41000] loss_correct=0.0875  loss_zero=0.0889  loss_shuffled=0.0888  loss_random=0.0891  loss_target_only=0.0875  r_basis=0.0354  |dz_transport|=0.0895  z_s_vs_enc_rel=1.6347  z_spread_rel=1.2580  gain_vs_zero=0.0014  gain_vs_shuffled=0.0013  gain_vs_target_only=0.0000
step  41050  L=0.1055  src=0.0581  tgt=0.0238  trans=0.0237  gain=+0.0001  |dz|=0.081  11.5 it/s
step  41100  L=0.1670  src=0.0802  tgt=0.0434  trans=0.0434  gain=+0.0000  |dz|=0.063  11.5 it/s
step  41150  L=0.1356  src=0.0706  tgt=0.0325  trans=0.0325  gain=-0.0000  |dz|=0.062  11.5 it/s
step  41200  L=0.4169  src=0.0437  tgt=0.1866  trans=0.1866  gain=+0.0000  |dz|=0.106  11.5 it/s
step  41250  L=0.1649  src=0.0739  tgt=0.0455  trans=0.0455  gain=-0.0000  |dz|=0.083  11.5 it/s
step  41300  L=0.0712  src=0.0407  tgt=0.0153  trans=0.0153  gain=+0.0000  |dz|=0.062  11.5 it/s
step  41350  L=0.4652  src=0.0610  tgt=0.2021  trans=0.2021  gain=-0.0000  |dz|=0.103  11.5 it/s
step  41400  L=0.0689  src=0.0352  tgt=0.0168  trans=0.0169  gain=-0.0001  |dz|=0.061  11.5 it/s
step  41450  L=0.1698  src=0.0507  tgt=0.0596  trans=0.0596  gain=+0.0000  |dz|=0.101  11.5 it/s
step  41500  L=0.1216  src=0.0302  tgt=0.0457  trans=0.0457  gain=+0.0000  |dz|=0.062  11.5 it/s
step  41550  L=0.2864  src=0.0929  tgt=0.0968  trans=0.0967  gain=+0.0001  |dz|=0.103  11.5 it/s
step  41600  L=0.4247  src=0.0349  tgt=0.1949  trans=0.1949  gain=-0.0000  |dz|=0.105  11.5 it/s
step  41650  L=0.0718  src=0.0287  tgt=0.0215  trans=0.0216  gain=-0.0001  |dz|=0.060  11.5 it/s
step  41700  L=0.0816  src=0.0457  tgt=0.0180  trans=0.0179  gain=+0.0001  |dz|=0.060  11.5 it/s
step  41750  L=0.3341  src=0.0440  tgt=0.1451  trans=0.1450  gain=+0.0001  |dz|=0.103  11.5 it/s
step  41800  L=0.0792  src=0.0457  tgt=0.0167  trans=0.0167  gain=+0.0000  |dz|=0.061  11.5 it/s
step  41850  L=0.3421  src=0.0450  tgt=0.1486  trans=0.1486  gain=+0.0000  |dz|=0.103  11.5 it/s
step  41900  L=0.6653  src=0.0461  tgt=0.3096  trans=0.3096  gain=-0.0000  |dz|=0.102  11.5 it/s
step  41950  L=0.1976  src=0.0640  tgt=0.0668  trans=0.0668  gain=+0.0000  |dz|=0.061  11.5 it/s
step  42000  L=0.0923  src=0.0626  tgt=0.0149  trans=0.0149  gain=+0.0000  |dz|=0.061  11.5 it/s
  [诊断 @ 42000] loss_correct=0.0272  loss_zero=0.0283  loss_shuffled=0.0274  loss_random=0.0285  loss_target_only=0.0272  r_basis=0.0305  |dz_transport|=0.0746  z_s_vs_enc_rel=1.3787  z_spread_rel=0.7587  gain_vs_zero=0.0012  gain_vs_shuffled=0.0003  gain_vs_target_only=0.0000
step  42050  L=0.1025  src=0.0366  tgt=0.0330  trans=0.0328  gain=+0.0002  |dz|=0.058  11.5 it/s
step  42100  L=0.2477  src=0.0596  tgt=0.0940  trans=0.0941  gain=-0.0001  |dz|=0.150  11.5 it/s
step  42150  L=0.1111  src=0.0552  tgt=0.0280  trans=0.0280  gain=+0.0000  |dz|=0.060  11.5 it/s
step  42200  L=0.0719  src=0.0300  tgt=0.0209  trans=0.0209  gain=+0.0000  |dz|=0.060  11.5 it/s
step  42250  L=0.3792  src=0.0688  tgt=0.1552  trans=0.1551  gain=+0.0001  |dz|=0.140  11.5 it/s
step  42300  L=0.2103  src=0.0578  tgt=0.0762  trans=0.0762  gain=+0.0000  |dz|=0.136  11.5 it/s
step  42350  L=0.0840  src=0.0530  tgt=0.0155  trans=0.0155  gain=-0.0000  |dz|=0.061  11.5 it/s
step  42400  L=0.1276  src=0.0563  tgt=0.0357  trans=0.0356  gain=+0.0000  |dz|=0.085  11.5 it/s
step  42450  L=0.4330  src=0.0723  tgt=0.1803  trans=0.1803  gain=-0.0000  |dz|=0.126  11.5 it/s
step  42500  L=0.0782  src=0.0428  tgt=0.0177  trans=0.0177  gain=+0.0000  |dz|=0.082  11.5 it/s
step  42550  L=0.1199  src=0.0351  tgt=0.0424  trans=0.0424  gain=+0.0000  |dz|=0.060  11.5 it/s
step  42600  L=0.2573  src=0.0327  tgt=0.1123  trans=0.1123  gain=+0.0000  |dz|=0.120  11.5 it/s
step  42650  L=0.1109  src=0.0602  tgt=0.0254  trans=0.0254  gain=-0.0000  |dz|=0.085  11.5 it/s
step  42700  L=0.1368  src=0.0740  tgt=0.0315  trans=0.0314  gain=+0.0001  |dz|=0.087  11.5 it/s
step  42750  L=0.1196  src=0.0599  tgt=0.0298  trans=0.0298  gain=+0.0000  |dz|=0.088  11.5 it/s
step  42800  L=0.2761  src=0.0662  tgt=0.1050  trans=0.1050  gain=-0.0000  |dz|=0.124  11.5 it/s
step  42850  L=0.0654  src=0.0327  tgt=0.0164  trans=0.0164  gain=+0.0000  |dz|=0.084  11.5 it/s
step  42900  L=0.0797  src=0.0300  tgt=0.0249  trans=0.0249  gain=-0.0000  |dz|=0.061  11.5 it/s
step  42950  L=0.1316  src=0.0648  tgt=0.0334  trans=0.0334  gain=+0.0000  |dz|=0.062  11.5 it/s
step  43000  L=0.1165  src=0.0692  tgt=0.0236  trans=0.0236  gain=+0.0000  |dz|=0.086  11.5 it/s
  [诊断 @ 43000] loss_correct=0.1027  loss_zero=0.1052  loss_shuffled=0.1069  loss_random=0.1056  loss_target_only=0.1027  r_basis=0.0409  |dz_transport|=0.1025  z_s_vs_enc_rel=1.8068  z_spread_rel=1.1049  gain_vs_zero=0.0025  gain_vs_shuffled=0.0043  gain_vs_target_only=0.0000
step  43050  L=0.1551  src=0.0551  tgt=0.0500  trans=0.0500  gain=+0.0000  |dz|=0.061  11.5 it/s
step  43100  L=0.1057  src=0.0373  tgt=0.0342  trans=0.0342  gain=+0.0001  |dz|=0.060  11.5 it/s
step  43150  L=0.0920  src=0.0604  tgt=0.0159  trans=0.0158  gain=+0.0000  |dz|=0.086  11.5 it/s
step  43200  L=0.1372  src=0.0737  tgt=0.0317  trans=0.0318  gain=-0.0000  |dz|=0.062  11.5 it/s
step  43250  L=0.1017  src=0.0561  tgt=0.0228  trans=0.0228  gain=-0.0000  |dz|=0.084  11.5 it/s
step  43300  L=0.0865  src=0.0349  tgt=0.0258  trans=0.0258  gain=-0.0000  |dz|=0.061  11.5 it/s
step  43350  L=0.1305  src=0.0729  tgt=0.0289  trans=0.0288  gain=+0.0000  |dz|=0.083  11.5 it/s
step  43400  L=0.1110  src=0.0798  tgt=0.0156  trans=0.0156  gain=+0.0000  |dz|=0.063  11.5 it/s
step  43450  L=0.1126  src=0.0739  tgt=0.0194  trans=0.0194  gain=+0.0000  |dz|=0.088  11.5 it/s
step  43500  L=0.3266  src=0.0437  tgt=0.1415  trans=0.1415  gain=-0.0000  |dz|=0.119  11.5 it/s
step  43550  L=0.0605  src=0.0325  tgt=0.0141  trans=0.0140  gain=+0.0001  |dz|=0.062  11.5 it/s
step  43600  L=0.0628  src=0.0366  tgt=0.0131  trans=0.0131  gain=+0.0000  |dz|=0.086  11.5 it/s
step  43650  L=0.1366  src=0.0681  tgt=0.0343  trans=0.0342  gain=+0.0001  |dz|=0.085  11.5 it/s
step  43700  L=0.4729  src=0.0414  tgt=0.2158  trans=0.2157  gain=+0.0000  |dz|=0.122  11.5 it/s
step  43750  L=0.3359  src=0.0515  tgt=0.1422  trans=0.1422  gain=-0.0000  |dz|=0.119  11.5 it/s
step  43800  L=0.4632  src=0.0388  tgt=0.2122  trans=0.2122  gain=-0.0000  |dz|=0.114  11.5 it/s
step  43850  L=0.1384  src=0.0518  tgt=0.0433  trans=0.0433  gain=+0.0000  |dz|=0.062  11.5 it/s
step  43900  L=0.1592  src=0.0634  tgt=0.0480  trans=0.0479  gain=+0.0001  |dz|=0.062  11.5 it/s
step  43950  L=0.3428  src=0.0384  tgt=0.1522  trans=0.1522  gain=-0.0000  |dz|=0.116  11.5 it/s
step  44000  L=0.4362  src=0.0492  tgt=0.1935  trans=0.1935  gain=-0.0000  |dz|=0.112  11.5 it/s
  [诊断 @ 44000] loss_correct=0.0702  loss_zero=0.0718  loss_shuffled=0.0737  loss_random=0.0724  loss_target_only=0.0703  r_basis=0.0351  |dz_transport|=0.0919  z_s_vs_enc_rel=1.5828  z_spread_rel=1.2762  gain_vs_zero=0.0016  gain_vs_shuffled=0.0035  gain_vs_target_only=0.0001
step  44050  L=0.2366  src=0.0595  tgt=0.0885  trans=0.0886  gain=-0.0001  |dz|=0.114  11.5 it/s
step  44100  L=0.1453  src=0.0601  tgt=0.0426  trans=0.0426  gain=+0.0001  |dz|=0.061  11.5 it/s
step  44150  L=0.4875  src=0.0490  tgt=0.2193  trans=0.2192  gain=+0.0000  |dz|=0.113  11.5 it/s
step  44200  L=0.0712  src=0.0289  tgt=0.0211  trans=0.0211  gain=+0.0000  |dz|=0.086  11.5 it/s
step  44250  L=0.1060  src=0.0447  tgt=0.0307  trans=0.0307  gain=-0.0000  |dz|=0.084  11.5 it/s
step  44300  L=0.0907  src=0.0390  tgt=0.0259  trans=0.0259  gain=-0.0000  |dz|=0.061  11.5 it/s
step  44350  L=0.5810  src=0.0675  tgt=0.2568  trans=0.2567  gain=+0.0000  |dz|=0.116  11.5 it/s
step  44400  L=0.1184  src=0.0736  tgt=0.0224  trans=0.0224  gain=-0.0000  |dz|=0.088  11.5 it/s
step  44450  L=0.1002  src=0.0613  tgt=0.0195  trans=0.0195  gain=-0.0000  |dz|=0.086  11.5 it/s
step  44500  L=0.4978  src=0.0552  tgt=0.2213  trans=0.2213  gain=-0.0000  |dz|=0.113  11.5 it/s
step  44550  L=0.2688  src=0.0435  tgt=0.1126  trans=0.1127  gain=-0.0000  |dz|=0.110  11.5 it/s
step  44600  L=0.1306  src=0.0598  tgt=0.0354  trans=0.0354  gain=-0.0001  |dz|=0.086  11.5 it/s
step  44650  L=0.2648  src=0.0711  tgt=0.0968  trans=0.0968  gain=-0.0000  |dz|=0.110  11.5 it/s
step  44700  L=0.3321  src=0.0466  tgt=0.1428  trans=0.1428  gain=-0.0000  |dz|=0.110  11.5 it/s
step  44750  L=0.3779  src=0.0572  tgt=0.1604  trans=0.1603  gain=+0.0000  |dz|=0.109  11.5 it/s
step  44800  L=0.2631  src=0.0368  tgt=0.1131  trans=0.1131  gain=+0.0000  |dz|=0.109  11.5 it/s
step  44850  L=0.5014  src=0.0681  tgt=0.2166  trans=0.2166  gain=-0.0000  |dz|=0.111  11.5 it/s
step  44900  L=0.1128  src=0.0641  tgt=0.0243  trans=0.0243  gain=+0.0000  |dz|=0.060  11.5 it/s
step  44950  L=0.4307  src=0.0765  tgt=0.1772  trans=0.1771  gain=+0.0001  |dz|=0.112  11.5 it/s
step  45000  L=0.1451  src=0.0829  tgt=0.0311  trans=0.0311  gain=-0.0000  |dz|=0.061  11.5 it/s
  [诊断 @ 45000] loss_correct=0.0455  loss_zero=0.0470  loss_shuffled=0.0474  loss_random=0.0473  loss_target_only=0.0456  r_basis=0.0355  |dz_transport|=0.0894  z_s_vs_enc_rel=1.5849  z_spread_rel=1.0591  gain_vs_zero=0.0015  gain_vs_shuffled=0.0019  gain_vs_target_only=0.0001
step  45050  L=0.3097  src=0.0297  tgt=0.1400  trans=0.1400  gain=+0.0000  |dz|=0.109  11.5 it/s
step  45100  L=0.1126  src=0.0514  tgt=0.0306  trans=0.0306  gain=+0.0000  |dz|=0.060  11.5 it/s
step  45150  L=0.3228  src=0.0370  tgt=0.1429  trans=0.1429  gain=-0.0000  |dz|=0.108  11.5 it/s
step  45200  L=0.1147  src=0.0386  tgt=0.0380  trans=0.0381  gain=-0.0001  |dz|=0.062  11.5 it/s
step  45250  L=0.1213  src=0.0514  tgt=0.0350  trans=0.0350  gain=-0.0000  |dz|=0.060  11.5 it/s
step  45300  L=0.1057  src=0.0592  tgt=0.0233  trans=0.0233  gain=+0.0000  |dz|=0.061  11.5 it/s
step  45350  L=0.1458  src=0.0492  tgt=0.0483  trans=0.0483  gain=-0.0000  |dz|=0.062  11.5 it/s
step  45400  L=0.0644  src=0.0245  tgt=0.0199  trans=0.0200  gain=-0.0000  |dz|=0.089  11.5 it/s
step  45450  L=0.0850  src=0.0518  tgt=0.0166  trans=0.0166  gain=+0.0000  |dz|=0.087  11.5 it/s
step  45500  L=0.2623  src=0.0430  tgt=0.1096  trans=0.1096  gain=+0.0000  |dz|=0.109  11.5 it/s
step  45550  L=0.1262  src=0.0467  tgt=0.0398  trans=0.0397  gain=+0.0000  |dz|=0.062  11.5 it/s
step  45600  L=0.1114  src=0.0693  tgt=0.0211  trans=0.0210  gain=+0.0000  |dz|=0.061  11.5 it/s
step  45650  L=0.1301  src=0.0529  tgt=0.0386  trans=0.0385  gain=+0.0001  |dz|=0.083  11.5 it/s
step  45700  L=0.1099  src=0.0665  tgt=0.0217  trans=0.0217  gain=-0.0000  |dz|=0.086  11.5 it/s
step  45750  L=0.1005  src=0.0316  tgt=0.0344  trans=0.0344  gain=-0.0000  |dz|=0.086  11.5 it/s
step  45800  L=0.1241  src=0.0593  tgt=0.0324  trans=0.0324  gain=+0.0001  |dz|=0.087  11.5 it/s
step  45850  L=0.1293  src=0.0644  tgt=0.0324  trans=0.0324  gain=-0.0000  |dz|=0.061  11.5 it/s
step  45900  L=0.0752  src=0.0430  tgt=0.0161  trans=0.0161  gain=-0.0000  |dz|=0.086  11.5 it/s
step  45950  L=0.1261  src=0.0801  tgt=0.0230  trans=0.0230  gain=-0.0000  |dz|=0.061  11.5 it/s
step  46000  L=0.0911  src=0.0515  tgt=0.0198  trans=0.0198  gain=+0.0000  |dz|=0.062  11.5 it/s
  [诊断 @ 46000] loss_correct=0.0861  loss_zero=0.0879  loss_shuffled=0.0883  loss_random=0.0884  loss_target_only=0.0861  r_basis=0.0404  |dz_transport|=0.0919  z_s_vs_enc_rel=1.5885  z_spread_rel=1.1986  gain_vs_zero=0.0018  gain_vs_shuffled=0.0022  gain_vs_target_only=0.0000
step  46050  L=0.1258  src=0.0657  tgt=0.0301  trans=0.0301  gain=+0.0000  |dz|=0.062  11.5 it/s
step  46100  L=0.4238  src=0.0421  tgt=0.1909  trans=0.1908  gain=+0.0000  |dz|=0.114  11.5 it/s
step  46150  L=0.1484  src=0.0666  tgt=0.0409  trans=0.0409  gain=-0.0000  |dz|=0.086  11.5 it/s
step  46200  L=0.1134  src=0.0416  tgt=0.0359  trans=0.0359  gain=+0.0000  |dz|=0.085  11.5 it/s
step  46250  L=0.3520  src=0.0407  tgt=0.1556  trans=0.1556  gain=+0.0000  |dz|=0.109  11.5 it/s
step  46300  L=0.5840  src=0.0484  tgt=0.2678  trans=0.2678  gain=-0.0000  |dz|=0.109  11.5 it/s
step  46350  L=0.3547  src=0.0546  tgt=0.1500  trans=0.1500  gain=+0.0000  |dz|=0.105  11.5 it/s
step  46400  L=0.3984  src=0.0821  tgt=0.1582  trans=0.1582  gain=+0.0000  |dz|=0.105  11.5 it/s
step  46450  L=0.0711  src=0.0392  tgt=0.0160  trans=0.0160  gain=-0.0000  |dz|=0.086  11.5 it/s
step  46500  L=0.1191  src=0.0697  tgt=0.0247  trans=0.0247  gain=-0.0000  |dz|=0.062  11.5 it/s
step  46550  L=0.1344  src=0.0695  tgt=0.0325  trans=0.0324  gain=+0.0000  |dz|=0.087  11.5 it/s
step  46600  L=0.1372  src=0.0619  tgt=0.0377  trans=0.0377  gain=+0.0000  |dz|=0.062  11.5 it/s
step  46650  L=0.3736  src=0.0566  tgt=0.1585  trans=0.1585  gain=-0.0000  |dz|=0.106  11.5 it/s
step  46700  L=0.0952  src=0.0634  tgt=0.0159  trans=0.0159  gain=+0.0000  |dz|=0.061  11.5 it/s
step  46750  L=0.3692  src=0.0422  tgt=0.1635  trans=0.1635  gain=+0.0000  |dz|=0.113  11.5 it/s
step  46800  L=0.1062  src=0.0757  tgt=0.0152  trans=0.0153  gain=-0.0000  |dz|=0.088  11.5 it/s
step  46850  L=0.1430  src=0.0992  tgt=0.0220  trans=0.0218  gain=+0.0002  |dz|=0.088  11.5 it/s
step  46900  L=0.0879  src=0.0361  tgt=0.0259  trans=0.0259  gain=+0.0000  |dz|=0.061  11.5 it/s
step  46950  L=0.0676  src=0.0352  tgt=0.0162  trans=0.0162  gain=+0.0000  |dz|=0.086  11.5 it/s
step  47000  L=0.1580  src=0.0619  tgt=0.0480  trans=0.0480  gain=+0.0000  |dz|=0.060  11.5 it/s
  [诊断 @ 47000] loss_correct=0.0527  loss_zero=0.0540  loss_shuffled=0.0560  loss_random=0.0543  loss_target_only=0.0527  r_basis=0.0325  |dz_transport|=0.0828  z_s_vs_enc_rel=1.5326  z_spread_rel=1.2022  gain_vs_zero=0.0013  gain_vs_shuffled=0.0033  gain_vs_target_only=0.0000
step  47050  L=0.4436  src=0.0613  tgt=0.1911  trans=0.1911  gain=+0.0000  |dz|=0.112  11.5 it/s
step  47100  L=0.3827  src=0.0450  tgt=0.1688  trans=0.1688  gain=+0.0000  |dz|=0.109  11.5 it/s
step  47150  L=0.1086  src=0.0580  tgt=0.0253  trans=0.0253  gain=+0.0000  |dz|=0.087  11.5 it/s
step  47200  L=0.1247  src=0.0524  tgt=0.0362  trans=0.0362  gain=+0.0000  |dz|=0.062  11.5 it/s
step  47250  L=0.4607  src=0.0527  tgt=0.2040  trans=0.2039  gain=+0.0000  |dz|=0.108  11.5 it/s
step  47300  L=0.5248  src=0.0566  tgt=0.2341  trans=0.2341  gain=+0.0000  |dz|=0.107  11.5 it/s
step  47350  L=0.0732  src=0.0432  tgt=0.0150  trans=0.0150  gain=+0.0000  |dz|=0.060  11.5 it/s
step  47400  L=0.4400  src=0.0427  tgt=0.1987  trans=0.1986  gain=+0.0000  |dz|=0.108  11.5 it/s
step  47450  L=0.1012  src=0.0523  tgt=0.0245  trans=0.0245  gain=+0.0000  |dz|=0.084  11.5 it/s
step  47500  L=0.1124  src=0.0514  tgt=0.0305  trans=0.0304  gain=+0.0000  |dz|=0.061  11.5 it/s
step  47550  L=0.1089  src=0.0619  tgt=0.0235  trans=0.0235  gain=-0.0000  |dz|=0.084  11.5 it/s
step  47600  L=0.0675  src=0.0251  tgt=0.0212  trans=0.0212  gain=+0.0000  |dz|=0.060  11.5 it/s
step  47650  L=0.0953  src=0.0431  tgt=0.0261  trans=0.0261  gain=+0.0000  |dz|=0.061  11.5 it/s
step  47700  L=0.3885  src=0.0497  tgt=0.1694  trans=0.1694  gain=-0.0000  |dz|=0.109  11.5 it/s
step  47750  L=0.1134  src=0.0461  tgt=0.0336  trans=0.0336  gain=-0.0000  |dz|=0.061  11.5 it/s
step  47800  L=0.1112  src=0.0727  tgt=0.0192  trans=0.0192  gain=-0.0000  |dz|=0.061  11.5 it/s
step  47850  L=0.1390  src=0.0561  tgt=0.0414  trans=0.0414  gain=-0.0000  |dz|=0.086  11.5 it/s
step  47900  L=0.1510  src=0.0689  tgt=0.0410  trans=0.0410  gain=+0.0000  |dz|=0.061  11.5 it/s
step  47950  L=0.2746  src=0.0510  tgt=0.1118  trans=0.1118  gain=-0.0000  |dz|=0.108  11.5 it/s
step  48000  L=0.3541  src=0.0673  tgt=0.1434  trans=0.1434  gain=+0.0000  |dz|=0.109  11.5 it/s
  [诊断 @ 48000] loss_correct=0.1042  loss_zero=0.1060  loss_shuffled=0.1076  loss_random=0.1064  loss_target_only=0.1042  r_basis=0.0404  |dz_transport|=0.0943  z_s_vs_enc_rel=1.6392  z_spread_rel=1.2138  gain_vs_zero=0.0019  gain_vs_shuffled=0.0035  gain_vs_target_only=0.0001
step  48050  L=0.0818  src=0.0421  tgt=0.0198  trans=0.0198  gain=+0.0000  |dz|=0.087  11.5 it/s
step  48100  L=0.3002  src=0.0574  tgt=0.1214  trans=0.1213  gain=+0.0000  |dz|=0.110  11.5 it/s
step  48150  L=0.3446  src=0.0782  tgt=0.1332  trans=0.1332  gain=+0.0000  |dz|=0.107  11.5 it/s
step  48200  L=0.1153  src=0.0505  tgt=0.0324  trans=0.0324  gain=-0.0000  |dz|=0.061  11.5 it/s
step  48250  L=0.5734  src=0.0621  tgt=0.2557  trans=0.2557  gain=+0.0000  |dz|=0.105  11.5 it/s
step  48300  L=0.3616  src=0.0514  tgt=0.1551  trans=0.1551  gain=-0.0000  |dz|=0.106  11.5 it/s
step  48350  L=0.1183  src=0.0641  tgt=0.0271  trans=0.0271  gain=+0.0000  |dz|=0.062  11.5 it/s
step  48400  L=0.4921  src=0.0486  tgt=0.2218  trans=0.2217  gain=+0.0001  |dz|=0.105  11.5 it/s
step  48450  L=0.1264  src=0.0438  tgt=0.0413  trans=0.0413  gain=+0.0000  |dz|=0.062  11.5 it/s
step  48500  L=0.1272  src=0.0591  tgt=0.0341  trans=0.0341  gain=+0.0000  |dz|=0.062  11.5 it/s
step  48550  L=0.0773  src=0.0451  tgt=0.0161  trans=0.0161  gain=+0.0000  |dz|=0.084  11.5 it/s
step  48600  L=0.1309  src=0.0330  tgt=0.0489  trans=0.0489  gain=+0.0000  |dz|=0.062  11.5 it/s
step  48650  L=0.0791  src=0.0355  tgt=0.0218  trans=0.0218  gain=-0.0000  |dz|=0.086  11.5 it/s
step  48700  L=0.1082  src=0.0587  tgt=0.0248  trans=0.0247  gain=+0.0001  |dz|=0.093  11.5 it/s
step  48750  L=0.0736  src=0.0340  tgt=0.0198  trans=0.0198  gain=-0.0000  |dz|=0.062  11.5 it/s
step  48800  L=0.0870  src=0.0334  tgt=0.0268  trans=0.0268  gain=+0.0000  |dz|=0.063  11.5 it/s
step  48850  L=0.0922  src=0.0334  tgt=0.0294  trans=0.0294  gain=+0.0000  |dz|=0.088  11.5 it/s
step  48900  L=0.2011  src=0.0404  tgt=0.0803  trans=0.0803  gain=+0.0000  |dz|=0.123  11.5 it/s
step  48950  L=0.1311  src=0.0396  tgt=0.0457  trans=0.0457  gain=-0.0000  |dz|=0.062  11.5 it/s
step  49000  L=0.0986  src=0.0371  tgt=0.0308  trans=0.0307  gain=+0.0000  |dz|=0.063  11.5 it/s
  [诊断 @ 49000] loss_correct=0.0831  loss_zero=0.0843  loss_shuffled=0.0870  loss_random=0.0846  loss_target_only=0.0831  r_basis=0.0346  |dz_transport|=0.0809  z_s_vs_enc_rel=1.4824  z_spread_rel=1.1471  gain_vs_zero=0.0012  gain_vs_shuffled=0.0039  gain_vs_target_only=0.0000
step  49050  L=0.0758  src=0.0468  tgt=0.0145  trans=0.0145  gain=+0.0001  |dz|=0.062  11.5 it/s
step  49100  L=0.1734  src=0.0911  tgt=0.0412  trans=0.0412  gain=+0.0001  |dz|=0.089  11.5 it/s
step  49150  L=0.1208  src=0.0552  tgt=0.0328  trans=0.0328  gain=+0.0000  |dz|=0.062  11.5 it/s
step  49200  L=0.2842  src=0.0576  tgt=0.1133  trans=0.1133  gain=+0.0000  |dz|=0.113  11.5 it/s
step  49250  L=0.1408  src=0.0747  tgt=0.0331  trans=0.0330  gain=+0.0001  |dz|=0.085  11.5 it/s
step  49300  L=0.1236  src=0.0383  tgt=0.0427  trans=0.0426  gain=+0.0001  |dz|=0.086  11.5 it/s
step  49350  L=0.0751  src=0.0414  tgt=0.0169  trans=0.0168  gain=+0.0000  |dz|=0.061  11.5 it/s
step  49400  L=0.1034  src=0.0646  tgt=0.0194  trans=0.0194  gain=+0.0000  |dz|=0.088  11.5 it/s
step  49450  L=0.1377  src=0.0822  tgt=0.0277  trans=0.0277  gain=+0.0000  |dz|=0.088  11.5 it/s
step  49500  L=0.1286  src=0.0553  tgt=0.0366  trans=0.0367  gain=-0.0000  |dz|=0.062  11.5 it/s
step  49550  L=0.1218  src=0.0630  tgt=0.0294  trans=0.0294  gain=+0.0000  |dz|=0.087  11.5 it/s
step  49600  L=0.3416  src=0.0249  tgt=0.1584  trans=0.1583  gain=+0.0000  |dz|=0.109  11.5 it/s
step  49650  L=0.3095  src=0.0838  tgt=0.1129  trans=0.1129  gain=-0.0000  |dz|=0.110  11.5 it/s
step  49700  L=0.4611  src=0.0615  tgt=0.1998  trans=0.1998  gain=+0.0000  |dz|=0.109  11.5 it/s
step  49750  L=0.4074  src=0.0510  tgt=0.1782  trans=0.1782  gain=-0.0000  |dz|=0.108  11.5 it/s
step  49800  L=0.0596  src=0.0322  tgt=0.0137  trans=0.0137  gain=+0.0001  |dz|=0.063  11.5 it/s
step  49850  L=0.1765  src=0.1149  tgt=0.0308  trans=0.0308  gain=+0.0000  |dz|=0.086  11.5 it/s
step  49900  L=0.1038  src=0.0384  tgt=0.0327  trans=0.0327  gain=-0.0000  |dz|=0.065  11.5 it/s
step  49950  L=0.2472  src=0.0377  tgt=0.1048  trans=0.1048  gain=+0.0000  |dz|=0.112  11.5 it/s
step  50000  L=0.0984  src=0.0637  tgt=0.0174  trans=0.0173  gain=+0.0000  |dz|=0.088  11.5 it/s
  [诊断 @ 50000] loss_correct=0.0859  loss_zero=0.0874  loss_shuffled=0.0908  loss_random=0.0879  loss_target_only=0.0859  r_basis=0.0388  |dz_transport|=0.0928  z_s_vs_enc_rel=1.6600  z_spread_rel=1.2080  gain_vs_zero=0.0016  gain_vs_shuffled=0.0049  gain_vs_target_only=0.0000
  已保存 C:\T1D Meta Learning\code\python\meta-diffusion\checkpoints\cifar_ds3_step50000.pt

完成,用时 72.3 分钟。日志: C:\T1D Meta Learning\code\python\meta-diffusion\checkpoints\cifar_ds3_log.jsonl
