设备 cuda · 骨干 small_unet · k=16
φ 27.80M + encoder 0.33M + transport 6.3K
训练 episode 组合 400 · 共 50000 步

step      1  L=3.3063  src=1.0973  tgt=1.1045  trans=1.1045  gain=+0.0000  |dz|=0.011  1.6 it/s
step     50  L=1.1201  src=0.3852  tgt=0.3671  trans=0.3678  gain=-0.0007  |dz|=0.017  10.4 it/s
step    100  L=0.4851  src=0.1948  tgt=0.1449  trans=0.1450  gain=-0.0000  |dz|=0.037  11.0 it/s
step    150  L=0.2943  src=0.1365  tgt=0.0784  trans=0.0785  gain=-0.0002  |dz|=0.063  11.2 it/s
step    200  L=0.2428  src=0.1067  tgt=0.0682  trans=0.0669  gain=+0.0014  |dz|=0.076  11.3 it/s
step    250  L=0.2483  src=0.0960  tgt=0.0757  trans=0.0756  gain=+0.0000  |dz|=0.080  11.4 it/s
step    300  L=0.2520  src=0.0804  tgt=0.0856  trans=0.0850  gain=+0.0006  |dz|=0.084  11.4 it/s
step    350  L=0.2121  src=0.0953  tgt=0.0579  trans=0.0580  gain=-0.0002  |dz|=0.079  11.4 it/s
step    400  L=0.1917  src=0.0891  tgt=0.0508  trans=0.0511  gain=-0.0002  |dz|=0.066  11.5 it/s
step    450  L=0.2216  src=0.0677  tgt=0.0767  trans=0.0768  gain=-0.0000  |dz|=0.054  11.5 it/s
step    500  L=0.2510  src=0.0988  tgt=0.0759  trans=0.0759  gain=+0.0000  |dz|=0.050  11.5 it/s
step    550  L=0.1522  src=0.0846  tgt=0.0337  trans=0.0336  gain=+0.0001  |dz|=0.045  11.5 it/s
step    600  L=0.1833  src=0.0786  tgt=0.0522  trans=0.0522  gain=-0.0000  |dz|=0.044  11.5 it/s
step    650  L=0.2116  src=0.1303  tgt=0.0403  trans=0.0407  gain=-0.0004  |dz|=0.049  11.5 it/s
step    700  L=0.1981  src=0.0949  tgt=0.0516  trans=0.0514  gain=+0.0002  |dz|=0.052  11.5 it/s
step    750  L=0.1366  src=0.0707  tgt=0.0329  trans=0.0327  gain=+0.0002  |dz|=0.056  11.6 it/s
step    800  L=0.1865  src=0.0899  tgt=0.0482  trans=0.0481  gain=+0.0001  |dz|=0.062  11.6 it/s
step    850  L=0.1637  src=0.0944  tgt=0.0345  trans=0.0345  gain=-0.0000  |dz|=0.068  11.6 it/s
step    900  L=0.1995  src=0.1257  tgt=0.0373  trans=0.0364  gain=+0.0009  |dz|=0.072  11.6 it/s
step    950  L=0.1108  src=0.0586  tgt=0.0262  trans=0.0259  gain=+0.0003  |dz|=0.078  11.6 it/s
step   1000  L=0.1610  src=0.0853  tgt=0.0378  trans=0.0377  gain=+0.0000  |dz|=0.081  11.6 it/s
  [诊断 @ 1000] loss_correct=0.1171  loss_zero=0.2000  loss_shuffled=0.1171  loss_random=0.1982  loss_target_only=0.1172  r_basis=0.2543  |dz_transport|=0.0351  z_s_vs_enc_rel=0.0270  z_spread_rel=0.0193  gain_vs_zero=0.0830  gain_vs_shuffled=-0.0000  gain_vs_target_only=0.0001
    ⚠ 坐标塌缩: 跨 episode 的 z 相对间距仅 0.019（阈值 0.05）—— encoder 在输出近似常量，此时 gain_vs_zero 反映的是基被当作共享容量，不是任务特异性
    ⚠ z_S 与 z^enc_T 相对间距仅 0.027 —— encoder 没有把 source 集和 target 集区分开
step   1050  L=0.1289  src=0.0619  tgt=0.0334  trans=0.0334  gain=+0.0000  |dz|=0.086  11.5 it/s
step   1100  L=0.1613  src=0.0799  tgt=0.0406  trans=0.0406  gain=-0.0000  |dz|=0.090  11.6 it/s
step   1150  L=0.1408  src=0.0791  tgt=0.0308  trans=0.0308  gain=-0.0000  |dz|=0.096  11.6 it/s
step   1200  L=0.1684  src=0.0980  tgt=0.0351  trans=0.0351  gain=-0.0000  |dz|=0.099  11.6 it/s
step   1250  L=0.1498  src=0.0752  tgt=0.0372  trans=0.0372  gain=+0.0000  |dz|=0.102  11.6 it/s
step   1300  L=0.1272  src=0.0640  tgt=0.0315  trans=0.0315  gain=-0.0000  |dz|=0.104  11.6 it/s
step   1350  L=0.1020  src=0.0510  tgt=0.0254  trans=0.0255  gain=-0.0002  |dz|=0.108  11.6 it/s
step   1400  L=0.0916  src=0.0358  tgt=0.0278  trans=0.0279  gain=-0.0000  |dz|=0.110  11.6 it/s
step   1450  L=0.1044  src=0.0598  tgt=0.0223  trans=0.0221  gain=+0.0002  |dz|=0.112  11.6 it/s
step   1500  L=0.0986  src=0.0483  tgt=0.0251  trans=0.0251  gain=-0.0000  |dz|=0.116  11.6 it/s
step   1550  L=0.0753  src=0.0354  tgt=0.0199  trans=0.0198  gain=+0.0001  |dz|=0.116  11.6 it/s
step   1600  L=0.1704  src=0.1173  tgt=0.0265  trans=0.0265  gain=+0.0000  |dz|=0.117  11.6 it/s
step   1650  L=0.1479  src=0.0547  tgt=0.0466  trans=0.0465  gain=+0.0001  |dz|=0.116  11.7 it/s
step   1700  L=0.1187  src=0.0697  tgt=0.0245  trans=0.0244  gain=+0.0001  |dz|=0.117  11.7 it/s
step   1750  L=0.1101  src=0.0637  tgt=0.0232  trans=0.0231  gain=+0.0001  |dz|=0.116  11.7 it/s
step   1800  L=0.1423  src=0.0522  tgt=0.0450  trans=0.0450  gain=-0.0000  |dz|=0.117  11.7 it/s
step   1850  L=0.1183  src=0.0630  tgt=0.0276  trans=0.0276  gain=-0.0000  |dz|=0.119  11.7 it/s
step   1900  L=0.1314  src=0.0661  tgt=0.0326  trans=0.0326  gain=+0.0000  |dz|=0.119  11.7 it/s
step   1950  L=0.1545  src=0.0848  tgt=0.0348  trans=0.0348  gain=-0.0000  |dz|=0.118  11.7 it/s
step   2000  L=0.0915  src=0.0420  tgt=0.0247  trans=0.0247  gain=+0.0000  |dz|=0.119  11.7 it/s
  [诊断 @ 2000] loss_correct=0.0540  loss_zero=0.1376  loss_shuffled=0.0540  loss_random=0.1421  loss_target_only=0.0542  r_basis=0.4017  |dz_transport|=0.0797  z_s_vs_enc_rel=0.0323  z_spread_rel=0.0253  gain_vs_zero=0.0835  gain_vs_shuffled=0.0000  gain_vs_target_only=0.0002
    ⚠ 坐标塌缩: 跨 episode 的 z 相对间距仅 0.025（阈值 0.05）—— encoder 在输出近似常量，此时 gain_vs_zero 反映的是基被当作共享容量，不是任务特异性
    ⚠ z_S 与 z^enc_T 相对间距仅 0.032 —— encoder 没有把 source 集和 target 集区分开
step   2050  L=0.1167  src=0.0601  tgt=0.0283  trans=0.0281  gain=+0.0001  |dz|=0.119  11.7 it/s
step   2100  L=0.1355  src=0.0711  tgt=0.0322  trans=0.0321  gain=+0.0001  |dz|=0.119  11.7 it/s
step   2150  L=0.1239  src=0.0683  tgt=0.0278  trans=0.0278  gain=+0.0000  |dz|=0.118  11.7 it/s
step   2200  L=0.1250  src=0.0618  tgt=0.0316  trans=0.0315  gain=+0.0000  |dz|=0.117  11.7 it/s
step   2250  L=0.1708  src=0.0846  tgt=0.0431  trans=0.0430  gain=+0.0000  |dz|=0.115  11.7 it/s
step   2300  L=0.1208  src=0.0800  tgt=0.0204  trans=0.0203  gain=+0.0000  |dz|=0.113  11.7 it/s
step   2350  L=0.1144  src=0.0490  tgt=0.0326  trans=0.0327  gain=-0.0001  |dz|=0.109  11.7 it/s
step   2400  L=0.1219  src=0.0344  tgt=0.0437  trans=0.0437  gain=+0.0000  |dz|=0.109  11.7 it/s
step   2450  L=0.1311  src=0.0701  tgt=0.0305  trans=0.0305  gain=-0.0000  |dz|=0.107  11.7 it/s
step   2500  L=0.1049  src=0.0553  tgt=0.0248  trans=0.0248  gain=-0.0000  |dz|=0.105  11.7 it/s
step   2550  L=0.1020  src=0.0574  tgt=0.0223  trans=0.0223  gain=+0.0000  |dz|=0.103  11.7 it/s
step   2600  L=0.1191  src=0.0539  tgt=0.0326  trans=0.0326  gain=+0.0000  |dz|=0.102  11.7 it/s
step   2650  L=0.1687  src=0.0820  tgt=0.0433  trans=0.0433  gain=+0.0000  |dz|=0.103  11.7 it/s
step   2700  L=0.0816  src=0.0439  tgt=0.0189  trans=0.0188  gain=+0.0001  |dz|=0.102  11.7 it/s
step   2750  L=0.1357  src=0.0868  tgt=0.0244  trans=0.0244  gain=-0.0000  |dz|=0.102  11.7 it/s
step   2800  L=0.1305  src=0.0673  tgt=0.0316  trans=0.0316  gain=-0.0000  |dz|=0.102  11.7 it/s
step   2850  L=0.0966  src=0.0671  tgt=0.0147  trans=0.0147  gain=-0.0000  |dz|=0.098  11.7 it/s
step   2900  L=0.0973  src=0.0489  tgt=0.0242  trans=0.0241  gain=+0.0001  |dz|=0.099  11.7 it/s
step   2950  L=0.0791  src=0.0517  tgt=0.0136  trans=0.0136  gain=+0.0000  |dz|=0.101  11.7 it/s
step   3000  L=0.1159  src=0.0768  tgt=0.0196  trans=0.0195  gain=+0.0001  |dz|=0.101  11.7 it/s
  [诊断 @ 3000] loss_correct=0.0391  loss_zero=0.1201  loss_shuffled=0.0391  loss_random=0.1244  loss_target_only=0.0391  r_basis=0.4121  |dz_transport|=0.0958  z_s_vs_enc_rel=0.0355  z_spread_rel=0.0269  gain_vs_zero=0.0810  gain_vs_shuffled=0.0000  gain_vs_target_only=0.0001
    ⚠ 坐标塌缩: 跨 episode 的 z 相对间距仅 0.027（阈值 0.05）—— encoder 在输出近似常量，此时 gain_vs_zero 反映的是基被当作共享容量，不是任务特异性
    ⚠ z_S 与 z^enc_T 相对间距仅 0.036 —— encoder 没有把 source 集和 target 集区分开
step   3050  L=0.1187  src=0.0661  tgt=0.0262  trans=0.0263  gain=-0.0000  |dz|=0.102  11.7 it/s
step   3100  L=0.1102  src=0.0705  tgt=0.0199  trans=0.0198  gain=+0.0000  |dz|=0.104  11.7 it/s
step   3150  L=0.0863  src=0.0544  tgt=0.0159  trans=0.0159  gain=-0.0000  |dz|=0.106  11.7 it/s
step   3200  L=0.1528  src=0.0724  tgt=0.0402  trans=0.0402  gain=+0.0000  |dz|=0.104  11.7 it/s
step   3250  L=0.0976  src=0.0582  tgt=0.0197  trans=0.0197  gain=-0.0000  |dz|=0.103  11.7 it/s
step   3300  L=0.1267  src=0.0698  tgt=0.0285  trans=0.0283  gain=+0.0001  |dz|=0.102  11.7 it/s
step   3350  L=0.1275  src=0.0580  tgt=0.0347  trans=0.0347  gain=+0.0000  |dz|=0.098  11.7 it/s
step   3400  L=0.1170  src=0.0744  tgt=0.0213  trans=0.0213  gain=+0.0000  |dz|=0.099  11.7 it/s
step   3450  L=0.0805  src=0.0376  tgt=0.0214  trans=0.0214  gain=+0.0000  |dz|=0.097  11.7 it/s
step   3500  L=0.1124  src=0.0404  tgt=0.0361  trans=0.0359  gain=+0.0001  |dz|=0.099  11.8 it/s
step   3550  L=0.1111  src=0.0588  tgt=0.0261  trans=0.0262  gain=-0.0000  |dz|=0.100  11.8 it/s
step   3600  L=0.1461  src=0.0520  tgt=0.0470  trans=0.0470  gain=+0.0001  |dz|=0.097  11.8 it/s
step   3650  L=0.1024  src=0.0435  tgt=0.0295  trans=0.0294  gain=+0.0000  |dz|=0.097  11.8 it/s
step   3700  L=0.1275  src=0.0860  tgt=0.0208  trans=0.0208  gain=-0.0000  |dz|=0.098  11.8 it/s
step   3750  L=0.0915  src=0.0395  tgt=0.0259  trans=0.0260  gain=-0.0000  |dz|=0.097  11.8 it/s
step   3800  L=0.1215  src=0.0785  tgt=0.0214  trans=0.0214  gain=-0.0000  |dz|=0.098  11.8 it/s
step   3850  L=0.1000  src=0.0291  tgt=0.0355  trans=0.0354  gain=+0.0000  |dz|=0.100  11.8 it/s
step   3900  L=0.1366  src=0.0601  tgt=0.0383  trans=0.0382  gain=+0.0001  |dz|=0.101  11.8 it/s
step   3950  L=0.1019  src=0.0382  tgt=0.0319  trans=0.0318  gain=+0.0000  |dz|=0.101  11.8 it/s
step   4000  L=0.1169  src=0.0471  tgt=0.0349  trans=0.0349  gain=-0.0000  |dz|=0.100  11.8 it/s
  [诊断 @ 4000] loss_correct=0.0324  loss_zero=0.1029  loss_shuffled=0.0324  loss_random=0.1110  loss_target_only=0.0325  r_basis=0.3700  |dz_transport|=0.0980  z_s_vs_enc_rel=0.0864  z_spread_rel=0.0395  gain_vs_zero=0.0705  gain_vs_shuffled=-0.0000  gain_vs_target_only=0.0000
    ⚠ 坐标塌缩: 跨 episode 的 z 相对间距仅 0.039（阈值 0.05）—— encoder 在输出近似常量，此时 gain_vs_zero 反映的是基被当作共享容量，不是任务特异性
step   4050  L=0.0813  src=0.0459  tgt=0.0177  trans=0.0177  gain=-0.0000  |dz|=0.098  11.8 it/s
step   4100  L=0.1110  src=0.0584  tgt=0.0263  trans=0.0263  gain=-0.0000  |dz|=0.101  11.8 it/s
step   4150  L=0.1138  src=0.0628  tgt=0.0255  trans=0.0254  gain=+0.0001  |dz|=0.098  11.8 it/s
step   4200  L=0.1474  src=0.0673  tgt=0.0401  trans=0.0400  gain=+0.0000  |dz|=0.096  11.8 it/s
step   4250  L=0.1196  src=0.0504  tgt=0.0346  trans=0.0346  gain=-0.0000  |dz|=0.097  11.8 it/s
step   4300  L=0.0918  src=0.0456  tgt=0.0231  trans=0.0231  gain=-0.0000  |dz|=0.097  11.8 it/s
step   4350  L=0.1391  src=0.0657  tgt=0.0366  trans=0.0367  gain=-0.0001  |dz|=0.095  11.8 it/s
step   4400  L=0.1181  src=0.0640  tgt=0.0270  trans=0.0270  gain=-0.0000  |dz|=0.093  11.8 it/s
step   4450  L=0.1188  src=0.0664  tgt=0.0262  trans=0.0262  gain=+0.0000  |dz|=0.090  11.8 it/s
step   4500  L=0.1061  src=0.0519  tgt=0.0271  trans=0.0271  gain=+0.0000  |dz|=0.090  11.8 it/s
step   4550  L=0.1049  src=0.0631  tgt=0.0209  trans=0.0209  gain=-0.0000  |dz|=0.092  11.8 it/s
step   4600  L=0.1229  src=0.0601  tgt=0.0314  trans=0.0314  gain=+0.0000  |dz|=0.093  11.8 it/s
step   4650  L=0.1295  src=0.0502  tgt=0.0397  trans=0.0397  gain=-0.0000  |dz|=0.092  11.8 it/s
step   4700  L=0.1018  src=0.0493  tgt=0.0263  trans=0.0262  gain=+0.0000  |dz|=0.091  11.8 it/s
step   4750  L=0.0939  src=0.0501  tgt=0.0219  trans=0.0219  gain=-0.0000  |dz|=0.090  11.8 it/s
step   4800  L=0.0859  src=0.0278  tgt=0.0290  trans=0.0290  gain=+0.0000  |dz|=0.089  11.8 it/s
step   4850  L=0.1081  src=0.0592  tgt=0.0245  trans=0.0244  gain=+0.0002  |dz|=0.092  11.8 it/s
step   4900  L=0.1372  src=0.0757  tgt=0.0307  trans=0.0307  gain=-0.0000  |dz|=0.093  11.8 it/s
step   4950  L=0.1412  src=0.0682  tgt=0.0365  trans=0.0365  gain=+0.0000  |dz|=0.095  11.8 it/s
step   5000  L=0.1003  src=0.0590  tgt=0.0206  trans=0.0207  gain=-0.0001  |dz|=0.092  11.8 it/s
  [诊断 @ 5000] loss_correct=0.0258  loss_zero=0.0837  loss_shuffled=0.0258  loss_random=0.0891  loss_target_only=0.0258  r_basis=0.3174  |dz_transport|=0.0947  z_s_vs_enc_rel=0.1464  z_spread_rel=0.0628  gain_vs_zero=0.0579  gain_vs_shuffled=0.0000  gain_vs_target_only=0.0000
  已保存 C:\T1D Meta Learning\code\python\meta-diffusion\checkpoints\cifar_ds_blur_step5000.pt
step   5050  L=0.1151  src=0.0462  tgt=0.0344  trans=0.0344  gain=-0.0000  |dz|=0.092  11.8 it/s
step   5100  L=0.0848  src=0.0487  tgt=0.0181  trans=0.0181  gain=-0.0000  |dz|=0.094  11.8 it/s
step   5150  L=0.1495  src=0.0738  tgt=0.0378  trans=0.0378  gain=+0.0000  |dz|=0.095  11.8 it/s
step   5200  L=0.1220  src=0.0559  tgt=0.0330  trans=0.0330  gain=+0.0001  |dz|=0.095  11.8 it/s
step   5250  L=0.0819  src=0.0473  tgt=0.0172  trans=0.0173  gain=-0.0000  |dz|=0.092  11.8 it/s
step   5300  L=0.1373  src=0.0668  tgt=0.0352  trans=0.0353  gain=-0.0000  |dz|=0.092  11.8 it/s
step   5350  L=0.1212  src=0.0652  tgt=0.0280  trans=0.0280  gain=-0.0000  |dz|=0.090  11.8 it/s
step   5400  L=0.1056  src=0.0577  tgt=0.0240  trans=0.0239  gain=+0.0000  |dz|=0.091  11.8 it/s
step   5450  L=0.1386  src=0.0750  tgt=0.0318  trans=0.0318  gain=-0.0000  |dz|=0.091  11.8 it/s
step   5500  L=0.1074  src=0.0551  tgt=0.0261  trans=0.0261  gain=-0.0000  |dz|=0.090  11.8 it/s
step   5550  L=0.0900  src=0.0267  tgt=0.0316  trans=0.0317  gain=-0.0000  |dz|=0.088  11.8 it/s
step   5600  L=0.0775  src=0.0329  tgt=0.0223  trans=0.0223  gain=-0.0000  |dz|=0.091  11.8 it/s
step   5650  L=0.1803  src=0.0762  tgt=0.0521  trans=0.0520  gain=+0.0001  |dz|=0.091  11.8 it/s
step   5700  L=0.0954  src=0.0550  tgt=0.0202  trans=0.0202  gain=+0.0000  |dz|=0.090  11.8 it/s
step   5750  L=0.1006  src=0.0309  tgt=0.0348  trans=0.0349  gain=-0.0000  |dz|=0.092  11.8 it/s
step   5800  L=0.1017  src=0.0599  tgt=0.0209  trans=0.0209  gain=+0.0000  |dz|=0.091  11.8 it/s
step   5850  L=0.1183  src=0.0708  tgt=0.0238  trans=0.0237  gain=+0.0000  |dz|=0.091  11.8 it/s
step   5900  L=0.1138  src=0.0641  tgt=0.0249  trans=0.0249  gain=-0.0000  |dz|=0.093  11.8 it/s
step   5950  L=0.1098  src=0.0700  tgt=0.0199  trans=0.0199  gain=-0.0000  |dz|=0.094  11.8 it/s
step   6000  L=0.0961  src=0.0458  tgt=0.0251  trans=0.0251  gain=-0.0000  |dz|=0.093  11.8 it/s
  [诊断 @ 6000] loss_correct=0.0265  loss_zero=0.0734  loss_shuffled=0.0266  loss_random=0.0769  loss_target_only=0.0266  r_basis=0.2776  |dz_transport|=0.0925  z_s_vs_enc_rel=0.1896  z_spread_rel=0.0740  gain_vs_zero=0.0469  gain_vs_shuffled=0.0000  gain_vs_target_only=0.0000
step   6050  L=0.1033  src=0.0492  tgt=0.0270  trans=0.0271  gain=-0.0001  |dz|=0.095  11.8 it/s
step   6100  L=0.1249  src=0.0550  tgt=0.0349  trans=0.0349  gain=-0.0000  |dz|=0.094  11.8 it/s
step   6150  L=0.1018  src=0.0494  tgt=0.0262  trans=0.0262  gain=+0.0000  |dz|=0.096  11.8 it/s
step   6200  L=0.1697  src=0.1084  tgt=0.0306  trans=0.0306  gain=+0.0000  |dz|=0.098  11.8 it/s
step   6250  L=0.1039  src=0.0485  tgt=0.0277  trans=0.0277  gain=-0.0000  |dz|=0.096  11.8 it/s
step   6300  L=0.1097  src=0.0413  tgt=0.0341  trans=0.0342  gain=-0.0001  |dz|=0.097  11.8 it/s
step   6350  L=0.1000  src=0.0552  tgt=0.0224  trans=0.0224  gain=+0.0000  |dz|=0.096  11.8 it/s
step   6400  L=0.1360  src=0.0885  tgt=0.0238  trans=0.0238  gain=+0.0000  |dz|=0.092  11.8 it/s
step   6450  L=0.1097  src=0.0619  tgt=0.0239  trans=0.0239  gain=-0.0000  |dz|=0.094  11.8 it/s
step   6500  L=0.1643  src=0.0978  tgt=0.0332  trans=0.0332  gain=-0.0000  |dz|=0.094  11.8 it/s
step   6550  L=0.1243  src=0.0598  tgt=0.0322  trans=0.0322  gain=+0.0000  |dz|=0.092  11.8 it/s
step   6600  L=0.1124  src=0.0659  tgt=0.0232  trans=0.0233  gain=-0.0000  |dz|=0.091  11.8 it/s
step   6650  L=0.1734  src=0.1113  tgt=0.0310  trans=0.0310  gain=-0.0000  |dz|=0.093  11.8 it/s
step   6700  L=0.1254  src=0.0782  tgt=0.0236  trans=0.0236  gain=-0.0001  |dz|=0.094  11.8 it/s
step   6750  L=0.0561  src=0.0217  tgt=0.0172  trans=0.0172  gain=+0.0000  |dz|=0.091  11.8 it/s
step   6800  L=0.1152  src=0.0631  tgt=0.0261  trans=0.0260  gain=+0.0000  |dz|=0.093  11.8 it/s
step   6850  L=0.1186  src=0.0619  tgt=0.0283  trans=0.0283  gain=+0.0000  |dz|=0.097  11.8 it/s
step   6900  L=0.1648  src=0.0996  tgt=0.0326  trans=0.0326  gain=+0.0000  |dz|=0.099  11.8 it/s
step   6950  L=0.1220  src=0.0571  tgt=0.0325  trans=0.0325  gain=+0.0000  |dz|=0.097  11.8 it/s
step   7000  L=0.1089  src=0.0512  tgt=0.0289  trans=0.0289  gain=-0.0000  |dz|=0.090  11.8 it/s
  [诊断 @ 7000] loss_correct=0.0288  loss_zero=0.0663  loss_shuffled=0.0288  loss_random=0.0689  loss_target_only=0.0288  r_basis=0.2411  |dz_transport|=0.0935  z_s_vs_enc_rel=0.2661  z_spread_rel=0.1111  gain_vs_zero=0.0375  gain_vs_shuffled=0.0000  gain_vs_target_only=0.0000
step   7050  L=0.1044  src=0.0729  tgt=0.0157  trans=0.0157  gain=+0.0000  |dz|=0.086  11.8 it/s
step   7100  L=0.1182  src=0.0665  tgt=0.0258  trans=0.0258  gain=-0.0000  |dz|=0.088  11.8 it/s
step   7150  L=0.1171  src=0.0723  tgt=0.0224  trans=0.0224  gain=-0.0000  |dz|=0.089  11.8 it/s
step   7200  L=0.1499  src=0.1025  tgt=0.0237  trans=0.0237  gain=-0.0000  |dz|=0.090  11.8 it/s
step   7250  L=0.1176  src=0.0641  tgt=0.0268  trans=0.0267  gain=+0.0000  |dz|=0.090  11.8 it/s
step   7300  L=0.1598  src=0.0790  tgt=0.0403  trans=0.0405  gain=-0.0002  |dz|=0.091  11.8 it/s
step   7350  L=0.1092  src=0.0645  tgt=0.0223  trans=0.0223  gain=+0.0000  |dz|=0.090  11.8 it/s
step   7400  L=0.1463  src=0.0743  tgt=0.0360  trans=0.0360  gain=-0.0000  |dz|=0.089  11.8 it/s
step   7450  L=0.1356  src=0.0921  tgt=0.0217  trans=0.0217  gain=-0.0000  |dz|=0.089  11.8 it/s
step   7500  L=0.1183  src=0.0529  tgt=0.0327  trans=0.0327  gain=-0.0000  |dz|=0.086  11.8 it/s
step   7550  L=0.1063  src=0.0532  tgt=0.0266  trans=0.0266  gain=+0.0000  |dz|=0.089  11.8 it/s
step   7600  L=0.1391  src=0.0923  tgt=0.0234  trans=0.0234  gain=+0.0000  |dz|=0.092  11.8 it/s
step   7650  L=0.1959  src=0.1270  tgt=0.0345  trans=0.0345  gain=-0.0000  |dz|=0.093  11.8 it/s
step   7700  L=0.0726  src=0.0356  tgt=0.0185  trans=0.0185  gain=-0.0000  |dz|=0.091  11.8 it/s
step   7750  L=0.0866  src=0.0569  tgt=0.0148  trans=0.0148  gain=+0.0000  |dz|=0.090  11.8 it/s
step   7800  L=0.0957  src=0.0391  tgt=0.0284  trans=0.0283  gain=+0.0001  |dz|=0.086  11.8 it/s
step   7850  L=0.1035  src=0.0572  tgt=0.0231  trans=0.0231  gain=-0.0000  |dz|=0.087  11.8 it/s
step   7900  L=0.1275  src=0.0653  tgt=0.0311  trans=0.0311  gain=-0.0000  |dz|=0.088  11.8 it/s
step   7950  L=0.0858  src=0.0348  tgt=0.0255  trans=0.0255  gain=-0.0000  |dz|=0.087  11.8 it/s
step   8000  L=0.1124  src=0.0725  tgt=0.0199  trans=0.0199  gain=+0.0000  |dz|=0.086  11.8 it/s
  [诊断 @ 8000] loss_correct=0.0283  loss_zero=0.0581  loss_shuffled=0.0283  loss_random=0.0588  loss_target_only=0.0283  r_basis=0.2086  |dz_transport|=0.0903  z_s_vs_enc_rel=0.3309  z_spread_rel=0.0614  gain_vs_zero=0.0297  gain_vs_shuffled=0.0000  gain_vs_target_only=0.0000
step   8050  L=0.1984  src=0.1115  tgt=0.0434  trans=0.0435  gain=-0.0001  |dz|=0.089  11.8 it/s
step   8100  L=0.1042  src=0.0393  tgt=0.0325  trans=0.0324  gain=+0.0001  |dz|=0.089  11.8 it/s
step   8150  L=0.1064  src=0.0468  tgt=0.0298  trans=0.0298  gain=+0.0000  |dz|=0.092  11.8 it/s
step   8200  L=0.1034  src=0.0411  tgt=0.0312  trans=0.0312  gain=-0.0000  |dz|=0.089  11.8 it/s
step   8250  L=0.1122  src=0.0491  tgt=0.0316  trans=0.0315  gain=+0.0000  |dz|=0.083  11.8 it/s
step   8300  L=0.1232  src=0.0802  tgt=0.0215  trans=0.0215  gain=+0.0000  |dz|=0.085  11.8 it/s
step   8350  L=0.0990  src=0.0603  tgt=0.0194  trans=0.0194  gain=-0.0000  |dz|=0.087  11.8 it/s
step   8400  L=0.1184  src=0.0639  tgt=0.0272  trans=0.0272  gain=+0.0000  |dz|=0.086  11.8 it/s
step   8450  L=0.0693  src=0.0341  tgt=0.0176  trans=0.0176  gain=+0.0000  |dz|=0.083  11.8 it/s
step   8500  L=0.0878  src=0.0521  tgt=0.0179  trans=0.0179  gain=+0.0000  |dz|=0.083  11.8 it/s
step   8550  L=0.1184  src=0.0641  tgt=0.0271  trans=0.0271  gain=+0.0000  |dz|=0.084  11.8 it/s
step   8600  L=0.0831  src=0.0381  tgt=0.0225  trans=0.0225  gain=+0.0000  |dz|=0.084  11.8 it/s
step   8650  L=0.1359  src=0.0966  tgt=0.0197  trans=0.0196  gain=+0.0000  |dz|=0.081  11.8 it/s
step   8700  L=0.0609  src=0.0342  tgt=0.0134  trans=0.0134  gain=+0.0000  |dz|=0.083  11.8 it/s
step   8750  L=0.0886  src=0.0439  tgt=0.0223  trans=0.0224  gain=-0.0001  |dz|=0.080  11.8 it/s
step   8800  L=0.1013  src=0.0375  tgt=0.0319  trans=0.0319  gain=+0.0000  |dz|=0.083  11.8 it/s
step   8850  L=0.1104  src=0.0578  tgt=0.0263  trans=0.0263  gain=-0.0000  |dz|=0.086  11.8 it/s
step   8900  L=0.1568  src=0.0877  tgt=0.0346  trans=0.0345  gain=+0.0000  |dz|=0.087  11.8 it/s
step   8950  L=0.1102  src=0.0457  tgt=0.0323  trans=0.0323  gain=+0.0000  |dz|=0.089  11.8 it/s
step   9000  L=0.0896  src=0.0473  tgt=0.0211  trans=0.0211  gain=+0.0000  |dz|=0.087  11.8 it/s
  [诊断 @ 9000] loss_correct=0.0295  loss_zero=0.0538  loss_shuffled=0.0295  loss_random=0.0550  loss_target_only=0.0295  r_basis=0.1845  |dz_transport|=0.0871  z_s_vs_enc_rel=0.3910  z_spread_rel=0.0917  gain_vs_zero=0.0242  gain_vs_shuffled=0.0000  gain_vs_target_only=0.0000
step   9050  L=0.1093  src=0.0648  tgt=0.0223  trans=0.0222  gain=+0.0000  |dz|=0.085  11.8 it/s
step   9100  L=0.1301  src=0.0608  tgt=0.0347  trans=0.0347  gain=-0.0000  |dz|=0.090  11.8 it/s
step   9150  L=0.0616  src=0.0233  tgt=0.0191  trans=0.0192  gain=-0.0000  |dz|=0.084  11.8 it/s
step   9200  L=0.0991  src=0.0409  tgt=0.0292  trans=0.0291  gain=+0.0000  |dz|=0.085  11.8 it/s
step   9250  L=0.0975  src=0.0419  tgt=0.0278  trans=0.0278  gain=+0.0000  |dz|=0.085  11.8 it/s
step   9300  L=0.1364  src=0.0700  tgt=0.0332  trans=0.0332  gain=+0.0001  |dz|=0.090  11.8 it/s
step   9350  L=0.1572  src=0.0827  tgt=0.0372  trans=0.0373  gain=-0.0001  |dz|=0.090  11.8 it/s
step   9400  L=0.0922  src=0.0375  tgt=0.0274  trans=0.0274  gain=+0.0000  |dz|=0.086  11.8 it/s
step   9450  L=0.1291  src=0.0828  tgt=0.0231  trans=0.0232  gain=-0.0000  |dz|=0.087  11.8 it/s
step   9500  L=0.0804  src=0.0464  tgt=0.0170  trans=0.0170  gain=+0.0000  |dz|=0.082  11.8 it/s
step   9550  L=0.1814  src=0.1210  tgt=0.0302  trans=0.0302  gain=+0.0000  |dz|=0.087  11.8 it/s
step   9600  L=0.0849  src=0.0448  tgt=0.0201  trans=0.0201  gain=-0.0000  |dz|=0.084  11.8 it/s
step   9650  L=0.1212  src=0.0728  tgt=0.0242  trans=0.0242  gain=+0.0000  |dz|=0.088  11.8 it/s
step   9700  L=0.1195  src=0.0648  tgt=0.0274  trans=0.0274  gain=+0.0000  |dz|=0.084  11.8 it/s
step   9750  L=0.1151  src=0.0554  tgt=0.0298  trans=0.0298  gain=+0.0000  |dz|=0.087  11.8 it/s
step   9800  L=0.0760  src=0.0281  tgt=0.0239  trans=0.0239  gain=-0.0000  |dz|=0.086  11.8 it/s
step   9850  L=0.1069  src=0.0635  tgt=0.0217  trans=0.0217  gain=+0.0001  |dz|=0.086  11.8 it/s
step   9900  L=0.0796  src=0.0437  tgt=0.0180  trans=0.0180  gain=-0.0000  |dz|=0.083  11.8 it/s
step   9950  L=0.1205  src=0.0489  tgt=0.0358  trans=0.0358  gain=-0.0000  |dz|=0.088  11.8 it/s
step  10000  L=0.1189  src=0.0770  tgt=0.0210  trans=0.0210  gain=+0.0000  |dz|=0.087  11.8 it/s
  [诊断 @ 10000] loss_correct=0.0272  loss_zero=0.0466  loss_shuffled=0.0272  loss_random=0.0489  loss_target_only=0.0272  r_basis=0.1608  |dz_transport|=0.0860  z_s_vs_enc_rel=0.4365  z_spread_rel=0.1322  gain_vs_zero=0.0194  gain_vs_shuffled=0.0000  gain_vs_target_only=0.0000
  已保存 C:\T1D Meta Learning\code\python\meta-diffusion\checkpoints\cifar_ds_blur_step10000.pt
step  10050  L=0.1061  src=0.0579  tgt=0.0241  trans=0.0241  gain=+0.0000  |dz|=0.084  11.8 it/s
step  10100  L=0.1042  src=0.0571  tgt=0.0236  trans=0.0235  gain=+0.0000  |dz|=0.090  11.8 it/s
step  10150  L=0.0989  src=0.0345  tgt=0.0322  trans=0.0322  gain=+0.0000  |dz|=0.081  11.8 it/s
step  10200  L=0.0841  src=0.0453  tgt=0.0194  trans=0.0194  gain=+0.0000  |dz|=0.087  11.8 it/s
step  10250  L=0.1004  src=0.0539  tgt=0.0233  trans=0.0233  gain=-0.0000  |dz|=0.092  11.8 it/s
step  10300  L=0.1415  src=0.0683  tgt=0.0366  trans=0.0366  gain=-0.0000  |dz|=0.091  11.8 it/s
step  10350  L=0.1061  src=0.0565  tgt=0.0248  trans=0.0248  gain=-0.0000  |dz|=0.093  11.8 it/s
step  10400  L=0.1290  src=0.0662  tgt=0.0314  trans=0.0314  gain=+0.0000  |dz|=0.094  11.8 it/s
step  10450  L=0.1070  src=0.0410  tgt=0.0330  trans=0.0330  gain=-0.0000  |dz|=0.087  11.8 it/s
step  10500  L=0.1448  src=0.0636  tgt=0.0406  trans=0.0406  gain=-0.0000  |dz|=0.090  11.8 it/s
step  10550  L=0.0855  src=0.0353  tgt=0.0252  trans=0.0251  gain=+0.0000  |dz|=0.082  11.8 it/s
step  10600  L=0.1204  src=0.0715  tgt=0.0244  trans=0.0244  gain=+0.0000  |dz|=0.091  11.8 it/s
step  10650  L=0.1210  src=0.0514  tgt=0.0347  trans=0.0348  gain=-0.0001  |dz|=0.093  11.8 it/s
step  10700  L=0.0926  src=0.0414  tgt=0.0256  trans=0.0256  gain=+0.0000  |dz|=0.081  11.8 it/s
step  10750  L=0.1091  src=0.0369  tgt=0.0361  trans=0.0361  gain=+0.0000  |dz|=0.097  11.8 it/s
step  10800  L=0.0971  src=0.0484  tgt=0.0244  trans=0.0244  gain=+0.0000  |dz|=0.088  11.8 it/s
step  10850  L=0.1567  src=0.0967  tgt=0.0300  trans=0.0300  gain=+0.0000  |dz|=0.092  11.8 it/s
step  10900  L=0.0777  src=0.0369  tgt=0.0204  trans=0.0204  gain=+0.0000  |dz|=0.095  11.8 it/s
step  10950  L=0.1191  src=0.0600  tgt=0.0295  trans=0.0296  gain=-0.0000  |dz|=0.090  11.8 it/s
step  11000  L=0.1205  src=0.0581  tgt=0.0312  trans=0.0312  gain=-0.0000  |dz|=0.098  11.8 it/s
  [诊断 @ 11000] loss_correct=0.0263  loss_zero=0.0412  loss_shuffled=0.0263  loss_random=0.0417  loss_target_only=0.0263  r_basis=0.1393  |dz_transport|=0.0896  z_s_vs_enc_rel=0.4544  z_spread_rel=0.1407  gain_vs_zero=0.0149  gain_vs_shuffled=0.0000  gain_vs_target_only=0.0000
step  11050  L=0.1085  src=0.0666  tgt=0.0209  trans=0.0210  gain=-0.0000  |dz|=0.095  11.8 it/s
step  11100  L=0.0736  src=0.0410  tgt=0.0163  trans=0.0163  gain=-0.0000  |dz|=0.089  11.8 it/s
step  11150  L=0.1367  src=0.0630  tgt=0.0368  trans=0.0368  gain=-0.0000  |dz|=0.098  11.8 it/s
step  11200  L=0.0916  src=0.0385  tgt=0.0266  trans=0.0266  gain=+0.0000  |dz|=0.096  11.8 it/s
step  11250  L=0.1099  src=0.0592  tgt=0.0254  trans=0.0254  gain=-0.0000  |dz|=0.102  11.8 it/s
step  11300  L=0.1481  src=0.0982  tgt=0.0250  trans=0.0250  gain=-0.0000  |dz|=0.101  11.8 it/s
step  11350  L=0.0990  src=0.0529  tgt=0.0230  trans=0.0230  gain=+0.0000  |dz|=0.106  11.8 it/s
step  11400  L=0.1340  src=0.0659  tgt=0.0340  trans=0.0340  gain=-0.0000  |dz|=0.089  11.8 it/s
step  11450  L=0.1138  src=0.0621  tgt=0.0258  trans=0.0258  gain=-0.0000  |dz|=0.096  11.8 it/s
step  11500  L=0.1175  src=0.0585  tgt=0.0295  trans=0.0295  gain=+0.0000  |dz|=0.098  11.8 it/s
step  11550  L=0.1539  src=0.0810  tgt=0.0364  trans=0.0364  gain=+0.0000  |dz|=0.094  11.8 it/s
step  11600  L=0.1210  src=0.0633  tgt=0.0288  trans=0.0288  gain=-0.0000  |dz|=0.085  11.8 it/s
step  11650  L=0.0843  src=0.0391  tgt=0.0226  trans=0.0226  gain=-0.0000  |dz|=0.090  11.8 it/s
step  11700  L=0.1298  src=0.0952  tgt=0.0173  trans=0.0173  gain=+0.0000  |dz|=0.092  11.8 it/s
step  11750  L=0.0918  src=0.0542  tgt=0.0188  trans=0.0188  gain=+0.0001  |dz|=0.082  11.8 it/s
step  11800  L=0.1413  src=0.0815  tgt=0.0299  trans=0.0299  gain=+0.0000  |dz|=0.097  11.8 it/s
step  11850  L=0.1160  src=0.0562  tgt=0.0299  trans=0.0299  gain=-0.0000  |dz|=0.094  11.8 it/s
step  11900  L=0.1084  src=0.0522  tgt=0.0281  trans=0.0281  gain=+0.0000  |dz|=0.101  11.8 it/s
step  11950  L=0.1189  src=0.0678  tgt=0.0256  trans=0.0256  gain=+0.0000  |dz|=0.098  11.8 it/s
step  12000  L=0.1160  src=0.0529  tgt=0.0316  trans=0.0316  gain=-0.0000  |dz|=0.091  11.8 it/s
  [诊断 @ 12000] loss_correct=0.0283  loss_zero=0.0400  loss_shuffled=0.0283  loss_random=0.0416  loss_target_only=0.0283  r_basis=0.1230  |dz_transport|=0.0936  z_s_vs_enc_rel=0.6868  z_spread_rel=0.1356  gain_vs_zero=0.0117  gain_vs_shuffled=0.0000  gain_vs_target_only=0.0000
step  12050  L=0.0718  src=0.0423  tgt=0.0148  trans=0.0147  gain=+0.0001  |dz|=0.084  11.8 it/s
step  12100  L=0.1138  src=0.0616  tgt=0.0261  trans=0.0261  gain=-0.0000  |dz|=0.101  11.8 it/s
step  12150  L=0.1062  src=0.0708  tgt=0.0177  trans=0.0177  gain=-0.0000  |dz|=0.096  11.8 it/s
step  12200  L=0.1088  src=0.0574  tgt=0.0257  trans=0.0257  gain=+0.0000  |dz|=0.108  11.8 it/s
step  12250  L=0.2178  src=0.1220  tgt=0.0479  trans=0.0479  gain=+0.0001  |dz|=0.100  11.8 it/s
step  12300  L=0.1507  src=0.0835  tgt=0.0336  trans=0.0336  gain=+0.0000  |dz|=0.098  11.8 it/s
step  12350  L=0.0811  src=0.0472  tgt=0.0169  trans=0.0170  gain=-0.0001  |dz|=0.093  11.8 it/s
step  12400  L=0.1250  src=0.0688  tgt=0.0281  trans=0.0281  gain=+0.0000  |dz|=0.101  11.8 it/s
step  12450  L=0.1218  src=0.0482  tgt=0.0369  trans=0.0368  gain=+0.0001  |dz|=0.102  11.8 it/s
step  12500  L=0.1474  src=0.0745  tgt=0.0364  trans=0.0365  gain=-0.0000  |dz|=0.104  11.8 it/s
step  12550  L=0.0955  src=0.0484  tgt=0.0235  trans=0.0235  gain=+0.0000  |dz|=0.100  11.8 it/s
step  12600  L=0.1074  src=0.0629  tgt=0.0222  trans=0.0222  gain=-0.0000  |dz|=0.098  11.8 it/s
step  12650  L=0.0964  src=0.0335  tgt=0.0315  trans=0.0315  gain=-0.0000  |dz|=0.105  11.8 it/s
step  12700  L=0.1006  src=0.0506  tgt=0.0250  trans=0.0250  gain=-0.0000  |dz|=0.092  11.8 it/s
step  12750  L=0.1326  src=0.0658  tgt=0.0334  trans=0.0334  gain=+0.0000  |dz|=0.108  11.8 it/s
step  12800  L=0.0862  src=0.0462  tgt=0.0200  trans=0.0200  gain=+0.0000  |dz|=0.091  11.8 it/s
step  12850  L=0.0905  src=0.0358  tgt=0.0273  trans=0.0274  gain=-0.0000  |dz|=0.096  11.8 it/s
step  12900  L=0.1165  src=0.0599  tgt=0.0283  trans=0.0283  gain=+0.0000  |dz|=0.100  11.8 it/s
step  12950  L=0.1098  src=0.0368  tgt=0.0365  trans=0.0365  gain=-0.0000  |dz|=0.107  11.8 it/s
step  13000  L=0.0923  src=0.0410  tgt=0.0256  trans=0.0256  gain=-0.0000  |dz|=0.098  11.8 it/s
  [诊断 @ 13000] loss_correct=0.0349  loss_zero=0.0442  loss_shuffled=0.0349  loss_random=0.0448  loss_target_only=0.0349  r_basis=0.1087  |dz_transport|=0.0966  z_s_vs_enc_rel=0.7641  z_spread_rel=0.1585  gain_vs_zero=0.0093  gain_vs_shuffled=0.0000  gain_vs_target_only=0.0000
step  13050  L=0.1233  src=0.0654  tgt=0.0289  trans=0.0289  gain=+0.0000  |dz|=0.105  11.8 it/s
step  13100  L=0.1299  src=0.0756  tgt=0.0271  trans=0.0272  gain=-0.0000  |dz|=0.106  11.8 it/s
step  13150  L=0.0814  src=0.0420  tgt=0.0197  trans=0.0197  gain=+0.0000  |dz|=0.109  11.8 it/s
step  13200  L=0.1047  src=0.0442  tgt=0.0302  trans=0.0302  gain=-0.0000  |dz|=0.112  11.8 it/s
step  13250  L=0.1038  src=0.0472  tgt=0.0283  trans=0.0283  gain=-0.0000  |dz|=0.118  11.8 it/s
step  13300  L=0.1204  src=0.0642  tgt=0.0281  trans=0.0282  gain=-0.0000  |dz|=0.119  11.8 it/s
step  13350  L=0.0939  src=0.0511  tgt=0.0214  trans=0.0214  gain=-0.0000  |dz|=0.097  11.8 it/s
step  13400  L=0.1109  src=0.0686  tgt=0.0211  trans=0.0211  gain=+0.0000  |dz|=0.115  11.8 it/s
step  13450  L=0.1014  src=0.0496  tgt=0.0259  trans=0.0259  gain=-0.0000  |dz|=0.116  11.8 it/s
step  13500  L=0.1198  src=0.0591  tgt=0.0304  trans=0.0304  gain=+0.0000  |dz|=0.112  11.8 it/s
step  13550  L=0.1694  src=0.1125  tgt=0.0285  trans=0.0285  gain=+0.0000  |dz|=0.110  11.8 it/s
step  13600  L=0.0887  src=0.0613  tgt=0.0137  trans=0.0137  gain=-0.0000  |dz|=0.113  11.8 it/s
step  13650  L=0.1031  src=0.0495  tgt=0.0268  trans=0.0268  gain=+0.0000  |dz|=0.115  11.8 it/s
step  13700  L=0.1572  src=0.0936  tgt=0.0318  trans=0.0318  gain=+0.0000  |dz|=0.120  11.8 it/s
step  13750  L=0.0843  src=0.0456  tgt=0.0194  trans=0.0194  gain=+0.0000  |dz|=0.112  11.8 it/s
step  13800  L=0.0871  src=0.0530  tgt=0.0171  trans=0.0170  gain=+0.0001  |dz|=0.106  11.8 it/s
step  13850  L=0.1580  src=0.0698  tgt=0.0441  trans=0.0441  gain=-0.0000  |dz|=0.128  11.8 it/s
step  13900  L=0.0652  src=0.0282  tgt=0.0185  trans=0.0185  gain=+0.0000  |dz|=0.094  11.8 it/s
step  13950  L=0.1021  src=0.0481  tgt=0.0270  trans=0.0270  gain=-0.0000  |dz|=0.102  11.8 it/s
step  14000  L=0.0827  src=0.0450  tgt=0.0188  trans=0.0188  gain=+0.0000  |dz|=0.094  11.8 it/s
  [诊断 @ 14000] loss_correct=0.0291  loss_zero=0.0362  loss_shuffled=0.0291  loss_random=0.0370  loss_target_only=0.0291  r_basis=0.0936  |dz_transport|=0.1031  z_s_vs_enc_rel=1.0150  z_spread_rel=0.1199  gain_vs_zero=0.0070  gain_vs_shuffled=0.0000  gain_vs_target_only=0.0000
step  14050  L=0.1092  src=0.0777  tgt=0.0158  trans=0.0158  gain=-0.0000  |dz|=0.106  11.8 it/s
step  14100  L=0.1661  src=0.0720  tgt=0.0470  trans=0.0470  gain=+0.0000  |dz|=0.118  11.8 it/s
step  14150  L=0.1006  src=0.0457  tgt=0.0274  trans=0.0274  gain=+0.0000  |dz|=0.117  11.8 it/s
step  14200  L=0.0989  src=0.0527  tgt=0.0231  trans=0.0231  gain=+0.0000  |dz|=0.115  11.8 it/s
step  14250  L=0.0863  src=0.0425  tgt=0.0219  trans=0.0219  gain=+0.0000  |dz|=0.098  11.8 it/s
step  14300  L=0.1331  src=0.0749  tgt=0.0291  trans=0.0291  gain=+0.0000  |dz|=0.113  11.8 it/s
step  14350  L=0.0949  src=0.0577  tgt=0.0186  trans=0.0186  gain=-0.0000  |dz|=0.110  11.8 it/s
step  14400  L=0.0787  src=0.0423  tgt=0.0182  trans=0.0182  gain=+0.0000  |dz|=0.111  11.8 it/s
step  14450  L=0.0728  src=0.0467  tgt=0.0131  trans=0.0130  gain=+0.0000  |dz|=0.103  11.8 it/s
step  14500  L=0.0943  src=0.0465  tgt=0.0239  trans=0.0238  gain=+0.0001  |dz|=0.115  11.8 it/s
step  14550  L=0.1114  src=0.0512  tgt=0.0301  trans=0.0301  gain=+0.0000  |dz|=0.105  11.8 it/s
step  14600  L=0.1134  src=0.0501  tgt=0.0317  trans=0.0317  gain=+0.0000  |dz|=0.109  11.8 it/s
step  14650  L=0.0906  src=0.0360  tgt=0.0273  trans=0.0273  gain=+0.0000  |dz|=0.105  11.8 it/s
step  14700  L=0.0987  src=0.0624  tgt=0.0182  trans=0.0181  gain=+0.0000  |dz|=0.113  11.8 it/s
step  14750  L=0.1404  src=0.0779  tgt=0.0312  trans=0.0313  gain=-0.0000  |dz|=0.104  11.8 it/s
step  14800  L=0.1285  src=0.0575  tgt=0.0355  trans=0.0355  gain=+0.0001  |dz|=0.102  11.8 it/s
step  14850  L=0.1413  src=0.0806  tgt=0.0304  trans=0.0304  gain=+0.0000  |dz|=0.117  11.8 it/s
step  14900  L=0.0830  src=0.0464  tgt=0.0183  trans=0.0183  gain=-0.0000  |dz|=0.108  11.8 it/s
step  14950  L=0.2040  src=0.1158  tgt=0.0442  trans=0.0441  gain=+0.0001  |dz|=0.117  11.8 it/s
step  15000  L=0.0896  src=0.0493  tgt=0.0202  trans=0.0201  gain=+0.0000  |dz|=0.105  11.8 it/s
  [诊断 @ 15000] loss_correct=0.0299  loss_zero=0.0351  loss_shuffled=0.0299  loss_random=0.0357  loss_target_only=0.0299  r_basis=0.0811  |dz_transport|=0.1081  z_s_vs_enc_rel=1.0388  z_spread_rel=0.1390  gain_vs_zero=0.0052  gain_vs_shuffled=0.0000  gain_vs_target_only=0.0000
  已保存 C:\T1D Meta Learning\code\python\meta-diffusion\checkpoints\cifar_ds_blur_step15000.pt
step  15050  L=0.1334  src=0.0965  tgt=0.0184  trans=0.0184  gain=-0.0000  |dz|=0.112  11.8 it/s
step  15100  L=0.1317  src=0.0469  tgt=0.0424  trans=0.0424  gain=-0.0001  |dz|=0.107  11.8 it/s
step  15150  L=0.0635  src=0.0238  tgt=0.0199  trans=0.0199  gain=+0.0000  |dz|=0.095  11.8 it/s
step  15200  L=0.0829  src=0.0334  tgt=0.0248  trans=0.0248  gain=-0.0000  |dz|=0.094  11.8 it/s
step  15250  L=0.1104  src=0.0707  tgt=0.0198  trans=0.0198  gain=-0.0000  |dz|=0.102  11.8 it/s
step  15300  L=0.1112  src=0.0634  tgt=0.0239  trans=0.0239  gain=-0.0000  |dz|=0.112  11.8 it/s
step  15350  L=0.1430  src=0.0626  tgt=0.0401  trans=0.0402  gain=-0.0000  |dz|=0.114  11.8 it/s
step  15400  L=0.0777  src=0.0375  tgt=0.0201  trans=0.0201  gain=-0.0000  |dz|=0.099  11.8 it/s
step  15450  L=0.1535  src=0.0652  tgt=0.0441  trans=0.0441  gain=-0.0000  |dz|=0.106  11.8 it/s
step  15500  L=0.1391  src=0.0824  tgt=0.0284  trans=0.0284  gain=+0.0000  |dz|=0.112  11.8 it/s
step  15550  L=0.0802  src=0.0445  tgt=0.0178  trans=0.0179  gain=-0.0000  |dz|=0.098  11.8 it/s
step  15600  L=0.0697  src=0.0430  tgt=0.0133  trans=0.0133  gain=-0.0000  |dz|=0.103  11.8 it/s
step  15650  L=0.1199  src=0.0545  tgt=0.0327  trans=0.0326  gain=+0.0001  |dz|=0.108  11.8 it/s
step  15700  L=0.0760  src=0.0344  tgt=0.0208  trans=0.0208  gain=+0.0001  |dz|=0.092  11.8 it/s
step  15750  L=0.1222  src=0.0532  tgt=0.0345  trans=0.0345  gain=+0.0000  |dz|=0.096  11.8 it/s
step  15800  L=0.1316  src=0.0729  tgt=0.0294  trans=0.0294  gain=+0.0000  |dz|=0.102  11.8 it/s
step  15850  L=0.1006  src=0.0614  tgt=0.0196  trans=0.0196  gain=+0.0000  |dz|=0.104  11.8 it/s
step  15900  L=0.1387  src=0.0808  tgt=0.0289  trans=0.0289  gain=+0.0000  |dz|=0.107  11.8 it/s
step  15950  L=0.0904  src=0.0510  tgt=0.0197  trans=0.0197  gain=+0.0000  |dz|=0.102  11.8 it/s
step  16000  L=0.1347  src=0.0854  tgt=0.0246  trans=0.0246  gain=-0.0000  |dz|=0.103  11.8 it/s
  [诊断 @ 16000] loss_correct=0.0288  loss_zero=0.0325  loss_shuffled=0.0288  loss_random=0.0331  loss_target_only=0.0289  r_basis=0.0681  |dz_transport|=0.1068  z_s_vs_enc_rel=1.0652  z_spread_rel=0.1851  gain_vs_zero=0.0037  gain_vs_shuffled=0.0000  gain_vs_target_only=0.0001
step  16050  L=0.0984  src=0.0529  tgt=0.0227  trans=0.0228  gain=-0.0001  |dz|=0.099  11.8 it/s
step  16100  L=0.1037  src=0.0569  tgt=0.0234  trans=0.0234  gain=+0.0000  |dz|=0.099  11.8 it/s
step  16150  L=0.0889  src=0.0418  tgt=0.0236  trans=0.0236  gain=-0.0000  |dz|=0.104  11.8 it/s
step  16200  L=0.1044  src=0.0489  tgt=0.0278  trans=0.0277  gain=+0.0000  |dz|=0.099  11.8 it/s
step  16250  L=0.1433  src=0.0749  tgt=0.0342  trans=0.0342  gain=+0.0000  |dz|=0.098  11.8 it/s
step  16300  L=0.1491  src=0.0910  tgt=0.0290  trans=0.0290  gain=+0.0000  |dz|=0.109  11.8 it/s
step  16350  L=0.0753  src=0.0363  tgt=0.0195  trans=0.0194  gain=+0.0001  |dz|=0.083  11.8 it/s
step  16400  L=0.1479  src=0.0844  tgt=0.0317  trans=0.0318  gain=-0.0000  |dz|=0.090  11.8 it/s
step  16450  L=0.1218  src=0.0677  tgt=0.0270  trans=0.0270  gain=+0.0000  |dz|=0.098  11.8 it/s
step  16500  L=0.1284  src=0.0719  tgt=0.0282  trans=0.0282  gain=-0.0000  |dz|=0.096  11.8 it/s
step  16550  L=0.0623  src=0.0305  tgt=0.0159  trans=0.0159  gain=-0.0000  |dz|=0.082  11.8 it/s
step  16600  L=0.1473  src=0.0948  tgt=0.0262  trans=0.0262  gain=-0.0000  |dz|=0.107  11.8 it/s
step  16650  L=0.1040  src=0.0538  tgt=0.0251  trans=0.0251  gain=+0.0000  |dz|=0.103  11.8 it/s
step  16700  L=0.0890  src=0.0413  tgt=0.0239  trans=0.0239  gain=-0.0001  |dz|=0.105  11.8 it/s
step  16750  L=0.1180  src=0.0678  tgt=0.0251  trans=0.0251  gain=+0.0000  |dz|=0.101  11.8 it/s
step  16800  L=0.0648  src=0.0388  tgt=0.0130  trans=0.0130  gain=+0.0000  |dz|=0.094  11.8 it/s
step  16850  L=0.0833  src=0.0366  tgt=0.0234  trans=0.0234  gain=+0.0000  |dz|=0.103  11.8 it/s
step  16900  L=0.1305  src=0.0735  tgt=0.0285  trans=0.0285  gain=+0.0000  |dz|=0.109  11.8 it/s
step  16950  L=0.1174  src=0.0428  tgt=0.0373  trans=0.0373  gain=+0.0000  |dz|=0.119  11.8 it/s
step  17000  L=0.0860  src=0.0524  tgt=0.0168  trans=0.0168  gain=+0.0000  |dz|=0.088  11.8 it/s
  [诊断 @ 17000] loss_correct=0.0313  loss_zero=0.0341  loss_shuffled=0.0313  loss_random=0.0345  loss_target_only=0.0313  r_basis=0.0578  |dz_transport|=0.1039  z_s_vs_enc_rel=1.2358  z_spread_rel=0.2076  gain_vs_zero=0.0027  gain_vs_shuffled=0.0000  gain_vs_target_only=0.0000
step  17050  L=0.1048  src=0.0540  tgt=0.0254  trans=0.0254  gain=+0.0000  |dz|=0.101  11.8 it/s
step  17100  L=0.0864  src=0.0484  tgt=0.0190  trans=0.0190  gain=-0.0000  |dz|=0.085  11.8 it/s
step  17150  L=0.0580  src=0.0309  tgt=0.0136  trans=0.0136  gain=-0.0000  |dz|=0.098  11.8 it/s
step  17200  L=0.1380  src=0.0639  tgt=0.0371  trans=0.0371  gain=-0.0000  |dz|=0.107  11.8 it/s
step  17250  L=0.1004  src=0.0662  tgt=0.0171  trans=0.0171  gain=+0.0000  |dz|=0.097  11.8 it/s
step  17300  L=0.1516  src=0.0941  tgt=0.0287  trans=0.0287  gain=+0.0000  |dz|=0.095  11.8 it/s
step  17350  L=0.0690  src=0.0331  tgt=0.0180  trans=0.0180  gain=+0.0000  |dz|=0.087  11.8 it/s
step  17400  L=0.1011  src=0.0583  tgt=0.0214  trans=0.0214  gain=-0.0000  |dz|=0.099  11.8 it/s
step  17450  L=0.0846  src=0.0344  tgt=0.0251  trans=0.0251  gain=+0.0001  |dz|=0.102  11.8 it/s
step  17500  L=0.1298  src=0.0649  tgt=0.0325  trans=0.0324  gain=+0.0000  |dz|=0.109  11.8 it/s
step  17550  L=0.1091  src=0.0590  tgt=0.0251  trans=0.0251  gain=+0.0000  |dz|=0.087  11.8 it/s
step  17600  L=0.1368  src=0.0721  tgt=0.0324  trans=0.0323  gain=+0.0000  |dz|=0.092  11.8 it/s
step  17650  L=0.1339  src=0.0762  tgt=0.0288  trans=0.0288  gain=-0.0000  |dz|=0.092  11.8 it/s
step  17700  L=0.1057  src=0.0611  tgt=0.0223  trans=0.0223  gain=-0.0000  |dz|=0.097  11.8 it/s
step  17750  L=0.1252  src=0.0723  tgt=0.0265  trans=0.0265  gain=-0.0000  |dz|=0.099  11.8 it/s
step  17800  L=0.1433  src=0.0952  tgt=0.0241  trans=0.0241  gain=+0.0000  |dz|=0.098  11.8 it/s
step  17850  L=0.1085  src=0.0694  tgt=0.0196  trans=0.0196  gain=-0.0000  |dz|=0.095  11.8 it/s
step  17900  L=0.0698  src=0.0282  tgt=0.0208  trans=0.0207  gain=+0.0000  |dz|=0.092  11.8 it/s
step  17950  L=0.1253  src=0.0678  tgt=0.0287  trans=0.0287  gain=-0.0000  |dz|=0.094  11.8 it/s
step  18000  L=0.1170  src=0.0514  tgt=0.0329  trans=0.0328  gain=+0.0000  |dz|=0.099  11.8 it/s
  [诊断 @ 18000] loss_correct=0.0294  loss_zero=0.0312  loss_shuffled=0.0294  loss_random=0.0316  loss_target_only=0.0294  r_basis=0.0477  |dz_transport|=0.0983  z_s_vs_enc_rel=1.3591  z_spread_rel=0.1928  gain_vs_zero=0.0019  gain_vs_shuffled=0.0000  gain_vs_target_only=0.0000
step  18050  L=0.1111  src=0.0645  tgt=0.0233  trans=0.0233  gain=+0.0000  |dz|=0.089  11.8 it/s
step  18100  L=0.1562  src=0.0730  tgt=0.0416  trans=0.0416  gain=-0.0000  |dz|=0.097  11.8 it/s
step  18150  L=0.0807  src=0.0276  tgt=0.0266  trans=0.0266  gain=+0.0000  |dz|=0.097  11.8 it/s
step  18200  L=0.1096  src=0.0697  tgt=0.0199  trans=0.0199  gain=-0.0000  |dz|=0.092  11.8 it/s
step  18250  L=0.0998  src=0.0525  tgt=0.0236  trans=0.0236  gain=+0.0000  |dz|=0.096  11.8 it/s
step  18300  L=0.1018  src=0.0742  tgt=0.0138  trans=0.0138  gain=+0.0001  |dz|=0.088  11.8 it/s
step  18350  L=0.0926  src=0.0486  tgt=0.0220  trans=0.0220  gain=-0.0000  |dz|=0.096  11.8 it/s
step  18400  L=0.0947  src=0.0517  tgt=0.0215  trans=0.0215  gain=-0.0000  |dz|=0.084  11.8 it/s
step  18450  L=0.1250  src=0.0744  tgt=0.0253  trans=0.0253  gain=+0.0000  |dz|=0.088  11.8 it/s
step  18500  L=0.1129  src=0.0476  tgt=0.0327  trans=0.0326  gain=+0.0000  |dz|=0.082  11.8 it/s
step  18550  L=0.0876  src=0.0411  tgt=0.0233  trans=0.0233  gain=+0.0000  |dz|=0.090  11.8 it/s
step  18600  L=0.0924  src=0.0473  tgt=0.0226  trans=0.0226  gain=+0.0000  |dz|=0.094  11.8 it/s
step  18650  L=0.0860  src=0.0491  tgt=0.0184  trans=0.0184  gain=-0.0001  |dz|=0.087  11.8 it/s
step  18700  L=0.0520  src=0.0239  tgt=0.0141  trans=0.0140  gain=+0.0001  |dz|=0.083  11.8 it/s
step  18750  L=0.1027  src=0.0549  tgt=0.0239  trans=0.0239  gain=+0.0000  |dz|=0.098  11.8 it/s
step  18800  L=0.0715  src=0.0256  tgt=0.0230  trans=0.0230  gain=-0.0000  |dz|=0.083  11.8 it/s
step  18850  L=0.1101  src=0.0605  tgt=0.0248  trans=0.0248  gain=-0.0000  |dz|=0.097  11.8 it/s
step  18900  L=0.0850  src=0.0309  tgt=0.0270  trans=0.0270  gain=+0.0000  |dz|=0.088  11.8 it/s
step  18950  L=0.1395  src=0.0882  tgt=0.0257  trans=0.0256  gain=+0.0000  |dz|=0.092  11.8 it/s
step  19000  L=0.1172  src=0.0654  tgt=0.0259  trans=0.0259  gain=+0.0000  |dz|=0.094  11.8 it/s
  [诊断 @ 19000] loss_correct=0.0277  loss_zero=0.0290  loss_shuffled=0.0277  loss_random=0.0292  loss_target_only=0.0277  r_basis=0.0391  |dz_transport|=0.0963  z_s_vs_enc_rel=1.4285  z_spread_rel=0.2153  gain_vs_zero=0.0013  gain_vs_shuffled=0.0000  gain_vs_target_only=-0.0000
step  19050  L=0.1045  src=0.0666  tgt=0.0189  trans=0.0189  gain=-0.0000  |dz|=0.091  11.8 it/s
step  19100  L=0.1023  src=0.0569  tgt=0.0227  trans=0.0227  gain=-0.0000  |dz|=0.087  11.8 it/s
step  19150  L=0.0808  src=0.0259  tgt=0.0275  trans=0.0274  gain=+0.0000  |dz|=0.084  11.8 it/s
step  19200  L=0.0770  src=0.0331  tgt=0.0219  trans=0.0219  gain=-0.0000  |dz|=0.082  11.8 it/s
step  19250  L=0.0893  src=0.0375  tgt=0.0259  trans=0.0259  gain=+0.0000  |dz|=0.087  11.8 it/s
step  19300  L=0.0924  src=0.0569  tgt=0.0178  trans=0.0178  gain=+0.0000  |dz|=0.075  11.8 it/s
step  19350  L=0.1032  src=0.0670  tgt=0.0181  trans=0.0181  gain=-0.0000  |dz|=0.082  11.8 it/s
step  19400  L=0.1211  src=0.0701  tgt=0.0255  trans=0.0255  gain=-0.0000  |dz|=0.090  11.8 it/s
step  19450  L=0.1388  src=0.0755  tgt=0.0316  trans=0.0316  gain=+0.0000  |dz|=0.088  11.8 it/s
step  19500  L=0.1418  src=0.0609  tgt=0.0405  trans=0.0404  gain=+0.0000  |dz|=0.088  11.8 it/s
step  19550  L=0.1309  src=0.0755  tgt=0.0277  trans=0.0276  gain=+0.0001  |dz|=0.085  11.8 it/s
step  19600  L=0.1252  src=0.0773  tgt=0.0239  trans=0.0239  gain=-0.0000  |dz|=0.086  11.8 it/s
step  19650  L=0.1408  src=0.0800  tgt=0.0304  trans=0.0304  gain=+0.0000  |dz|=0.088  11.8 it/s
step  19700  L=0.1273  src=0.0540  tgt=0.0367  trans=0.0367  gain=-0.0000  |dz|=0.089  11.8 it/s
step  19750  L=0.1235  src=0.0790  tgt=0.0223  trans=0.0223  gain=+0.0000  |dz|=0.090  11.8 it/s
step  19800  L=0.1114  src=0.0575  tgt=0.0269  trans=0.0270  gain=-0.0000  |dz|=0.087  11.8 it/s
step  19850  L=0.1163  src=0.0561  tgt=0.0301  trans=0.0301  gain=+0.0000  |dz|=0.085  11.8 it/s
step  19900  L=0.1008  src=0.0438  tgt=0.0285  trans=0.0285  gain=+0.0000  |dz|=0.087  11.8 it/s
step  19950  L=0.1339  src=0.0792  tgt=0.0274  trans=0.0274  gain=-0.0000  |dz|=0.081  11.8 it/s
step  20000  L=0.1078  src=0.0653  tgt=0.0212  trans=0.0212  gain=-0.0000  |dz|=0.089  11.8 it/s
  [诊断 @ 20000] loss_correct=0.0271  loss_zero=0.0280  loss_shuffled=0.0271  loss_random=0.0282  loss_target_only=0.0271  r_basis=0.0315  |dz_transport|=0.0898  z_s_vs_enc_rel=1.4774  z_spread_rel=0.1993  gain_vs_zero=0.0009  gain_vs_shuffled=0.0000  gain_vs_target_only=0.0000
  已保存 C:\T1D Meta Learning\code\python\meta-diffusion\checkpoints\cifar_ds_blur_step20000.pt
step  20050  L=0.0945  src=0.0606  tgt=0.0169  trans=0.0169  gain=+0.0000  |dz|=0.090  11.8 it/s
step  20100  L=0.0765  src=0.0367  tgt=0.0199  trans=0.0199  gain=+0.0001  |dz|=0.077  11.8 it/s
step  20150  L=0.0917  src=0.0601  tgt=0.0158  trans=0.0158  gain=+0.0000  |dz|=0.076  11.8 it/s
step  20200  L=0.0761  src=0.0499  tgt=0.0131  trans=0.0131  gain=+0.0000  |dz|=0.072  11.8 it/s
step  20250  L=0.1408  src=0.0877  tgt=0.0265  trans=0.0265  gain=-0.0000  |dz|=0.084  11.8 it/s
step  20300  L=0.0884  src=0.0375  tgt=0.0255  trans=0.0254  gain=+0.0000  |dz|=0.081  11.8 it/s
step  20350  L=0.0814  src=0.0412  tgt=0.0201  trans=0.0201  gain=+0.0000  |dz|=0.080  11.8 it/s
step  20400  L=0.0828  src=0.0361  tgt=0.0234  trans=0.0234  gain=+0.0001  |dz|=0.085  11.8 it/s
step  20450  L=0.1210  src=0.0605  tgt=0.0302  trans=0.0302  gain=+0.0000  |dz|=0.085  11.8 it/s
step  20500  L=0.0991  src=0.0427  tgt=0.0282  trans=0.0282  gain=-0.0000  |dz|=0.089  11.8 it/s
step  20550  L=0.0874  src=0.0341  tgt=0.0266  trans=0.0267  gain=-0.0000  |dz|=0.083  11.8 it/s
step  20600  L=0.1276  src=0.0631  tgt=0.0323  trans=0.0322  gain=+0.0001  |dz|=0.076  11.8 it/s
step  20650  L=0.1005  src=0.0527  tgt=0.0239  trans=0.0239  gain=-0.0000  |dz|=0.083  11.8 it/s
step  20700  L=0.1382  src=0.0778  tgt=0.0302  trans=0.0302  gain=+0.0000  |dz|=0.088  11.8 it/s
step  20750  L=0.1219  src=0.0526  tgt=0.0347  trans=0.0347  gain=+0.0000  |dz|=0.084  11.8 it/s
step  20800  L=0.1065  src=0.0643  tgt=0.0211  trans=0.0211  gain=+0.0000  |dz|=0.086  11.8 it/s
step  20850  L=0.1127  src=0.0583  tgt=0.0272  trans=0.0272  gain=+0.0000  |dz|=0.088  11.8 it/s
step  20900  L=0.1070  src=0.0395  tgt=0.0337  trans=0.0337  gain=-0.0000  |dz|=0.084  11.8 it/s
step  20950  L=0.0915  src=0.0453  tgt=0.0231  trans=0.0231  gain=-0.0000  |dz|=0.083  11.8 it/s
step  21000  L=0.1114  src=0.0693  tgt=0.0211  trans=0.0211  gain=+0.0000  |dz|=0.087  11.8 it/s
  [诊断 @ 21000] loss_correct=0.0321  loss_zero=0.0326  loss_shuffled=0.0321  loss_random=0.0328  loss_target_only=0.0321  r_basis=0.0255  |dz_transport|=0.0848  z_s_vs_enc_rel=1.4758  z_spread_rel=0.2230  gain_vs_zero=0.0005  gain_vs_shuffled=0.0000  gain_vs_target_only=0.0000
step  21050  L=0.1093  src=0.0452  tgt=0.0321  trans=0.0320  gain=+0.0000  |dz|=0.084  11.8 it/s
step  21100  L=0.1047  src=0.0488  tgt=0.0279  trans=0.0279  gain=+0.0000  |dz|=0.080  11.8 it/s
step  21150  L=0.1227  src=0.0524  tgt=0.0351  trans=0.0351  gain=-0.0000  |dz|=0.081  11.8 it/s
step  21200  L=0.0955  src=0.0547  tgt=0.0204  trans=0.0204  gain=+0.0000  |dz|=0.080  11.8 it/s
step  21250  L=0.1081  src=0.0507  tgt=0.0287  trans=0.0287  gain=+0.0000  |dz|=0.076  11.8 it/s
step  21300  L=0.1163  src=0.0625  tgt=0.0269  trans=0.0269  gain=+0.0000  |dz|=0.083  11.8 it/s
step  21350  L=0.1120  src=0.0588  tgt=0.0266  trans=0.0266  gain=+0.0000  |dz|=0.081  11.8 it/s
step  21400  L=0.1178  src=0.0564  tgt=0.0307  trans=0.0307  gain=-0.0000  |dz|=0.078  11.8 it/s
step  21450  L=0.0964  src=0.0625  tgt=0.0170  trans=0.0169  gain=+0.0000  |dz|=0.081  11.8 it/s
step  21500  L=0.1259  src=0.0498  tgt=0.0381  trans=0.0381  gain=-0.0000  |dz|=0.086  11.8 it/s
step  21550  L=0.1952  src=0.1031  tgt=0.0461  trans=0.0461  gain=-0.0000  |dz|=0.089  11.8 it/s
step  21600  L=0.0834  src=0.0574  tgt=0.0130  trans=0.0130  gain=+0.0001  |dz|=0.083  11.8 it/s
step  21650  L=0.1055  src=0.0512  tgt=0.0272  trans=0.0272  gain=+0.0000  |dz|=0.085  11.8 it/s
step  21700  L=0.1192  src=0.0687  tgt=0.0253  trans=0.0252  gain=+0.0000  |dz|=0.083  11.8 it/s
step  21750  L=0.1170  src=0.0769  tgt=0.0201  trans=0.0200  gain=+0.0000  |dz|=0.074  11.8 it/s
step  21800  L=0.1400  src=0.0627  tgt=0.0387  trans=0.0387  gain=+0.0000  |dz|=0.083  11.8 it/s
step  21850  L=0.1531  src=0.0704  tgt=0.0414  trans=0.0414  gain=+0.0000  |dz|=0.081  11.8 it/s
step  21900  L=0.1232  src=0.0676  tgt=0.0278  trans=0.0278  gain=+0.0000  |dz|=0.087  11.8 it/s
step  21950  L=0.1166  src=0.0638  tgt=0.0264  trans=0.0264  gain=+0.0000  |dz|=0.076  11.8 it/s
step  22000  L=0.0666  src=0.0332  tgt=0.0167  trans=0.0167  gain=+0.0000  |dz|=0.079  11.8 it/s
  [诊断 @ 22000] loss_correct=0.0292  loss_zero=0.0296  loss_shuffled=0.0292  loss_random=0.0297  loss_target_only=0.0292  r_basis=0.0209  |dz_transport|=0.0834  z_s_vs_enc_rel=1.5621  z_spread_rel=0.2855  gain_vs_zero=0.0004  gain_vs_shuffled=0.0000  gain_vs_target_only=0.0000
step  22050  L=0.0732  src=0.0314  tgt=0.0209  trans=0.0209  gain=-0.0000  |dz|=0.072  11.8 it/s
step  22100  L=0.1177  src=0.0565  tgt=0.0306  trans=0.0306  gain=+0.0000  |dz|=0.080  11.8 it/s
step  22150  L=0.0993  src=0.0494  tgt=0.0249  trans=0.0249  gain=-0.0000  |dz|=0.074  11.8 it/s
step  22200  L=0.0837  src=0.0365  tgt=0.0236  trans=0.0236  gain=+0.0000  |dz|=0.075  11.8 it/s
step  22250  L=0.1554  src=0.0770  tgt=0.0393  trans=0.0392  gain=+0.0000  |dz|=0.080  11.8 it/s
step  22300  L=0.1128  src=0.0511  tgt=0.0309  trans=0.0309  gain=+0.0000  |dz|=0.079  11.8 it/s
step  22350  L=0.1300  src=0.0779  tgt=0.0261  trans=0.0261  gain=-0.0000  |dz|=0.077  11.8 it/s
step  22400  L=0.1175  src=0.0458  tgt=0.0358  trans=0.0358  gain=+0.0000  |dz|=0.072  11.8 it/s
step  22450  L=0.0982  src=0.0599  tgt=0.0192  trans=0.0191  gain=+0.0000  |dz|=0.076  11.8 it/s
step  22500  L=0.0941  src=0.0477  tgt=0.0232  trans=0.0233  gain=-0.0001  |dz|=0.075  11.8 it/s
step  22550  L=0.1264  src=0.0489  tgt=0.0387  trans=0.0387  gain=+0.0000  |dz|=0.074  11.8 it/s
step  22600  L=0.0960  src=0.0430  tgt=0.0265  trans=0.0265  gain=-0.0000  |dz|=0.074  11.8 it/s
step  22650  L=0.1035  src=0.0498  tgt=0.0268  trans=0.0269  gain=-0.0000  |dz|=0.076  11.8 it/s
step  22700  L=0.0963  src=0.0466  tgt=0.0248  trans=0.0248  gain=+0.0000  |dz|=0.070  11.8 it/s
step  22750  L=0.1465  src=0.0927  tgt=0.0269  trans=0.0269  gain=-0.0000  |dz|=0.069  11.8 it/s
step  22800  L=0.0751  src=0.0346  tgt=0.0202  trans=0.0203  gain=-0.0001  |dz|=0.068  11.8 it/s
step  22850  L=0.1326  src=0.0619  tgt=0.0354  trans=0.0354  gain=+0.0000  |dz|=0.074  11.8 it/s
step  22900  L=0.0941  src=0.0398  tgt=0.0272  trans=0.0271  gain=+0.0000  |dz|=0.077  11.8 it/s
step  22950  L=0.1045  src=0.0406  tgt=0.0320  trans=0.0320  gain=-0.0000  |dz|=0.075  11.8 it/s
step  23000  L=0.1021  src=0.0551  tgt=0.0235  trans=0.0235  gain=-0.0000  |dz|=0.065  11.8 it/s
  [诊断 @ 23000] loss_correct=0.0308  loss_zero=0.0311  loss_shuffled=0.0308  loss_random=0.0312  loss_target_only=0.0308  r_basis=0.0177  |dz_transport|=0.0782  z_s_vs_enc_rel=1.4846  z_spread_rel=0.2216  gain_vs_zero=0.0003  gain_vs_shuffled=0.0000  gain_vs_target_only=0.0000
step  23050  L=0.1394  src=0.0647  tgt=0.0374  trans=0.0373  gain=+0.0000  |dz|=0.082  11.8 it/s
step  23100  L=0.1558  src=0.0985  tgt=0.0287  trans=0.0287  gain=+0.0000  |dz|=0.079  11.8 it/s
step  23150  L=0.0737  src=0.0378  tgt=0.0179  trans=0.0179  gain=-0.0000  |dz|=0.073  11.8 it/s
step  23200  L=0.1147  src=0.0572  tgt=0.0287  trans=0.0287  gain=-0.0000  |dz|=0.074  11.8 it/s
step  23250  L=0.0986  src=0.0411  tgt=0.0287  trans=0.0287  gain=-0.0000  |dz|=0.074  11.8 it/s
step  23300  L=0.0994  src=0.0580  tgt=0.0207  trans=0.0207  gain=+0.0000  |dz|=0.067  11.8 it/s
step  23350  L=0.0951  src=0.0602  tgt=0.0175  trans=0.0175  gain=-0.0000  |dz|=0.070  11.8 it/s
step  23400  L=0.0995  src=0.0595  tgt=0.0200  trans=0.0200  gain=-0.0000  |dz|=0.070  11.8 it/s
step  23450  L=0.0984  src=0.0593  tgt=0.0196  trans=0.0196  gain=+0.0000  |dz|=0.071  11.8 it/s
step  23500  L=0.0975  src=0.0458  tgt=0.0258  trans=0.0259  gain=-0.0000  |dz|=0.074  11.8 it/s
step  23550  L=0.0809  src=0.0434  tgt=0.0187  trans=0.0187  gain=+0.0000  |dz|=0.076  11.8 it/s
step  23600  L=0.1125  src=0.0612  tgt=0.0257  trans=0.0256  gain=+0.0000  |dz|=0.071  11.8 it/s
step  23650  L=0.1156  src=0.0588  tgt=0.0284  trans=0.0284  gain=+0.0000  |dz|=0.073  11.8 it/s
step  23700  L=0.0589  src=0.0324  tgt=0.0133  trans=0.0133  gain=+0.0000  |dz|=0.073  11.8 it/s
step  23750  L=0.0695  src=0.0390  tgt=0.0153  trans=0.0152  gain=+0.0000  |dz|=0.068  11.8 it/s
step  23800  L=0.1203  src=0.0326  tgt=0.0438  trans=0.0438  gain=+0.0000  |dz|=0.074  11.8 it/s
step  23850  L=0.1156  src=0.0437  tgt=0.0359  trans=0.0359  gain=+0.0000  |dz|=0.073  11.8 it/s
step  23900  L=0.0671  src=0.0390  tgt=0.0140  trans=0.0141  gain=-0.0000  |dz|=0.069  11.8 it/s
step  23950  L=0.0923  src=0.0394  tgt=0.0265  trans=0.0264  gain=+0.0001  |dz|=0.077  11.8 it/s
step  24000  L=0.0715  src=0.0262  tgt=0.0226  trans=0.0227  gain=-0.0000  |dz|=0.070  11.8 it/s
  [诊断 @ 24000] loss_correct=0.0306  loss_zero=0.0308  loss_shuffled=0.0306  loss_random=0.0309  loss_target_only=0.0306  r_basis=0.0153  |dz_transport|=0.0746  z_s_vs_enc_rel=1.4257  z_spread_rel=0.2960  gain_vs_zero=0.0002  gain_vs_shuffled=0.0000  gain_vs_target_only=0.0000
step  24050  L=0.1071  src=0.0349  tgt=0.0361  trans=0.0361  gain=-0.0000  |dz|=0.070  11.8 it/s
step  24100  L=0.1081  src=0.0514  tgt=0.0283  trans=0.0283  gain=+0.0000  |dz|=0.070  11.8 it/s
step  24150  L=0.1335  src=0.0869  tgt=0.0233  trans=0.0233  gain=+0.0000  |dz|=0.072  11.8 it/s
step  24200  L=0.1150  src=0.0641  tgt=0.0255  trans=0.0255  gain=-0.0000  |dz|=0.067  11.8 it/s
step  24250  L=0.1476  src=0.0806  tgt=0.0335  trans=0.0335  gain=+0.0000  |dz|=0.072  11.8 it/s
step  24300  L=0.0787  src=0.0424  tgt=0.0181  trans=0.0181  gain=+0.0000  |dz|=0.069  11.8 it/s
step  24350  L=0.1537  src=0.1049  tgt=0.0244  trans=0.0244  gain=+0.0001  |dz|=0.075  11.8 it/s
step  24400  L=0.1011  src=0.0582  tgt=0.0215  trans=0.0214  gain=+0.0001  |dz|=0.073  11.8 it/s
step  24450  L=0.1410  src=0.0622  tgt=0.0394  trans=0.0394  gain=+0.0000  |dz|=0.078  11.8 it/s
step  24500  L=0.1181  src=0.0555  tgt=0.0313  trans=0.0313  gain=+0.0000  |dz|=0.076  11.8 it/s
step  24550  L=0.0561  src=0.0306  tgt=0.0128  trans=0.0127  gain=+0.0000  |dz|=0.071  11.8 it/s
step  24600  L=0.1044  src=0.0577  tgt=0.0233  trans=0.0233  gain=+0.0000  |dz|=0.069  11.8 it/s
step  24650  L=0.0704  src=0.0241  tgt=0.0232  trans=0.0232  gain=-0.0000  |dz|=0.067  11.8 it/s
step  24700  L=0.1429  src=0.0802  tgt=0.0313  trans=0.0314  gain=-0.0000  |dz|=0.074  11.8 it/s
step  24750  L=0.0678  src=0.0284  tgt=0.0197  trans=0.0197  gain=-0.0000  |dz|=0.072  11.8 it/s
step  24800  L=0.1082  src=0.0365  tgt=0.0359  trans=0.0358  gain=+0.0000  |dz|=0.070  11.8 it/s
step  24850  L=0.1458  src=0.0572  tgt=0.0443  trans=0.0443  gain=-0.0000  |dz|=0.072  11.8 it/s
step  24900  L=0.1244  src=0.0822  tgt=0.0211  trans=0.0211  gain=+0.0000  |dz|=0.074  11.8 it/s
step  24950  L=0.0808  src=0.0408  tgt=0.0200  trans=0.0200  gain=-0.0000  |dz|=0.071  11.8 it/s
step  25000  L=0.0904  src=0.0505  tgt=0.0199  trans=0.0199  gain=+0.0000  |dz|=0.067  11.8 it/s
  [诊断 @ 25000] loss_correct=0.0302  loss_zero=0.0304  loss_shuffled=0.0302  loss_random=0.0305  loss_target_only=0.0302  r_basis=0.0135  |dz_transport|=0.0731  z_s_vs_enc_rel=1.4373  z_spread_rel=0.2959  gain_vs_zero=0.0002  gain_vs_shuffled=0.0000  gain_vs_target_only=0.0000
  已保存 C:\T1D Meta Learning\code\python\meta-diffusion\checkpoints\cifar_ds_blur_step25000.pt
step  25050  L=0.1013  src=0.0567  tgt=0.0223  trans=0.0223  gain=+0.0000  |dz|=0.073  11.8 it/s
step  25100  L=0.1342  src=0.0641  tgt=0.0351  trans=0.0351  gain=+0.0000  |dz|=0.071  11.8 it/s
step  25150  L=0.1214  src=0.0518  tgt=0.0348  trans=0.0348  gain=+0.0000  |dz|=0.069  11.8 it/s
step  25200  L=0.1040  src=0.0480  tgt=0.0280  trans=0.0280  gain=+0.0000  |dz|=0.072  11.8 it/s
step  25250  L=0.1157  src=0.0792  tgt=0.0183  trans=0.0183  gain=-0.0000  |dz|=0.071  11.8 it/s
step  25300  L=0.0847  src=0.0412  tgt=0.0217  trans=0.0217  gain=-0.0000  |dz|=0.071  11.8 it/s
step  25350  L=0.1364  src=0.0771  tgt=0.0297  trans=0.0297  gain=+0.0000  |dz|=0.070  11.8 it/s
step  25400  L=0.0808  src=0.0321  tgt=0.0244  trans=0.0243  gain=+0.0000  |dz|=0.065  11.8 it/s
step  25450  L=0.0538  src=0.0234  tgt=0.0152  trans=0.0152  gain=-0.0000  |dz|=0.070  11.8 it/s
step  25500  L=0.0685  src=0.0295  tgt=0.0195  trans=0.0195  gain=+0.0000  |dz|=0.069  11.8 it/s
step  25550  L=0.0720  src=0.0410  tgt=0.0155  trans=0.0155  gain=-0.0000  |dz|=0.067  11.8 it/s
step  25600  L=0.1008  src=0.0595  tgt=0.0207  trans=0.0206  gain=+0.0000  |dz|=0.071  11.8 it/s
step  25650  L=0.1148  src=0.0512  tgt=0.0318  trans=0.0318  gain=-0.0000  |dz|=0.069  11.8 it/s
step  25700  L=0.1531  src=0.0822  tgt=0.0354  trans=0.0354  gain=+0.0000  |dz|=0.068  11.8 it/s
step  25750  L=0.1196  src=0.0616  tgt=0.0290  trans=0.0290  gain=+0.0000  |dz|=0.075  11.8 it/s
step  25800  L=0.1506  src=0.0666  tgt=0.0420  trans=0.0420  gain=+0.0000  |dz|=0.072  11.8 it/s
step  25850  L=0.1192  src=0.0511  tgt=0.0341  trans=0.0341  gain=-0.0000  |dz|=0.068  11.8 it/s
step  25900  L=0.1051  src=0.0561  tgt=0.0245  trans=0.0245  gain=-0.0000  |dz|=0.072  11.8 it/s
step  25950  L=0.0859  src=0.0406  tgt=0.0227  trans=0.0227  gain=-0.0000  |dz|=0.071  11.8 it/s
step  26000  L=0.1072  src=0.0403  tgt=0.0334  trans=0.0334  gain=+0.0000  |dz|=0.071  11.8 it/s
  [诊断 @ 26000] loss_correct=0.0252  loss_zero=0.0254  loss_shuffled=0.0253  loss_random=0.0254  loss_target_only=0.0252  r_basis=0.0123  |dz_transport|=0.0714  z_s_vs_enc_rel=1.4748  z_spread_rel=0.3207  gain_vs_zero=0.0001  gain_vs_shuffled=0.0000  gain_vs_target_only=0.0000
step  26050  L=0.0720  src=0.0385  tgt=0.0167  trans=0.0167  gain=-0.0000  |dz|=0.064  11.8 it/s
step  26100  L=0.1323  src=0.0682  tgt=0.0321  trans=0.0320  gain=+0.0001  |dz|=0.068  11.8 it/s
step  26150  L=0.1105  src=0.0490  tgt=0.0307  trans=0.0307  gain=+0.0000  |dz|=0.070  11.8 it/s
step  26200  L=0.0830  src=0.0405  tgt=0.0213  trans=0.0213  gain=+0.0000  |dz|=0.070  11.8 it/s
step  26250  L=0.0918  src=0.0375  tgt=0.0271  trans=0.0271  gain=+0.0000  |dz|=0.071  11.8 it/s
step  26300  L=0.0752  src=0.0411  tgt=0.0171  trans=0.0171  gain=+0.0000  |dz|=0.066  11.8 it/s
step  26350  L=0.1224  src=0.0458  tgt=0.0383  trans=0.0383  gain=+0.0000  |dz|=0.070  11.8 it/s
step  26400  L=0.1158  src=0.0706  tgt=0.0226  trans=0.0226  gain=+0.0000  |dz|=0.064  11.8 it/s
step  26450  L=0.0914  src=0.0458  tgt=0.0228  trans=0.0228  gain=-0.0000  |dz|=0.072  11.8 it/s
step  26500  L=0.0949  src=0.0412  tgt=0.0269  trans=0.0268  gain=+0.0000  |dz|=0.067  11.8 it/s
step  26550  L=0.1188  src=0.0650  tgt=0.0269  trans=0.0269  gain=-0.0000  |dz|=0.071  11.8 it/s
step  26600  L=0.1672  src=0.0854  tgt=0.0409  trans=0.0409  gain=+0.0000  |dz|=0.069  11.8 it/s
step  26650  L=0.1011  src=0.0594  tgt=0.0209  trans=0.0209  gain=-0.0000  |dz|=0.070  11.8 it/s
step  26700  L=0.1470  src=0.0728  tgt=0.0371  trans=0.0371  gain=+0.0000  |dz|=0.070  11.8 it/s
step  26750  L=0.1295  src=0.0873  tgt=0.0211  trans=0.0211  gain=-0.0000  |dz|=0.070  11.8 it/s
step  26800  L=0.0867  src=0.0356  tgt=0.0255  trans=0.0255  gain=-0.0000  |dz|=0.068  11.8 it/s
step  26850  L=0.0840  src=0.0410  tgt=0.0215  trans=0.0215  gain=+0.0000  |dz|=0.071  11.8 it/s
step  26900  L=0.1156  src=0.0673  tgt=0.0242  trans=0.0242  gain=+0.0000  |dz|=0.069  11.8 it/s
step  26950  L=0.0886  src=0.0447  tgt=0.0220  trans=0.0219  gain=+0.0000  |dz|=0.067  11.8 it/s
step  27000  L=0.0687  src=0.0369  tgt=0.0159  trans=0.0159  gain=+0.0000  |dz|=0.066  11.8 it/s
  [诊断 @ 27000] loss_correct=0.0304  loss_zero=0.0305  loss_shuffled=0.0304  loss_random=0.0306  loss_target_only=0.0304  r_basis=0.0123  |dz_transport|=0.0700  z_s_vs_enc_rel=1.4898  z_spread_rel=0.2035  gain_vs_zero=0.0002  gain_vs_shuffled=0.0000  gain_vs_target_only=0.0000
step  27050  L=0.1171  src=0.0821  tgt=0.0175  trans=0.0175  gain=+0.0000  |dz|=0.073  11.8 it/s
step  27100  L=0.0976  src=0.0511  tgt=0.0232  trans=0.0233  gain=-0.0000  |dz|=0.070  11.8 it/s
step  27150  L=0.1380  src=0.0664  tgt=0.0358  trans=0.0358  gain=+0.0000  |dz|=0.069  11.8 it/s
step  27200  L=0.1074  src=0.0679  tgt=0.0198  trans=0.0198  gain=+0.0000  |dz|=0.071  11.8 it/s
step  27250  L=0.0782  src=0.0508  tgt=0.0137  trans=0.0137  gain=-0.0000  |dz|=0.069  11.8 it/s
step  27300  L=0.0550  src=0.0266  tgt=0.0142  trans=0.0142  gain=+0.0000  |dz|=0.065  11.8 it/s
step  27350  L=0.1055  src=0.0445  tgt=0.0305  trans=0.0305  gain=+0.0000  |dz|=0.067  11.8 it/s
step  27400  L=0.1095  src=0.0427  tgt=0.0334  trans=0.0334  gain=-0.0000  |dz|=0.071  11.8 it/s
step  27450  L=0.0892  src=0.0451  tgt=0.0220  trans=0.0220  gain=-0.0000  |dz|=0.070  11.8 it/s
step  27500  L=0.0650  src=0.0334  tgt=0.0158  trans=0.0158  gain=+0.0000  |dz|=0.066  11.8 it/s
step  27550  L=0.1764  src=0.1239  tgt=0.0262  trans=0.0262  gain=-0.0000  |dz|=0.067  11.8 it/s
step  27600  L=0.0806  src=0.0490  tgt=0.0158  trans=0.0158  gain=+0.0000  |dz|=0.071  11.8 it/s
step  27650  L=0.0930  src=0.0441  tgt=0.0244  trans=0.0244  gain=+0.0000  |dz|=0.071  11.8 it/s
step  27700  L=0.1171  src=0.0522  tgt=0.0324  trans=0.0325  gain=-0.0000  |dz|=0.069  11.8 it/s
step  27750  L=0.1219  src=0.0534  tgt=0.0343  trans=0.0343  gain=-0.0000  |dz|=0.068  11.8 it/s
step  27800  L=0.1163  src=0.0590  tgt=0.0286  trans=0.0287  gain=-0.0000  |dz|=0.068  11.8 it/s
step  27850  L=0.1176  src=0.0581  tgt=0.0297  trans=0.0297  gain=-0.0000  |dz|=0.067  11.8 it/s
step  27900  L=0.0597  src=0.0328  tgt=0.0134  trans=0.0134  gain=+0.0000  |dz|=0.062  11.8 it/s
step  27950  L=0.1456  src=0.0506  tgt=0.0475  trans=0.0475  gain=-0.0000  |dz|=0.071  11.8 it/s
step  28000  L=0.0987  src=0.0596  tgt=0.0195  trans=0.0195  gain=-0.0000  |dz|=0.069  11.8 it/s
  [诊断 @ 28000] loss_correct=0.0282  loss_zero=0.0283  loss_shuffled=0.0282  loss_random=0.0284  loss_target_only=0.0282  r_basis=0.0120  |dz_transport|=0.0684  z_s_vs_enc_rel=1.4676  z_spread_rel=0.2829  gain_vs_zero=0.0001  gain_vs_shuffled=0.0000  gain_vs_target_only=0.0000
step  28050  L=0.0903  src=0.0507  tgt=0.0198  trans=0.0198  gain=+0.0000  |dz|=0.067  11.8 it/s
step  28100  L=0.1061  src=0.0566  tgt=0.0248  trans=0.0247  gain=+0.0001  |dz|=0.067  11.8 it/s
step  28150  L=0.0923  src=0.0603  tgt=0.0160  trans=0.0160  gain=+0.0000  |dz|=0.067  11.8 it/s
step  28200  L=0.1008  src=0.0588  tgt=0.0210  trans=0.0210  gain=-0.0000  |dz|=0.069  11.8 it/s
step  28250  L=0.1191  src=0.0641  tgt=0.0275  trans=0.0275  gain=+0.0000  |dz|=0.067  11.8 it/s
step  28300  L=0.0779  src=0.0323  tgt=0.0228  trans=0.0228  gain=+0.0000  |dz|=0.064  11.8 it/s
step  28350  L=0.1081  src=0.0605  tgt=0.0238  trans=0.0238  gain=-0.0000  |dz|=0.065  11.8 it/s
step  28400  L=0.1551  src=0.0664  tgt=0.0444  trans=0.0444  gain=-0.0000  |dz|=0.065  11.8 it/s
step  28450  L=0.1031  src=0.0570  tgt=0.0230  trans=0.0230  gain=-0.0000  |dz|=0.070  11.8 it/s
step  28500  L=0.1264  src=0.0651  tgt=0.0306  trans=0.0307  gain=-0.0000  |dz|=0.070  11.8 it/s
step  28550  L=0.1509  src=0.0876  tgt=0.0316  trans=0.0316  gain=-0.0000  |dz|=0.067  11.8 it/s
step  28600  L=0.1066  src=0.0652  tgt=0.0206  trans=0.0207  gain=-0.0001  |dz|=0.066  11.8 it/s
step  28650  L=0.0826  src=0.0384  tgt=0.0221  trans=0.0221  gain=+0.0000  |dz|=0.066  11.8 it/s
step  28700  L=0.0943  src=0.0509  tgt=0.0217  trans=0.0216  gain=+0.0000  |dz|=0.065  11.8 it/s
step  28750  L=0.0937  src=0.0654  tgt=0.0142  trans=0.0142  gain=+0.0000  |dz|=0.066  11.8 it/s
step  28800  L=0.0895  src=0.0447  tgt=0.0224  trans=0.0224  gain=+0.0000  |dz|=0.065  11.8 it/s
step  28850  L=0.1272  src=0.0771  tgt=0.0250  trans=0.0250  gain=-0.0000  |dz|=0.066  11.8 it/s
step  28900  L=0.1025  src=0.0446  tgt=0.0290  trans=0.0290  gain=-0.0000  |dz|=0.063  11.8 it/s
step  28950  L=0.1338  src=0.0545  tgt=0.0396  trans=0.0396  gain=+0.0000  |dz|=0.066  11.8 it/s
step  29000  L=0.1315  src=0.0727  tgt=0.0294  trans=0.0294  gain=+0.0000  |dz|=0.063  11.8 it/s
  [诊断 @ 29000] loss_correct=0.0234  loss_zero=0.0235  loss_shuffled=0.0234  loss_random=0.0236  loss_target_only=0.0234  r_basis=0.0108  |dz_transport|=0.0665  z_s_vs_enc_rel=1.4760  z_spread_rel=0.3144  gain_vs_zero=0.0001  gain_vs_shuffled=0.0000  gain_vs_target_only=0.0000
step  29050  L=0.1134  src=0.0694  tgt=0.0220  trans=0.0220  gain=+0.0000  |dz|=0.070  11.8 it/s
step  29100  L=0.0805  src=0.0471  tgt=0.0167  trans=0.0167  gain=+0.0000  |dz|=0.065  11.8 it/s
step  29150  L=0.1749  src=0.0978  tgt=0.0385  trans=0.0385  gain=+0.0000  |dz|=0.065  11.8 it/s
step  29200  L=0.1194  src=0.0676  tgt=0.0259  trans=0.0259  gain=-0.0000  |dz|=0.066  11.8 it/s
step  29250  L=0.1203  src=0.0722  tgt=0.0240  trans=0.0240  gain=+0.0000  |dz|=0.068  11.8 it/s
step  29300  L=0.0873  src=0.0458  tgt=0.0208  trans=0.0208  gain=-0.0000  |dz|=0.063  11.8 it/s
step  29350  L=0.1142  src=0.0676  tgt=0.0233  trans=0.0233  gain=-0.0000  |dz|=0.066  11.8 it/s
step  29400  L=0.1450  src=0.0646  tgt=0.0402  trans=0.0402  gain=+0.0000  |dz|=0.068  11.8 it/s
step  29450  L=0.1057  src=0.0616  tgt=0.0221  trans=0.0221  gain=-0.0000  |dz|=0.063  11.8 it/s
step  29500  L=0.0673  src=0.0328  tgt=0.0173  trans=0.0172  gain=+0.0000  |dz|=0.064  11.8 it/s
step  29550  L=0.1086  src=0.0567  tgt=0.0260  trans=0.0260  gain=-0.0000  |dz|=0.063  11.8 it/s
step  29600  L=0.0750  src=0.0276  tgt=0.0237  trans=0.0237  gain=-0.0000  |dz|=0.061  11.8 it/s
step  29650  L=0.1139  src=0.0543  tgt=0.0298  trans=0.0298  gain=-0.0000  |dz|=0.064  11.8 it/s
step  29700  L=0.1075  src=0.0710  tgt=0.0182  trans=0.0183  gain=-0.0000  |dz|=0.062  11.8 it/s
step  29750  L=0.1715  src=0.1055  tgt=0.0330  trans=0.0330  gain=-0.0000  |dz|=0.063  11.8 it/s
step  29800  L=0.1139  src=0.0695  tgt=0.0222  trans=0.0222  gain=-0.0000  |dz|=0.068  11.8 it/s
step  29850  L=0.1198  src=0.0797  tgt=0.0201  trans=0.0201  gain=+0.0000  |dz|=0.065  11.8 it/s
step  29900  L=0.0774  src=0.0362  tgt=0.0206  trans=0.0205  gain=+0.0001  |dz|=0.066  11.8 it/s
step  29950  L=0.1005  src=0.0532  tgt=0.0236  trans=0.0237  gain=-0.0000  |dz|=0.065  11.8 it/s
step  30000  L=0.0920  src=0.0376  tgt=0.0272  trans=0.0272  gain=+0.0000  |dz|=0.066  11.8 it/s
  [诊断 @ 30000] loss_correct=0.0288  loss_zero=0.0289  loss_shuffled=0.0288  loss_random=0.0290  loss_target_only=0.0288  r_basis=0.0112  |dz_transport|=0.0659  z_s_vs_enc_rel=1.4744  z_spread_rel=0.3076  gain_vs_zero=0.0001  gain_vs_shuffled=0.0000  gain_vs_target_only=0.0000
  已保存 C:\T1D Meta Learning\code\python\meta-diffusion\checkpoints\cifar_ds_blur_step30000.pt
step  30050  L=0.1296  src=0.0643  tgt=0.0327  trans=0.0326  gain=+0.0000  |dz|=0.066  11.8 it/s
step  30100  L=0.0855  src=0.0358  tgt=0.0249  trans=0.0248  gain=+0.0000  |dz|=0.069  11.8 it/s
step  30150  L=0.1362  src=0.0768  tgt=0.0297  trans=0.0297  gain=+0.0000  |dz|=0.067  11.8 it/s
step  30200  L=0.0807  src=0.0439  tgt=0.0184  trans=0.0184  gain=+0.0000  |dz|=0.065  11.8 it/s
step  30250  L=0.0701  src=0.0353  tgt=0.0174  trans=0.0174  gain=+0.0000  |dz|=0.061  11.8 it/s
step  30300  L=0.0940  src=0.0339  tgt=0.0300  trans=0.0301  gain=-0.0000  |dz|=0.064  11.8 it/s
step  30350  L=0.1080  src=0.0721  tgt=0.0180  trans=0.0179  gain=+0.0000  |dz|=0.063  11.8 it/s
step  30400  L=0.1103  src=0.0478  tgt=0.0312  trans=0.0312  gain=-0.0000  |dz|=0.064  11.8 it/s
step  30450  L=0.1426  src=0.0815  tgt=0.0306  trans=0.0305  gain=+0.0000  |dz|=0.066  11.8 it/s
step  30500  L=0.0885  src=0.0404  tgt=0.0241  trans=0.0240  gain=+0.0000  |dz|=0.064  11.8 it/s
step  30550  L=0.1186  src=0.0733  tgt=0.0227  trans=0.0227  gain=-0.0000  |dz|=0.065  11.8 it/s
step  30600  L=0.0604  src=0.0419  tgt=0.0093  trans=0.0092  gain=+0.0000  |dz|=0.061  11.8 it/s
step  30650  L=0.0818  src=0.0460  tgt=0.0179  trans=0.0179  gain=+0.0000  |dz|=0.064  11.8 it/s
step  30700  L=0.1200  src=0.0633  tgt=0.0283  trans=0.0283  gain=+0.0000  |dz|=0.066  11.8 it/s
step  30750  L=0.0758  src=0.0426  tgt=0.0166  trans=0.0166  gain=+0.0000  |dz|=0.061  11.8 it/s
step  30800  L=0.1517  src=0.1043  tgt=0.0237  trans=0.0237  gain=-0.0000  |dz|=0.065  11.8 it/s
step  30850  L=0.0739  src=0.0409  tgt=0.0165  trans=0.0165  gain=-0.0000  |dz|=0.064  11.8 it/s
step  30900  L=0.1327  src=0.0727  tgt=0.0300  trans=0.0300  gain=+0.0000  |dz|=0.064  11.8 it/s
step  30950  L=0.1058  src=0.0530  tgt=0.0264  trans=0.0264  gain=-0.0000  |dz|=0.061  11.8 it/s
step  31000  L=0.1196  src=0.0722  tgt=0.0237  trans=0.0237  gain=+0.0000  |dz|=0.061  11.8 it/s
  [诊断 @ 31000] loss_correct=0.0298  loss_zero=0.0300  loss_shuffled=0.0299  loss_random=0.0300  loss_target_only=0.0298  r_basis=0.0111  |dz_transport|=0.0642  z_s_vs_enc_rel=1.4782  z_spread_rel=0.3123  gain_vs_zero=0.0001  gain_vs_shuffled=0.0000  gain_vs_target_only=0.0000
step  31050  L=0.0807  src=0.0417  tgt=0.0195  trans=0.0195  gain=-0.0000  |dz|=0.063  11.8 it/s
step  31100  L=0.1180  src=0.0612  tgt=0.0284  trans=0.0284  gain=+0.0000  |dz|=0.065  11.8 it/s
step  31150  L=0.1021  src=0.0428  tgt=0.0296  trans=0.0296  gain=+0.0000  |dz|=0.066  11.8 it/s
step  31200  L=0.0557  src=0.0319  tgt=0.0119  trans=0.0119  gain=-0.0000  |dz|=0.061  11.8 it/s
step  31250  L=0.1163  src=0.0550  tgt=0.0306  trans=0.0306  gain=-0.0000  |dz|=0.065  11.8 it/s
step  31300  L=0.0980  src=0.0563  tgt=0.0208  trans=0.0209  gain=-0.0000  |dz|=0.063  11.8 it/s
step  31350  L=0.1599  src=0.0909  tgt=0.0345  trans=0.0345  gain=+0.0000  |dz|=0.065  11.8 it/s
step  31400  L=0.0941  src=0.0295  tgt=0.0323  trans=0.0323  gain=+0.0000  |dz|=0.063  11.8 it/s
step  31450  L=0.0834  src=0.0540  tgt=0.0147  trans=0.0147  gain=+0.0000  |dz|=0.064  11.8 it/s
step  31500  L=0.0881  src=0.0361  tgt=0.0260  trans=0.0260  gain=+0.0000  |dz|=0.064  11.8 it/s
step  31550  L=0.1477  src=0.0471  tgt=0.0503  trans=0.0503  gain=-0.0000  |dz|=0.063  11.8 it/s
step  31600  L=0.0774  src=0.0283  tgt=0.0246  trans=0.0245  gain=+0.0000  |dz|=0.061  11.8 it/s
step  31650  L=0.1060  src=0.0577  tgt=0.0242  trans=0.0242  gain=+0.0000  |dz|=0.065  11.8 it/s
step  31700  L=0.1142  src=0.0726  tgt=0.0209  trans=0.0208  gain=+0.0001  |dz|=0.064  11.8 it/s
step  31750  L=0.1049  src=0.0460  tgt=0.0294  trans=0.0294  gain=-0.0000  |dz|=0.061  11.8 it/s
step  31800  L=0.1275  src=0.0713  tgt=0.0281  trans=0.0281  gain=+0.0000  |dz|=0.064  11.8 it/s
step  31850  L=0.1212  src=0.0720  tgt=0.0246  trans=0.0246  gain=+0.0000  |dz|=0.063  11.8 it/s
step  31900  L=0.0817  src=0.0474  tgt=0.0171  trans=0.0171  gain=+0.0000  |dz|=0.062  11.8 it/s
step  31950  L=0.0886  src=0.0373  tgt=0.0256  trans=0.0256  gain=+0.0000  |dz|=0.061  11.8 it/s
step  32000  L=0.0959  src=0.0483  tgt=0.0238  trans=0.0238  gain=-0.0000  |dz|=0.061  11.8 it/s
  [诊断 @ 32000] loss_correct=0.0268  loss_zero=0.0269  loss_shuffled=0.0268  loss_random=0.0269  loss_target_only=0.0268  r_basis=0.0101  |dz_transport|=0.0640  z_s_vs_enc_rel=1.4947  z_spread_rel=0.3753  gain_vs_zero=0.0001  gain_vs_shuffled=0.0000  gain_vs_target_only=0.0000
step  32050  L=0.0817  src=0.0320  tgt=0.0249  trans=0.0249  gain=+0.0000  |dz|=0.064  11.8 it/s
step  32100  L=0.1159  src=0.0628  tgt=0.0266  trans=0.0265  gain=+0.0000  |dz|=0.066  11.8 it/s
step  32150  L=0.0971  src=0.0536  tgt=0.0218  trans=0.0218  gain=+0.0000  |dz|=0.064  11.8 it/s
step  32200  L=0.0720  src=0.0305  tgt=0.0208  trans=0.0208  gain=-0.0001  |dz|=0.060  11.8 it/s
step  32250  L=0.1567  src=0.0849  tgt=0.0359  trans=0.0359  gain=-0.0000  |dz|=0.065  11.8 it/s
step  32300  L=0.1065  src=0.0530  tgt=0.0267  trans=0.0267  gain=+0.0000  |dz|=0.068  11.8 it/s
step  32350  L=0.0988  src=0.0540  tgt=0.0224  trans=0.0224  gain=+0.0000  |dz|=0.066  11.8 it/s
step  32400  L=0.0780  src=0.0332  tgt=0.0224  trans=0.0224  gain=-0.0000  |dz|=0.062  11.8 it/s
step  32450  L=0.1104  src=0.0612  tgt=0.0246  trans=0.0246  gain=+0.0000  |dz|=0.062  11.8 it/s
step  32500  L=0.1025  src=0.0542  tgt=0.0241  trans=0.0241  gain=-0.0000  |dz|=0.064  11.8 it/s
step  32550  L=0.1119  src=0.0506  tgt=0.0306  trans=0.0306  gain=+0.0000  |dz|=0.065  11.8 it/s
step  32600  L=0.0778  src=0.0436  tgt=0.0171  trans=0.0171  gain=+0.0000  |dz|=0.063  11.8 it/s
step  32650  L=0.1243  src=0.0515  tgt=0.0364  trans=0.0364  gain=+0.0000  |dz|=0.065  11.8 it/s
step  32700  L=0.0960  src=0.0451  tgt=0.0254  trans=0.0254  gain=-0.0000  |dz|=0.062  11.8 it/s
step  32750  L=0.1024  src=0.0445  tgt=0.0290  trans=0.0289  gain=+0.0000  |dz|=0.066  11.8 it/s
step  32800  L=0.1548  src=0.0958  tgt=0.0295  trans=0.0295  gain=-0.0000  |dz|=0.065  11.8 it/s
step  32850  L=0.0788  src=0.0397  tgt=0.0196  trans=0.0196  gain=+0.0000  |dz|=0.064  11.8 it/s
step  32900  L=0.1263  src=0.0893  tgt=0.0185  trans=0.0185  gain=-0.0000  |dz|=0.063  11.8 it/s
step  32950  L=0.1008  src=0.0421  tgt=0.0294  trans=0.0294  gain=-0.0000  |dz|=0.065  11.8 it/s
step  33000  L=0.1008  src=0.0420  tgt=0.0294  trans=0.0294  gain=+0.0000  |dz|=0.063  11.8 it/s
  [诊断 @ 33000] loss_correct=0.0294  loss_zero=0.0295  loss_shuffled=0.0294  loss_random=0.0296  loss_target_only=0.0294  r_basis=0.0111  |dz_transport|=0.0642  z_s_vs_enc_rel=1.4639  z_spread_rel=0.4034  gain_vs_zero=0.0001  gain_vs_shuffled=0.0000  gain_vs_target_only=0.0000
step  33050  L=0.1121  src=0.0638  tgt=0.0242  trans=0.0242  gain=+0.0000  |dz|=0.064  11.8 it/s
step  33100  L=0.0812  src=0.0312  tgt=0.0250  trans=0.0250  gain=+0.0000  |dz|=0.064  11.8 it/s
step  33150  L=0.0736  src=0.0339  tgt=0.0199  trans=0.0198  gain=+0.0000  |dz|=0.063  11.8 it/s
step  33200  L=0.1412  src=0.0692  tgt=0.0360  trans=0.0360  gain=-0.0000  |dz|=0.067  11.8 it/s
step  33250  L=0.0676  src=0.0264  tgt=0.0206  trans=0.0206  gain=+0.0000  |dz|=0.065  11.8 it/s
step  33300  L=0.1480  src=0.0794  tgt=0.0343  trans=0.0343  gain=+0.0000  |dz|=0.063  11.8 it/s
step  33350  L=0.0881  src=0.0462  tgt=0.0210  trans=0.0210  gain=+0.0000  |dz|=0.066  11.8 it/s
step  33400  L=0.1060  src=0.0505  tgt=0.0277  trans=0.0277  gain=+0.0000  |dz|=0.063  11.8 it/s
step  33450  L=0.1219  src=0.0562  tgt=0.0328  trans=0.0328  gain=-0.0000  |dz|=0.063  11.8 it/s
step  33500  L=0.0583  src=0.0242  tgt=0.0170  trans=0.0170  gain=+0.0000  |dz|=0.058  11.8 it/s
step  33550  L=0.0772  src=0.0288  tgt=0.0242  trans=0.0242  gain=+0.0000  |dz|=0.062  11.8 it/s
step  33600  L=0.0932  src=0.0466  tgt=0.0233  trans=0.0233  gain=+0.0000  |dz|=0.064  11.8 it/s
step  33650  L=0.0932  src=0.0461  tgt=0.0235  trans=0.0236  gain=-0.0000  |dz|=0.064  11.8 it/s
step  33700  L=0.0899  src=0.0479  tgt=0.0210  trans=0.0210  gain=+0.0000  |dz|=0.062  11.8 it/s
step  33750  L=0.0953  src=0.0344  tgt=0.0304  trans=0.0305  gain=-0.0000  |dz|=0.061  11.8 it/s
step  33800  L=0.1216  src=0.0724  tgt=0.0246  trans=0.0246  gain=+0.0000  |dz|=0.067  11.8 it/s
step  33850  L=0.1001  src=0.0360  tgt=0.0321  trans=0.0321  gain=+0.0000  |dz|=0.066  11.8 it/s
step  33900  L=0.0882  src=0.0494  tgt=0.0194  trans=0.0194  gain=+0.0000  |dz|=0.063  11.8 it/s
step  33950  L=0.0775  src=0.0276  tgt=0.0249  trans=0.0249  gain=+0.0000  |dz|=0.063  11.8 it/s
step  34000  L=0.0641  src=0.0260  tgt=0.0191  trans=0.0191  gain=+0.0000  |dz|=0.064  11.8 it/s
  [诊断 @ 34000] loss_correct=0.0274  loss_zero=0.0275  loss_shuffled=0.0274  loss_random=0.0275  loss_target_only=0.0274  r_basis=0.0107  |dz_transport|=0.0639  z_s_vs_enc_rel=1.4502  z_spread_rel=0.3193  gain_vs_zero=0.0001  gain_vs_shuffled=0.0000  gain_vs_target_only=0.0000
step  34050  L=0.0742  src=0.0333  tgt=0.0205  trans=0.0205  gain=+0.0000  |dz|=0.061  11.8 it/s
step  34100  L=0.1219  src=0.0493  tgt=0.0363  trans=0.0363  gain=+0.0000  |dz|=0.061  11.8 it/s
step  34150  L=0.1181  src=0.0621  tgt=0.0280  trans=0.0280  gain=+0.0000  |dz|=0.067  11.8 it/s
step  34200  L=0.1074  src=0.0528  tgt=0.0273  trans=0.0273  gain=-0.0000  |dz|=0.062  11.8 it/s
step  34250  L=0.1113  src=0.0603  tgt=0.0255  trans=0.0255  gain=-0.0000  |dz|=0.065  11.8 it/s
step  34300  L=0.1135  src=0.0517  tgt=0.0309  trans=0.0309  gain=+0.0000  |dz|=0.065  11.8 it/s
step  34350  L=0.1188  src=0.0659  tgt=0.0265  trans=0.0265  gain=-0.0000  |dz|=0.064  11.8 it/s
step  34400  L=0.1776  src=0.1281  tgt=0.0247  trans=0.0247  gain=-0.0000  |dz|=0.065  11.8 it/s
step  34450  L=0.1045  src=0.0498  tgt=0.0274  trans=0.0273  gain=+0.0000  |dz|=0.063  11.8 it/s
step  34500  L=0.1072  src=0.0683  tgt=0.0195  trans=0.0195  gain=-0.0000  |dz|=0.065  11.8 it/s
step  34550  L=0.0849  src=0.0501  tgt=0.0174  trans=0.0174  gain=-0.0000  |dz|=0.061  11.8 it/s
step  34600  L=0.0885  src=0.0410  tgt=0.0237  trans=0.0237  gain=-0.0000  |dz|=0.063  11.8 it/s
step  34650  L=0.0790  src=0.0381  tgt=0.0205  trans=0.0204  gain=+0.0000  |dz|=0.063  11.8 it/s
step  34700  L=0.0771  src=0.0364  tgt=0.0203  trans=0.0203  gain=-0.0000  |dz|=0.061  11.8 it/s
step  34750  L=0.1216  src=0.0491  tgt=0.0363  trans=0.0363  gain=-0.0000  |dz|=0.064  11.8 it/s
step  34800  L=0.1130  src=0.0641  tgt=0.0244  trans=0.0244  gain=+0.0000  |dz|=0.062  11.8 it/s
step  34850  L=0.1330  src=0.0471  tgt=0.0429  trans=0.0429  gain=-0.0000  |dz|=0.065  11.8 it/s
step  34900  L=0.0949  src=0.0623  tgt=0.0163  trans=0.0163  gain=+0.0000  |dz|=0.060  11.8 it/s
step  34950  L=0.0999  src=0.0306  tgt=0.0347  trans=0.0347  gain=-0.0000  |dz|=0.062  11.8 it/s
step  35000  L=0.1196  src=0.0704  tgt=0.0246  trans=0.0246  gain=-0.0000  |dz|=0.064  11.8 it/s
  [诊断 @ 35000] loss_correct=0.0331  loss_zero=0.0332  loss_shuffled=0.0331  loss_random=0.0333  loss_target_only=0.0331  r_basis=0.0120  |dz_transport|=0.0631  z_s_vs_enc_rel=1.3989  z_spread_rel=0.3263  gain_vs_zero=0.0001  gain_vs_shuffled=0.0000  gain_vs_target_only=0.0000
  已保存 C:\T1D Meta Learning\code\python\meta-diffusion\checkpoints\cifar_ds_blur_step35000.pt
step  35050  L=0.0971  src=0.0646  tgt=0.0163  trans=0.0163  gain=+0.0000  |dz|=0.063  11.8 it/s
step  35100  L=0.0978  src=0.0469  tgt=0.0254  trans=0.0254  gain=-0.0000  |dz|=0.065  11.8 it/s
step  35150  L=0.1183  src=0.0722  tgt=0.0231  trans=0.0231  gain=+0.0000  |dz|=0.064  11.8 it/s
step  35200  L=0.1254  src=0.0721  tgt=0.0267  trans=0.0267  gain=+0.0000  |dz|=0.064  11.8 it/s
step  35250  L=0.1353  src=0.0590  tgt=0.0381  trans=0.0381  gain=+0.0000  |dz|=0.063  11.8 it/s
step  35300  L=0.1135  src=0.0412  tgt=0.0362  trans=0.0362  gain=-0.0000  |dz|=0.063  11.8 it/s
step  35350  L=0.1121  src=0.0351  tgt=0.0385  trans=0.0385  gain=-0.0000  |dz|=0.064  11.8 it/s
step  35400  L=0.0997  src=0.0435  tgt=0.0281  trans=0.0281  gain=+0.0000  |dz|=0.063  11.8 it/s
step  35450  L=0.1076  src=0.0590  tgt=0.0243  trans=0.0243  gain=-0.0000  |dz|=0.064  11.8 it/s
step  35500  L=0.1118  src=0.0665  tgt=0.0227  trans=0.0226  gain=+0.0001  |dz|=0.063  11.8 it/s
step  35550  L=0.0801  src=0.0365  tgt=0.0218  trans=0.0218  gain=-0.0000  |dz|=0.062  11.8 it/s
step  35600  L=0.1009  src=0.0613  tgt=0.0198  trans=0.0198  gain=+0.0000  |dz|=0.063  11.8 it/s
step  35650  L=0.0925  src=0.0378  tgt=0.0274  trans=0.0273  gain=+0.0000  |dz|=0.063  11.8 it/s
step  35700  L=0.0911  src=0.0413  tgt=0.0249  trans=0.0249  gain=-0.0000  |dz|=0.063  11.8 it/s
step  35750  L=0.1127  src=0.0881  tgt=0.0123  trans=0.0123  gain=-0.0000  |dz|=0.062  11.8 it/s
step  35800  L=0.0904  src=0.0420  tgt=0.0242  trans=0.0242  gain=-0.0000  |dz|=0.061  11.8 it/s
step  35850  L=0.0999  src=0.0587  tgt=0.0206  trans=0.0206  gain=-0.0000  |dz|=0.062  11.8 it/s
step  35900  L=0.0946  src=0.0425  tgt=0.0261  trans=0.0260  gain=+0.0000  |dz|=0.064  11.8 it/s
step  35950  L=0.1024  src=0.0553  tgt=0.0236  trans=0.0235  gain=+0.0000  |dz|=0.060  11.8 it/s
step  36000  L=0.1307  src=0.0746  tgt=0.0281  trans=0.0280  gain=+0.0000  |dz|=0.062  11.8 it/s
  [诊断 @ 36000] loss_correct=0.0332  loss_zero=0.0333  loss_shuffled=0.0332  loss_random=0.0334  loss_target_only=0.0332  r_basis=0.0111  |dz_transport|=0.0629  z_s_vs_enc_rel=1.4285  z_spread_rel=0.3517  gain_vs_zero=0.0001  gain_vs_shuffled=0.0000  gain_vs_target_only=0.0000
step  36050  L=0.1373  src=0.0738  tgt=0.0318  trans=0.0318  gain=-0.0000  |dz|=0.063  11.8 it/s
step  36100  L=0.1019  src=0.0430  tgt=0.0295  trans=0.0294  gain=+0.0000  |dz|=0.064  11.8 it/s
step  36150  L=0.0950  src=0.0523  tgt=0.0214  trans=0.0214  gain=-0.0000  |dz|=0.064  11.8 it/s
step  36200  L=0.0945  src=0.0497  tgt=0.0224  trans=0.0224  gain=+0.0000  |dz|=0.066  11.8 it/s
step  36250  L=0.0900  src=0.0450  tgt=0.0225  trans=0.0225  gain=-0.0000  |dz|=0.065  11.8 it/s
step  36300  L=0.1105  src=0.0553  tgt=0.0276  trans=0.0276  gain=-0.0000  |dz|=0.062  11.8 it/s
step  36350  L=0.0663  src=0.0294  tgt=0.0184  trans=0.0184  gain=-0.0000  |dz|=0.062  11.8 it/s
step  36400  L=0.0771  src=0.0397  tgt=0.0187  trans=0.0187  gain=-0.0000  |dz|=0.063  11.8 it/s
step  36450  L=0.1440  src=0.0843  tgt=0.0298  trans=0.0298  gain=-0.0000  |dz|=0.062  11.8 it/s
step  36500  L=0.1072  src=0.0526  tgt=0.0273  trans=0.0273  gain=-0.0000  |dz|=0.062  11.8 it/s
step  36550  L=0.0551  src=0.0220  tgt=0.0165  trans=0.0165  gain=-0.0000  |dz|=0.061  11.8 it/s
step  36600  L=0.1380  src=0.0695  tgt=0.0342  trans=0.0342  gain=-0.0000  |dz|=0.061  11.8 it/s
step  36650  L=0.0970  src=0.0389  tgt=0.0290  trans=0.0290  gain=+0.0000  |dz|=0.060  11.8 it/s
step  36700  L=0.1334  src=0.0674  tgt=0.0330  trans=0.0330  gain=-0.0000  |dz|=0.062  11.8 it/s
step  36750  L=0.0877  src=0.0439  tgt=0.0219  trans=0.0219  gain=-0.0000  |dz|=0.062  11.8 it/s
step  36800  L=0.0982  src=0.0410  tgt=0.0286  trans=0.0286  gain=+0.0000  |dz|=0.062  11.8 it/s
step  36850  L=0.1770  src=0.0738  tgt=0.0516  trans=0.0516  gain=+0.0000  |dz|=0.064  11.8 it/s
step  36900  L=0.1283  src=0.0872  tgt=0.0206  trans=0.0205  gain=+0.0001  |dz|=0.063  11.8 it/s
step  36950  L=0.1147  src=0.0392  tgt=0.0377  trans=0.0377  gain=+0.0000  |dz|=0.063  11.8 it/s
step  37000  L=0.1244  src=0.0606  tgt=0.0319  trans=0.0319  gain=+0.0000  |dz|=0.062  11.8 it/s
  [诊断 @ 37000] loss_correct=0.0298  loss_zero=0.0300  loss_shuffled=0.0299  loss_random=0.0300  loss_target_only=0.0298  r_basis=0.0125  |dz_transport|=0.0620  z_s_vs_enc_rel=1.4346  z_spread_rel=0.4333  gain_vs_zero=0.0001  gain_vs_shuffled=0.0000  gain_vs_target_only=-0.0000
step  37050  L=0.1017  src=0.0483  tgt=0.0267  trans=0.0267  gain=-0.0000  |dz|=0.063  11.8 it/s
step  37100  L=0.1251  src=0.0830  tgt=0.0210  trans=0.0210  gain=-0.0000  |dz|=0.064  11.8 it/s
step  37150  L=0.0595  src=0.0168  tgt=0.0213  trans=0.0214  gain=-0.0000  |dz|=0.063  11.8 it/s
step  37200  L=0.1003  src=0.0675  tgt=0.0164  trans=0.0164  gain=+0.0000  |dz|=0.062  11.8 it/s
step  37250  L=0.1254  src=0.0546  tgt=0.0354  trans=0.0354  gain=+0.0001  |dz|=0.065  11.8 it/s
step  37300  L=0.1355  src=0.0590  tgt=0.0383  trans=0.0383  gain=+0.0001  |dz|=0.067  11.8 it/s
step  37350  L=0.1239  src=0.0771  tgt=0.0234  trans=0.0234  gain=+0.0000  |dz|=0.063  11.8 it/s
step  37400  L=0.1121  src=0.0718  tgt=0.0202  trans=0.0202  gain=-0.0000  |dz|=0.063  11.8 it/s
step  37450  L=0.1060  src=0.0676  tgt=0.0192  trans=0.0192  gain=+0.0000  |dz|=0.064  11.8 it/s
step  37500  L=0.1149  src=0.0559  tgt=0.0295  trans=0.0295  gain=-0.0000  |dz|=0.063  11.8 it/s
step  37550  L=0.1194  src=0.0673  tgt=0.0261  trans=0.0261  gain=-0.0000  |dz|=0.064  11.8 it/s
step  37600  L=0.0517  src=0.0268  tgt=0.0124  trans=0.0125  gain=-0.0000  |dz|=0.059  11.8 it/s
step  37650  L=0.1391  src=0.0737  tgt=0.0327  trans=0.0327  gain=+0.0000  |dz|=0.063  11.8 it/s
step  37700  L=0.0962  src=0.0460  tgt=0.0251  trans=0.0251  gain=+0.0000  |dz|=0.065  11.8 it/s
step  37750  L=0.0983  src=0.0328  tgt=0.0327  trans=0.0328  gain=-0.0000  |dz|=0.059  11.8 it/s
step  37800  L=0.0811  src=0.0293  tgt=0.0259  trans=0.0259  gain=-0.0000  |dz|=0.062  11.8 it/s
step  37850  L=0.1297  src=0.0725  tgt=0.0286  trans=0.0286  gain=+0.0000  |dz|=0.064  11.8 it/s
step  37900  L=0.1120  src=0.0509  tgt=0.0306  trans=0.0305  gain=+0.0000  |dz|=0.065  11.8 it/s
step  37950  L=0.0938  src=0.0369  tgt=0.0284  trans=0.0284  gain=-0.0000  |dz|=0.064  11.8 it/s
step  38000  L=0.1158  src=0.0505  tgt=0.0327  trans=0.0326  gain=+0.0000  |dz|=0.064  11.8 it/s
  [诊断 @ 38000] loss_correct=0.0240  loss_zero=0.0241  loss_shuffled=0.0240  loss_random=0.0242  loss_target_only=0.0240  r_basis=0.0109  |dz_transport|=0.0629  z_s_vs_enc_rel=1.4645  z_spread_rel=0.4632  gain_vs_zero=0.0002  gain_vs_shuffled=0.0000  gain_vs_target_only=0.0000
step  38050  L=0.1998  src=0.1394  tgt=0.0302  trans=0.0302  gain=+0.0000  |dz|=0.065  11.8 it/s
step  38100  L=0.1210  src=0.0612  tgt=0.0299  trans=0.0299  gain=+0.0000  |dz|=0.064  11.8 it/s
step  38150  L=0.0908  src=0.0361  tgt=0.0274  trans=0.0274  gain=-0.0000  |dz|=0.063  11.8 it/s
step  38200  L=0.1236  src=0.0628  tgt=0.0304  trans=0.0304  gain=-0.0000  |dz|=0.064  11.8 it/s
step  38250  L=0.0572  src=0.0367  tgt=0.0102  trans=0.0103  gain=-0.0000  |dz|=0.062  11.8 it/s
step  38300  L=0.0855  src=0.0467  tgt=0.0194  trans=0.0194  gain=+0.0000  |dz|=0.062  11.8 it/s
step  38350  L=0.1284  src=0.0700  tgt=0.0292  trans=0.0292  gain=+0.0000  |dz|=0.065  11.8 it/s
step  38400  L=0.0991  src=0.0550  tgt=0.0220  trans=0.0220  gain=+0.0000  |dz|=0.063  11.8 it/s
step  38450  L=0.1071  src=0.0529  tgt=0.0271  trans=0.0271  gain=-0.0000  |dz|=0.065  11.8 it/s
step  38500  L=0.1096  src=0.0703  tgt=0.0197  trans=0.0197  gain=+0.0000  |dz|=0.066  11.8 it/s
step  38550  L=0.1066  src=0.0387  tgt=0.0340  trans=0.0340  gain=-0.0000  |dz|=0.063  11.8 it/s
step  38600  L=0.1154  src=0.0592  tgt=0.0281  trans=0.0281  gain=+0.0000  |dz|=0.066  11.8 it/s
step  38650  L=0.1010  src=0.0388  tgt=0.0311  trans=0.0312  gain=-0.0000  |dz|=0.067  11.8 it/s
step  38700  L=0.1057  src=0.0606  tgt=0.0225  trans=0.0225  gain=+0.0000  |dz|=0.063  11.8 it/s
step  38750  L=0.0880  src=0.0397  tgt=0.0242  trans=0.0241  gain=+0.0000  |dz|=0.064  11.8 it/s
step  38800  L=0.1050  src=0.0672  tgt=0.0189  trans=0.0189  gain=-0.0000  |dz|=0.061  11.8 it/s
step  38850  L=0.0999  src=0.0511  tgt=0.0244  trans=0.0244  gain=+0.0000  |dz|=0.064  11.8 it/s
step  38900  L=0.1238  src=0.0500  tgt=0.0369  trans=0.0369  gain=+0.0000  |dz|=0.061  11.8 it/s
step  38950  L=0.0935  src=0.0472  tgt=0.0231  trans=0.0231  gain=-0.0000  |dz|=0.063  11.8 it/s
step  39000  L=0.0989  src=0.0517  tgt=0.0236  trans=0.0236  gain=+0.0001  |dz|=0.064  11.8 it/s
  [诊断 @ 39000] loss_correct=0.0295  loss_zero=0.0297  loss_shuffled=0.0295  loss_random=0.0297  loss_target_only=0.0295  r_basis=0.0116  |dz_transport|=0.0637  z_s_vs_enc_rel=1.4486  z_spread_rel=0.3381  gain_vs_zero=0.0001  gain_vs_shuffled=0.0000  gain_vs_target_only=0.0000
step  39050  L=0.1269  src=0.0730  tgt=0.0269  trans=0.0269  gain=+0.0000  |dz|=0.063  11.8 it/s
step  39100  L=0.1473  src=0.0861  tgt=0.0306  trans=0.0306  gain=+0.0000  |dz|=0.063  11.8 it/s
step  39150  L=0.1047  src=0.0630  tgt=0.0209  trans=0.0209  gain=+0.0000  |dz|=0.063  11.8 it/s
step  39200  L=0.0821  src=0.0288  tgt=0.0266  trans=0.0266  gain=+0.0000  |dz|=0.066  11.8 it/s
step  39250  L=0.1085  src=0.0587  tgt=0.0249  trans=0.0249  gain=+0.0000  |dz|=0.061  11.8 it/s
step  39300  L=0.0784  src=0.0338  tgt=0.0223  trans=0.0223  gain=+0.0000  |dz|=0.061  11.8 it/s
step  39350  L=0.1040  src=0.0480  tgt=0.0280  trans=0.0280  gain=-0.0000  |dz|=0.063  11.8 it/s
step  39400  L=0.1073  src=0.0534  tgt=0.0270  trans=0.0270  gain=-0.0000  |dz|=0.061  11.8 it/s
step  39450  L=0.0931  src=0.0579  tgt=0.0176  trans=0.0176  gain=+0.0000  |dz|=0.063  11.8 it/s
step  39500  L=0.0926  src=0.0501  tgt=0.0213  trans=0.0213  gain=+0.0000  |dz|=0.062  11.8 it/s
step  39550  L=0.0810  src=0.0415  tgt=0.0198  trans=0.0198  gain=+0.0000  |dz|=0.063  11.8 it/s
step  39600  L=0.0934  src=0.0488  tgt=0.0223  trans=0.0223  gain=-0.0000  |dz|=0.066  11.8 it/s
step  39650  L=0.1202  src=0.0615  tgt=0.0293  trans=0.0293  gain=+0.0000  |dz|=0.067  11.8 it/s
step  39700  L=0.1049  src=0.0370  tgt=0.0340  trans=0.0339  gain=+0.0000  |dz|=0.066  11.8 it/s
step  39750  L=0.0900  src=0.0370  tgt=0.0265  trans=0.0265  gain=+0.0000  |dz|=0.063  11.8 it/s
step  39800  L=0.0897  src=0.0553  tgt=0.0172  trans=0.0172  gain=+0.0000  |dz|=0.064  11.8 it/s
step  39850  L=0.0850  src=0.0417  tgt=0.0217  trans=0.0216  gain=+0.0000  |dz|=0.064  11.9 it/s
step  39900  L=0.1155  src=0.0563  tgt=0.0296  trans=0.0296  gain=+0.0000  |dz|=0.066  11.9 it/s
step  39950  L=0.1169  src=0.0552  tgt=0.0308  trans=0.0308  gain=+0.0000  |dz|=0.064  11.9 it/s
step  40000  L=0.0895  src=0.0401  tgt=0.0247  trans=0.0247  gain=+0.0000  |dz|=0.063  11.9 it/s
  [诊断 @ 40000] loss_correct=0.0269  loss_zero=0.0271  loss_shuffled=0.0270  loss_random=0.0271  loss_target_only=0.0269  r_basis=0.0114  |dz_transport|=0.0636  z_s_vs_enc_rel=1.4537  z_spread_rel=0.3901  gain_vs_zero=0.0001  gain_vs_shuffled=0.0000  gain_vs_target_only=0.0000
  已保存 C:\T1D Meta Learning\code\python\meta-diffusion\checkpoints\cifar_ds_blur_step40000.pt
step  40050  L=0.0807  src=0.0338  tgt=0.0235  trans=0.0235  gain=+0.0000  |dz|=0.065  11.8 it/s
step  40100  L=0.0817  src=0.0419  tgt=0.0199  trans=0.0199  gain=+0.0001  |dz|=0.065  11.8 it/s
step  40150  L=0.1048  src=0.0361  tgt=0.0344  trans=0.0344  gain=+0.0000  |dz|=0.063  11.8 it/s
step  40200  L=0.0492  src=0.0237  tgt=0.0128  trans=0.0127  gain=+0.0000  |dz|=0.064  11.8 it/s
step  40250  L=0.0859  src=0.0453  tgt=0.0203  trans=0.0203  gain=+0.0000  |dz|=0.064  11.8 it/s
step  40300  L=0.0963  src=0.0527  tgt=0.0218  trans=0.0218  gain=+0.0000  |dz|=0.064  11.8 it/s
step  40350  L=0.0989  src=0.0366  tgt=0.0311  trans=0.0311  gain=+0.0000  |dz|=0.063  11.8 it/s
step  40400  L=0.0828  src=0.0456  tgt=0.0186  trans=0.0186  gain=+0.0000  |dz|=0.065  11.8 it/s
step  40450  L=0.1129  src=0.0608  tgt=0.0261  trans=0.0261  gain=+0.0000  |dz|=0.065  11.8 it/s
step  40500  L=0.1020  src=0.0634  tgt=0.0193  trans=0.0193  gain=+0.0000  |dz|=0.066  11.8 it/s
step  40550  L=0.1073  src=0.0517  tgt=0.0278  trans=0.0278  gain=-0.0000  |dz|=0.067  11.8 it/s
step  40600  L=0.1149  src=0.0556  tgt=0.0297  trans=0.0297  gain=+0.0000  |dz|=0.064  11.8 it/s
step  40650  L=0.0941  src=0.0411  tgt=0.0265  trans=0.0265  gain=-0.0000  |dz|=0.065  11.8 it/s
step  40700  L=0.0817  src=0.0365  tgt=0.0226  trans=0.0227  gain=-0.0000  |dz|=0.065  11.8 it/s
step  40750  L=0.0680  src=0.0355  tgt=0.0163  trans=0.0163  gain=+0.0000  |dz|=0.063  11.8 it/s
step  40800  L=0.0968  src=0.0428  tgt=0.0270  trans=0.0270  gain=-0.0000  |dz|=0.065  11.8 it/s
step  40850  L=0.0640  src=0.0312  tgt=0.0164  trans=0.0164  gain=+0.0000  |dz|=0.063  11.8 it/s
step  40900  L=0.1629  src=0.0665  tgt=0.0482  trans=0.0482  gain=+0.0000  |dz|=0.064  11.8 it/s
step  40950  L=0.1249  src=0.0686  tgt=0.0281  trans=0.0281  gain=+0.0000  |dz|=0.065  11.9 it/s
step  41000  L=0.0973  src=0.0353  tgt=0.0310  trans=0.0310  gain=-0.0000  |dz|=0.063  11.9 it/s
  [诊断 @ 41000] loss_correct=0.0276  loss_zero=0.0278  loss_shuffled=0.0276  loss_random=0.0278  loss_target_only=0.0276  r_basis=0.0112  |dz_transport|=0.0641  z_s_vs_enc_rel=1.4687  z_spread_rel=0.3408  gain_vs_zero=0.0002  gain_vs_shuffled=0.0000  gain_vs_target_only=0.0000
step  41050  L=0.1096  src=0.0668  tgt=0.0214  trans=0.0214  gain=+0.0000  |dz|=0.067  11.8 it/s
step  41100  L=0.1278  src=0.0745  tgt=0.0266  trans=0.0266  gain=+0.0000  |dz|=0.064  11.8 it/s
step  41150  L=0.1030  src=0.0521  tgt=0.0255  trans=0.0254  gain=+0.0000  |dz|=0.064  11.8 it/s
step  41200  L=0.0851  src=0.0317  tgt=0.0267  trans=0.0267  gain=+0.0000  |dz|=0.063  11.8 it/s
step  41250  L=0.1155  src=0.0519  tgt=0.0318  trans=0.0318  gain=+0.0000  |dz|=0.063  11.8 it/s
step  41300  L=0.0757  src=0.0436  tgt=0.0160  trans=0.0160  gain=-0.0000  |dz|=0.064  11.8 it/s
step  41350  L=0.0999  src=0.0495  tgt=0.0252  trans=0.0252  gain=-0.0000  |dz|=0.064  11.8 it/s
step  41400  L=0.0934  src=0.0462  tgt=0.0236  trans=0.0236  gain=+0.0000  |dz|=0.064  11.8 it/s
step  41450  L=0.0910  src=0.0635  tgt=0.0138  trans=0.0137  gain=+0.0001  |dz|=0.066  11.8 it/s
step  41500  L=0.1051  src=0.0343  tgt=0.0354  trans=0.0354  gain=-0.0000  |dz|=0.066  11.8 it/s
step  41550  L=0.0908  src=0.0615  tgt=0.0147  trans=0.0146  gain=+0.0001  |dz|=0.064  11.9 it/s
step  41600  L=0.1043  src=0.0413  tgt=0.0315  trans=0.0315  gain=+0.0000  |dz|=0.064  11.9 it/s
step  41650  L=0.0465  src=0.0197  tgt=0.0134  trans=0.0134  gain=+0.0000  |dz|=0.063  11.9 it/s
step  41700  L=0.0718  src=0.0400  tgt=0.0159  trans=0.0159  gain=-0.0000  |dz|=0.064  11.9 it/s
step  41750  L=0.1034  src=0.0508  tgt=0.0263  trans=0.0263  gain=+0.0000  |dz|=0.065  11.9 it/s
step  41800  L=0.0586  src=0.0324  tgt=0.0131  trans=0.0131  gain=-0.0000  |dz|=0.063  11.9 it/s
step  41850  L=0.1231  src=0.0669  tgt=0.0281  trans=0.0281  gain=-0.0000  |dz|=0.065  11.9 it/s
step  41900  L=0.1250  src=0.0388  tgt=0.0431  trans=0.0431  gain=-0.0000  |dz|=0.065  11.9 it/s
step  41950  L=0.1429  src=0.0616  tgt=0.0406  trans=0.0406  gain=-0.0000  |dz|=0.067  11.9 it/s
step  42000  L=0.0778  src=0.0504  tgt=0.0137  trans=0.0137  gain=+0.0000  |dz|=0.064  11.9 it/s
  [诊断 @ 42000] loss_correct=0.0258  loss_zero=0.0259  loss_shuffled=0.0258  loss_random=0.0260  loss_target_only=0.0258  r_basis=0.0107  |dz_transport|=0.0648  z_s_vs_enc_rel=1.4511  z_spread_rel=0.3902  gain_vs_zero=0.0001  gain_vs_shuffled=0.0000  gain_vs_target_only=0.0000
step  42050  L=0.0641  src=0.0224  tgt=0.0208  trans=0.0208  gain=-0.0000  |dz|=0.062  11.9 it/s
step  42100  L=0.0850  src=0.0477  tgt=0.0187  trans=0.0187  gain=+0.0000  |dz|=0.065  11.9 it/s
step  42150  L=0.0884  src=0.0393  tgt=0.0245  trans=0.0246  gain=-0.0001  |dz|=0.061  11.9 it/s
step  42200  L=0.0709  src=0.0323  tgt=0.0193  trans=0.0193  gain=+0.0000  |dz|=0.065  11.9 it/s
step  42250  L=0.1172  src=0.0678  tgt=0.0247  trans=0.0247  gain=+0.0000  |dz|=0.064  11.9 it/s
step  42300  L=0.0778  src=0.0495  tgt=0.0142  trans=0.0142  gain=+0.0000  |dz|=0.064  11.9 it/s
step  42350  L=0.0741  src=0.0482  tgt=0.0129  trans=0.0129  gain=+0.0000  |dz|=0.064  11.9 it/s
step  42400  L=0.1304  src=0.0607  tgt=0.0349  trans=0.0348  gain=+0.0000  |dz|=0.063  11.9 it/s
step  42450  L=0.1271  src=0.0695  tgt=0.0288  trans=0.0288  gain=-0.0000  |dz|=0.063  11.9 it/s
step  42500  L=0.1035  src=0.0616  tgt=0.0210  trans=0.0209  gain=+0.0000  |dz|=0.064  11.9 it/s
step  42550  L=0.1150  src=0.0518  tgt=0.0316  trans=0.0316  gain=+0.0000  |dz|=0.067  11.9 it/s
step  42600  L=0.0691  src=0.0317  tgt=0.0187  trans=0.0187  gain=+0.0000  |dz|=0.065  11.9 it/s
step  42650  L=0.1196  src=0.0692  tgt=0.0252  trans=0.0252  gain=+0.0000  |dz|=0.064  11.9 it/s
step  42700  L=0.1357  src=0.0737  tgt=0.0310  trans=0.0310  gain=+0.0000  |dz|=0.064  11.9 it/s
step  42750  L=0.1516  src=0.0756  tgt=0.0380  trans=0.0380  gain=-0.0000  |dz|=0.063  11.9 it/s
step  42800  L=0.0584  src=0.0389  tgt=0.0098  trans=0.0098  gain=+0.0000  |dz|=0.062  11.9 it/s
step  42850  L=0.0750  src=0.0363  tgt=0.0194  trans=0.0193  gain=+0.0000  |dz|=0.062  11.9 it/s
step  42900  L=0.0665  src=0.0277  tgt=0.0194  trans=0.0194  gain=-0.0000  |dz|=0.064  11.9 it/s
step  42950  L=0.0781  src=0.0368  tgt=0.0206  trans=0.0207  gain=-0.0000  |dz|=0.063  11.9 it/s
step  43000  L=0.1040  src=0.0628  tgt=0.0206  trans=0.0206  gain=+0.0000  |dz|=0.064  11.9 it/s
  [诊断 @ 43000] loss_correct=0.0254  loss_zero=0.0256  loss_shuffled=0.0255  loss_random=0.0256  loss_target_only=0.0254  r_basis=0.0107  |dz_transport|=0.0640  z_s_vs_enc_rel=1.4932  z_spread_rel=0.3878  gain_vs_zero=0.0002  gain_vs_shuffled=0.0000  gain_vs_target_only=0.0000
step  43050  L=0.0938  src=0.0349  tgt=0.0295  trans=0.0295  gain=-0.0000  |dz|=0.064  11.9 it/s
step  43100  L=0.1221  src=0.0542  tgt=0.0340  trans=0.0339  gain=+0.0000  |dz|=0.067  11.9 it/s
step  43150  L=0.1137  src=0.0745  tgt=0.0196  trans=0.0196  gain=+0.0000  |dz|=0.064  11.9 it/s
step  43200  L=0.1625  src=0.0913  tgt=0.0356  trans=0.0356  gain=-0.0000  |dz|=0.065  11.9 it/s
step  43250  L=0.1095  src=0.0572  tgt=0.0262  trans=0.0262  gain=+0.0000  |dz|=0.065  11.9 it/s
step  43300  L=0.0966  src=0.0422  tgt=0.0272  trans=0.0272  gain=-0.0000  |dz|=0.064  11.9 it/s
step  43350  L=0.1090  src=0.0573  tgt=0.0259  trans=0.0258  gain=+0.0001  |dz|=0.064  11.9 it/s
step  43400  L=0.0858  src=0.0562  tgt=0.0148  trans=0.0148  gain=-0.0000  |dz|=0.065  11.9 it/s
step  43450  L=0.0831  src=0.0495  tgt=0.0168  trans=0.0168  gain=-0.0000  |dz|=0.063  11.9 it/s
step  43500  L=0.0836  src=0.0414  tgt=0.0211  trans=0.0211  gain=+0.0000  |dz|=0.066  11.9 it/s
step  43550  L=0.0700  src=0.0372  tgt=0.0164  trans=0.0164  gain=-0.0000  |dz|=0.064  11.9 it/s
step  43600  L=0.0884  src=0.0484  tgt=0.0200  trans=0.0200  gain=-0.0000  |dz|=0.066  11.9 it/s
step  43650  L=0.0912  src=0.0395  tgt=0.0258  trans=0.0258  gain=+0.0000  |dz|=0.065  11.9 it/s
step  43700  L=0.0928  src=0.0385  tgt=0.0272  trans=0.0272  gain=+0.0000  |dz|=0.063  11.9 it/s
step  43750  L=0.1113  src=0.0635  tgt=0.0239  trans=0.0239  gain=-0.0000  |dz|=0.063  11.9 it/s
step  43800  L=0.1235  src=0.0415  tgt=0.0410  trans=0.0410  gain=-0.0000  |dz|=0.066  11.9 it/s
step  43850  L=0.1142  src=0.0519  tgt=0.0312  trans=0.0311  gain=+0.0000  |dz|=0.065  11.9 it/s
step  43900  L=0.1159  src=0.0517  tgt=0.0321  trans=0.0321  gain=+0.0000  |dz|=0.066  11.9 it/s
step  43950  L=0.0800  src=0.0364  tgt=0.0218  trans=0.0218  gain=+0.0000  |dz|=0.063  11.9 it/s
step  44000  L=0.1025  src=0.0381  tgt=0.0322  trans=0.0322  gain=+0.0000  |dz|=0.066  11.9 it/s
  [诊断 @ 44000] loss_correct=0.0255  loss_zero=0.0257  loss_shuffled=0.0255  loss_random=0.0257  loss_target_only=0.0255  r_basis=0.0109  |dz_transport|=0.0644  z_s_vs_enc_rel=1.4538  z_spread_rel=0.4093  gain_vs_zero=0.0002  gain_vs_shuffled=0.0000  gain_vs_target_only=0.0000
step  44050  L=0.1024  src=0.0658  tgt=0.0183  trans=0.0183  gain=+0.0000  |dz|=0.065  11.9 it/s
step  44100  L=0.1223  src=0.0564  tgt=0.0330  trans=0.0329  gain=+0.0000  |dz|=0.063  11.9 it/s
step  44150  L=0.1066  src=0.0453  tgt=0.0306  trans=0.0306  gain=-0.0000  |dz|=0.064  11.9 it/s
step  44200  L=0.0900  src=0.0428  tgt=0.0236  trans=0.0236  gain=+0.0000  |dz|=0.066  11.9 it/s
step  44250  L=0.0829  src=0.0359  tgt=0.0235  trans=0.0235  gain=+0.0000  |dz|=0.062  11.9 it/s
step  44300  L=0.0569  src=0.0233  tgt=0.0168  trans=0.0168  gain=-0.0000  |dz|=0.065  11.9 it/s
step  44350  L=0.1791  src=0.0770  tgt=0.0511  trans=0.0510  gain=+0.0000  |dz|=0.067  11.9 it/s
step  44400  L=0.1616  src=0.0946  tgt=0.0335  trans=0.0335  gain=-0.0000  |dz|=0.065  11.9 it/s
step  44450  L=0.0936  src=0.0576  tgt=0.0180  trans=0.0180  gain=+0.0000  |dz|=0.066  11.9 it/s
step  44500  L=0.1357  src=0.0604  tgt=0.0377  trans=0.0377  gain=+0.0000  |dz|=0.064  11.9 it/s
step  44550  L=0.0784  src=0.0382  tgt=0.0201  trans=0.0201  gain=-0.0000  |dz|=0.064  11.9 it/s
step  44600  L=0.1235  src=0.0623  tgt=0.0306  trans=0.0306  gain=-0.0000  |dz|=0.064  11.9 it/s
step  44650  L=0.1023  src=0.0705  tgt=0.0159  trans=0.0159  gain=-0.0000  |dz|=0.064  11.9 it/s
step  44700  L=0.0972  src=0.0533  tgt=0.0219  trans=0.0219  gain=+0.0000  |dz|=0.067  11.9 it/s
step  44750  L=0.0945  src=0.0450  tgt=0.0248  trans=0.0248  gain=+0.0000  |dz|=0.067  11.9 it/s
step  44800  L=0.0700  src=0.0320  tgt=0.0191  trans=0.0190  gain=+0.0001  |dz|=0.064  11.9 it/s
step  44850  L=0.1437  src=0.0702  tgt=0.0367  trans=0.0367  gain=+0.0000  |dz|=0.066  11.9 it/s
step  44900  L=0.0997  src=0.0572  tgt=0.0213  trans=0.0213  gain=-0.0000  |dz|=0.062  11.9 it/s
step  44950  L=0.1445  src=0.0881  tgt=0.0282  trans=0.0281  gain=+0.0001  |dz|=0.066  11.9 it/s
step  45000  L=0.1123  src=0.0640  tgt=0.0242  trans=0.0241  gain=+0.0000  |dz|=0.066  11.9 it/s
  [诊断 @ 45000] loss_correct=0.0260  loss_zero=0.0261  loss_shuffled=0.0260  loss_random=0.0262  loss_target_only=0.0260  r_basis=0.0106  |dz_transport|=0.0648  z_s_vs_enc_rel=1.4912  z_spread_rel=0.2758  gain_vs_zero=0.0001  gain_vs_shuffled=0.0000  gain_vs_target_only=0.0000
  已保存 C:\T1D Meta Learning\code\python\meta-diffusion\checkpoints\cifar_ds_blur_step45000.pt
step  45050  L=0.0793  src=0.0293  tgt=0.0250  trans=0.0250  gain=-0.0000  |dz|=0.064  11.9 it/s
step  45100  L=0.1075  src=0.0628  tgt=0.0224  trans=0.0224  gain=+0.0000  |dz|=0.064  11.9 it/s
step  45150  L=0.0957  src=0.0495  tgt=0.0231  trans=0.0231  gain=-0.0000  |dz|=0.065  11.9 it/s
step  45200  L=0.1199  src=0.0421  tgt=0.0389  trans=0.0389  gain=+0.0000  |dz|=0.067  11.9 it/s
step  45250  L=0.1517  src=0.0822  tgt=0.0347  trans=0.0347  gain=+0.0000  |dz|=0.066  11.9 it/s
step  45300  L=0.0625  src=0.0377  tgt=0.0124  trans=0.0124  gain=+0.0000  |dz|=0.063  11.9 it/s
step  45350  L=0.0793  src=0.0324  tgt=0.0234  trans=0.0234  gain=-0.0000  |dz|=0.062  11.9 it/s
step  45400  L=0.0512  src=0.0183  tgt=0.0164  trans=0.0164  gain=-0.0000  |dz|=0.065  11.9 it/s
step  45450  L=0.0988  src=0.0603  tgt=0.0192  trans=0.0192  gain=+0.0000  |dz|=0.063  11.9 it/s
step  45500  L=0.0728  src=0.0363  tgt=0.0183  trans=0.0182  gain=+0.0000  |dz|=0.064  11.9 it/s
step  45550  L=0.0835  src=0.0310  tgt=0.0262  trans=0.0262  gain=+0.0000  |dz|=0.066  11.9 it/s
step  45600  L=0.1198  src=0.0702  tgt=0.0248  trans=0.0248  gain=+0.0000  |dz|=0.065  11.9 it/s
step  45650  L=0.1258  src=0.0531  tgt=0.0364  trans=0.0364  gain=-0.0000  |dz|=0.066  11.9 it/s
step  45700  L=0.1011  src=0.0543  tgt=0.0234  trans=0.0234  gain=-0.0000  |dz|=0.065  11.9 it/s
step  45750  L=0.1254  src=0.0404  tgt=0.0425  trans=0.0425  gain=+0.0000  |dz|=0.066  11.9 it/s
step  45800  L=0.0993  src=0.0509  tgt=0.0242  trans=0.0242  gain=+0.0000  |dz|=0.065  11.9 it/s
step  45850  L=0.0923  src=0.0491  tgt=0.0216  trans=0.0216  gain=+0.0000  |dz|=0.064  11.9 it/s
step  45900  L=0.0596  src=0.0295  tgt=0.0151  trans=0.0151  gain=+0.0000  |dz|=0.063  11.9 it/s
step  45950  L=0.1017  src=0.0551  tgt=0.0233  trans=0.0233  gain=+0.0000  |dz|=0.065  11.9 it/s
step  46000  L=0.1029  src=0.0625  tgt=0.0202  trans=0.0202  gain=-0.0000  |dz|=0.065  11.9 it/s
  [诊断 @ 46000] loss_correct=0.0319  loss_zero=0.0321  loss_shuffled=0.0319  loss_random=0.0321  loss_target_only=0.0320  r_basis=0.0121  |dz_transport|=0.0652  z_s_vs_enc_rel=1.3101  z_spread_rel=0.3516  gain_vs_zero=0.0002  gain_vs_shuffled=0.0000  gain_vs_target_only=0.0001
step  46050  L=0.0994  src=0.0517  tgt=0.0238  trans=0.0238  gain=+0.0000  |dz|=0.065  11.9 it/s
step  46100  L=0.1171  src=0.0521  tgt=0.0325  trans=0.0325  gain=+0.0000  |dz|=0.067  11.9 it/s
step  46150  L=0.1043  src=0.0439  tgt=0.0302  trans=0.0302  gain=-0.0000  |dz|=0.064  11.9 it/s
step  46200  L=0.0761  src=0.0274  tgt=0.0243  trans=0.0244  gain=-0.0000  |dz|=0.066  11.9 it/s
step  46250  L=0.0784  src=0.0328  tgt=0.0228  trans=0.0228  gain=-0.0000  |dz|=0.064  11.9 it/s
step  46300  L=0.0953  src=0.0342  tgt=0.0305  trans=0.0305  gain=+0.0000  |dz|=0.064  11.9 it/s
step  46350  L=0.1414  src=0.0786  tgt=0.0314  trans=0.0314  gain=-0.0000  |dz|=0.066  11.9 it/s
step  46400  L=0.0940  src=0.0464  tgt=0.0238  trans=0.0238  gain=-0.0000  |dz|=0.064  11.9 it/s
step  46450  L=0.0758  src=0.0463  tgt=0.0147  trans=0.0148  gain=-0.0000  |dz|=0.066  11.9 it/s
step  46500  L=0.0982  src=0.0609  tgt=0.0186  trans=0.0187  gain=-0.0000  |dz|=0.066  11.9 it/s
step  46550  L=0.1392  src=0.0668  tgt=0.0362  trans=0.0362  gain=+0.0000  |dz|=0.065  11.9 it/s
step  46600  L=0.1778  src=0.1091  tgt=0.0344  trans=0.0344  gain=+0.0000  |dz|=0.065  11.9 it/s
step  46650  L=0.0907  src=0.0466  tgt=0.0220  trans=0.0220  gain=+0.0000  |dz|=0.063  11.9 it/s
step  46700  L=0.1056  src=0.0672  tgt=0.0192  trans=0.0192  gain=-0.0000  |dz|=0.066  11.9 it/s
step  46750  L=0.0732  src=0.0264  tgt=0.0234  trans=0.0234  gain=-0.0000  |dz|=0.065  11.9 it/s
step  46800  L=0.1188  src=0.0876  tgt=0.0156  trans=0.0156  gain=+0.0000  |dz|=0.066  11.9 it/s
step  46850  L=0.1165  src=0.0738  tgt=0.0214  trans=0.0214  gain=+0.0001  |dz|=0.066  11.9 it/s
step  46900  L=0.0870  src=0.0398  tgt=0.0236  trans=0.0236  gain=+0.0000  |dz|=0.066  11.9 it/s
step  46950  L=0.0783  src=0.0432  tgt=0.0176  trans=0.0176  gain=+0.0000  |dz|=0.068  11.9 it/s
step  47000  L=0.1034  src=0.0478  tgt=0.0278  trans=0.0278  gain=+0.0000  |dz|=0.065  11.9 it/s
  [诊断 @ 47000] loss_correct=0.0272  loss_zero=0.0274  loss_shuffled=0.0273  loss_random=0.0274  loss_target_only=0.0272  r_basis=0.0113  |dz_transport|=0.0651  z_s_vs_enc_rel=1.4778  z_spread_rel=0.3396  gain_vs_zero=0.0002  gain_vs_shuffled=0.0000  gain_vs_target_only=0.0000
step  47050  L=0.1033  src=0.0511  tgt=0.0261  trans=0.0261  gain=-0.0000  |dz|=0.066  11.9 it/s
step  47100  L=0.1213  src=0.0639  tgt=0.0287  trans=0.0287  gain=+0.0000  |dz|=0.066  11.9 it/s
step  47150  L=0.1013  src=0.0497  tgt=0.0258  trans=0.0258  gain=-0.0000  |dz|=0.066  11.9 it/s
step  47200  L=0.1239  src=0.0529  tgt=0.0355  trans=0.0355  gain=-0.0000  |dz|=0.067  11.9 it/s
step  47250  L=0.1047  src=0.0568  tgt=0.0239  trans=0.0239  gain=+0.0000  |dz|=0.066  11.9 it/s
step  47300  L=0.0954  src=0.0404  tgt=0.0275  trans=0.0275  gain=+0.0000  |dz|=0.065  11.9 it/s
step  47350  L=0.1120  src=0.0661  tgt=0.0229  trans=0.0229  gain=-0.0000  |dz|=0.066  11.9 it/s
step  47400  L=0.0839  src=0.0313  tgt=0.0263  trans=0.0263  gain=-0.0000  |dz|=0.066  11.9 it/s
step  47450  L=0.0863  src=0.0423  tgt=0.0220  trans=0.0220  gain=-0.0000  |dz|=0.066  11.9 it/s
step  47500  L=0.1466  src=0.0749  tgt=0.0358  trans=0.0359  gain=-0.0000  |dz|=0.065  11.9 it/s
step  47550  L=0.0810  src=0.0430  tgt=0.0190  trans=0.0190  gain=+0.0000  |dz|=0.065  11.9 it/s
step  47600  L=0.0741  src=0.0290  tgt=0.0226  trans=0.0225  gain=+0.0000  |dz|=0.065  11.9 it/s
step  47650  L=0.0817  src=0.0335  tgt=0.0241  trans=0.0241  gain=-0.0000  |dz|=0.062  11.9 it/s
step  47700  L=0.0748  src=0.0299  tgt=0.0224  trans=0.0224  gain=-0.0000  |dz|=0.065  11.9 it/s
step  47750  L=0.0758  src=0.0359  tgt=0.0199  trans=0.0199  gain=+0.0000  |dz|=0.063  11.9 it/s
step  47800  L=0.1036  src=0.0686  tgt=0.0175  trans=0.0175  gain=-0.0000  |dz|=0.065  11.9 it/s
step  47850  L=0.1653  src=0.0597  tgt=0.0528  trans=0.0528  gain=-0.0000  |dz|=0.066  11.9 it/s
step  47900  L=0.1399  src=0.0699  tgt=0.0350  trans=0.0350  gain=-0.0000  |dz|=0.065  11.9 it/s
step  47950  L=0.1052  src=0.0561  tgt=0.0245  trans=0.0245  gain=+0.0000  |dz|=0.067  11.9 it/s
step  48000  L=0.0882  src=0.0488  tgt=0.0197  trans=0.0197  gain=-0.0000  |dz|=0.066  11.9 it/s
  [诊断 @ 48000] loss_correct=0.0237  loss_zero=0.0239  loss_shuffled=0.0237  loss_random=0.0239  loss_target_only=0.0237  r_basis=0.0106  |dz_transport|=0.0651  z_s_vs_enc_rel=1.3774  z_spread_rel=0.3369  gain_vs_zero=0.0002  gain_vs_shuffled=0.0000  gain_vs_target_only=0.0000
step  48050  L=0.1188  src=0.0654  tgt=0.0267  trans=0.0267  gain=-0.0000  |dz|=0.066  11.9 it/s
step  48100  L=0.0860  src=0.0413  tgt=0.0224  trans=0.0224  gain=+0.0000  |dz|=0.066  11.9 it/s
step  48150  L=0.1253  src=0.0824  tgt=0.0215  trans=0.0215  gain=+0.0000  |dz|=0.066  11.9 it/s
step  48200  L=0.0739  src=0.0303  tgt=0.0218  trans=0.0219  gain=-0.0001  |dz|=0.065  11.9 it/s
step  48250  L=0.0851  src=0.0322  tgt=0.0265  trans=0.0265  gain=-0.0000  |dz|=0.065  11.9 it/s
step  48300  L=0.0983  src=0.0522  tgt=0.0231  trans=0.0231  gain=+0.0000  |dz|=0.065  11.9 it/s
step  48350  L=0.1146  src=0.0626  tgt=0.0260  trans=0.0260  gain=+0.0000  |dz|=0.067  11.9 it/s
step  48400  L=0.1182  src=0.0524  tgt=0.0329  trans=0.0329  gain=+0.0000  |dz|=0.065  11.9 it/s
step  48450  L=0.1044  src=0.0488  tgt=0.0278  trans=0.0278  gain=-0.0000  |dz|=0.066  11.9 it/s
step  48500  L=0.1239  src=0.0672  tgt=0.0283  trans=0.0283  gain=+0.0000  |dz|=0.066  11.9 it/s
step  48550  L=0.1330  src=0.0863  tgt=0.0234  trans=0.0234  gain=+0.0000  |dz|=0.066  11.9 it/s
step  48600  L=0.1126  src=0.0305  tgt=0.0411  trans=0.0410  gain=+0.0000  |dz|=0.065  11.9 it/s
step  48650  L=0.1049  src=0.0481  tgt=0.0284  trans=0.0284  gain=-0.0000  |dz|=0.066  11.9 it/s
step  48700  L=0.1092  src=0.0538  tgt=0.0277  trans=0.0277  gain=-0.0000  |dz|=0.064  11.9 it/s
step  48750  L=0.1227  src=0.0681  tgt=0.0273  trans=0.0273  gain=+0.0000  |dz|=0.066  11.9 it/s
step  48800  L=0.0946  src=0.0428  tgt=0.0259  trans=0.0259  gain=+0.0000  |dz|=0.061  11.9 it/s
step  48850  L=0.1019  src=0.0359  tgt=0.0330  trans=0.0330  gain=+0.0000  |dz|=0.066  11.9 it/s
step  48900  L=0.0483  src=0.0253  tgt=0.0115  trans=0.0115  gain=+0.0000  |dz|=0.065  11.9 it/s
step  48950  L=0.1111  src=0.0372  tgt=0.0370  trans=0.0370  gain=-0.0000  |dz|=0.067  11.9 it/s
step  49000  L=0.1176  src=0.0529  tgt=0.0324  trans=0.0324  gain=+0.0000  |dz|=0.068  11.9 it/s
  [诊断 @ 49000] loss_correct=0.0259  loss_zero=0.0261  loss_shuffled=0.0260  loss_random=0.0261  loss_target_only=0.0259  r_basis=0.0108  |dz_transport|=0.0651  z_s_vs_enc_rel=1.4310  z_spread_rel=0.4444  gain_vs_zero=0.0001  gain_vs_shuffled=0.0000  gain_vs_target_only=0.0000
step  49050  L=0.0720  src=0.0397  tgt=0.0161  trans=0.0162  gain=-0.0000  |dz|=0.064  11.9 it/s
step  49100  L=0.1490  src=0.0883  tgt=0.0303  trans=0.0304  gain=-0.0000  |dz|=0.066  11.9 it/s
step  49150  L=0.1346  src=0.0670  tgt=0.0338  trans=0.0338  gain=+0.0000  |dz|=0.067  11.9 it/s
step  49200  L=0.0746  src=0.0390  tgt=0.0178  trans=0.0178  gain=+0.0000  |dz|=0.064  11.9 it/s
step  49250  L=0.1575  src=0.0817  tgt=0.0379  trans=0.0379  gain=+0.0000  |dz|=0.067  11.9 it/s
step  49300  L=0.0802  src=0.0236  tgt=0.0283  trans=0.0283  gain=+0.0000  |dz|=0.065  11.9 it/s
step  49350  L=0.0638  src=0.0325  tgt=0.0157  trans=0.0157  gain=-0.0000  |dz|=0.063  11.9 it/s
step  49400  L=0.0805  src=0.0557  tgt=0.0124  trans=0.0124  gain=+0.0000  |dz|=0.063  11.9 it/s
step  49450  L=0.1396  src=0.0789  tgt=0.0303  trans=0.0304  gain=-0.0000  |dz|=0.064  11.9 it/s
step  49500  L=0.1387  src=0.0752  tgt=0.0318  trans=0.0318  gain=-0.0000  |dz|=0.063  11.9 it/s
step  49550  L=0.1391  src=0.0728  tgt=0.0332  trans=0.0332  gain=-0.0000  |dz|=0.064  11.9 it/s
step  49600  L=0.0671  src=0.0199  tgt=0.0236  trans=0.0236  gain=+0.0000  |dz|=0.065  11.9 it/s
step  49650  L=0.1693  src=0.1188  tgt=0.0253  trans=0.0253  gain=-0.0000  |dz|=0.066  11.9 it/s
step  49700  L=0.1302  src=0.0647  tgt=0.0327  trans=0.0327  gain=-0.0000  |dz|=0.065  11.9 it/s
step  49750  L=0.0958  src=0.0441  tgt=0.0259  trans=0.0259  gain=+0.0000  |dz|=0.066  11.9 it/s
step  49800  L=0.0628  src=0.0295  tgt=0.0167  trans=0.0167  gain=+0.0000  |dz|=0.066  11.9 it/s
step  49850  L=0.1734  src=0.1202  tgt=0.0266  trans=0.0266  gain=-0.0000  |dz|=0.067  11.9 it/s
step  49900  L=0.1009  src=0.0391  tgt=0.0309  trans=0.0309  gain=+0.0000  |dz|=0.067  11.9 it/s
step  49950  L=0.0559  src=0.0338  tgt=0.0111  trans=0.0110  gain=+0.0000  |dz|=0.065  11.9 it/s
step  50000  L=0.1060  src=0.0665  tgt=0.0197  trans=0.0197  gain=+0.0000  |dz|=0.066  11.9 it/s
  [诊断 @ 50000] loss_correct=0.0297  loss_zero=0.0298  loss_shuffled=0.0297  loss_random=0.0299  loss_target_only=0.0297  r_basis=0.0121  |dz_transport|=0.0653  z_s_vs_enc_rel=1.4540  z_spread_rel=0.3234  gain_vs_zero=0.0002  gain_vs_shuffled=0.0000  gain_vs_target_only=0.0000
  已保存 C:\T1D Meta Learning\code\python\meta-diffusion\checkpoints\cifar_ds_blur_step50000.pt

完成,用时 70.3 分钟。日志: C:\T1D Meta Learning\code\python\meta-diffusion\checkpoints\cifar_ds_blur_log.jsonl
